runID,mechineID,sampleID,raw_reads,clean_reads,effective_rate,adapter,raw_len,filter_len,Q20,Q30,GC,mapped_reads,mapped_rate,coverage,avg_depth,on_target_whole,on_target_hotspot,on_target_cyp,on_target_hla_a,on_target_hla_b,uniformity_snp,uniformity_lg,hotspot_cov,hotspot_50_cov,pb_cov,pb_50_cov,hla_a_cov,hla_a_50_cov,hla_b_cov,hla_b_50_cov,hla_c_cov,hla_c_50_cov,var_num,un_p_r,cov,cov_20,cov_30,cov_50,cov_100,cov_200,cov_500,cov_1000,是否合格
PL2402201,-,CN001477-S09-D03-LPD-D502D733,1276016,1262922,0.9897,0.0749,150,138,0.98,0.93,0.53,1118892,0.9839,0.999,3265.19,0.9018,0.446,0.295,0.0461,0.0283,0.9387,0.8481,1,1,0.9997,0.9986,1,0.9985,0.9994,0.9374,0.9997,0.9438,84,0,100.0%(84),100.0%(84),100.0%(84),100.0%(84),100.0%(84),100.0%(84),100.0%(84),97.62%(82),合格
PL2402201,-,LC001881-S02-D01-LPD-D503D744,1439242,1409300,0.9792,0.0923,150,136,0.97,0.92,0.53,1051592,0.9681,0.992,3109.51,0.9052,0.4171,0.3331,0.0342,0.057,0.969,0.8468,1,1,1,0.9991,1,0.9997,0.999,0.9348,0.9352,0.9321,84,0,100.0%(84),100.0%(84),100.0%(84),100.0%(84),100.0%(84),100.0%(84),100.0%(84),97.62%(82),合格
PL2402201,-,LC002134-S01-D01-LPD-D503D721,1615624,1594130,0.9867,0.0876,150,136,0.98,0.94,0.54,1050580,0.9538,1,2998.41,0.8765,0.4364,0.2574,0.0463,0.0613,0.9755,0.9666,1,1,1,0.9995,1,0.9997,1,0.999,1,0.9343,84,0,100.0%(84),100.0%(84),100.0%(84),100.0%(84),100.0%(84),100.0%(84),100.0%(84),98.81%(83),合格
PL2402201,-,LC002136-S01-D01-LPD-D503D722,1683708,1657814,0.9846,0.0899,150,136,0.98,0.93,0.54,1058079,0.9665,0.9966,3099.68,0.8937,0.442,0.2725,0.0485,0.0668,0.9688,0.8287,1,1,0.9999,0.9987,1,0.9997,1,0.9984,0.9992,0.9324,84,0,100.0%(84),100.0%(84),100.0%(84),100.0%(84),100.0%(84),100.0%(84),100.0%(84),98.81%(83),合格
PL2402201,-,LC002160-S01-D01-LPD-D502D741,1299890,1284724,0.9883,0.094,150,135,0.97,0.93,0.52,1136124,0.9816,0.9971,3140.06,0.8936,0.5291,0.2709,0.024,0.0208,0.9556,0.7595,1,1,0.9998,0.9974,1,0.9914,0.9994,0.93,0.9994,0.9304,84,0,100.0%(84),100.0%(84),100.0%(84),100.0%(84),100.0%(84),100.0%(84),100.0%(84),98.81%(83),合格
PL2402201,-,LC002325-S01-D01-LPD-D503D725,1408952,1388502,0.9855,0.1042,150,134,0.97,0.93,0.53,1139903,0.9968,0.9918,3388,0.9445,0.4052,0.3473,0.0885,0.0584,0.9276,0.8147,1,1,1,0.9998,1,0.9997,1,0.9949,0.9514,0.9312,84,0,100.0%(84),100.0%(84),100.0%(84),100.0%(84),100.0%(84),100.0%(84),100.0%(84),97.62%(82),合格
PL2402201,-,LC002328-S01-D01-LPD-D503D726,1323850,1304596,0.9855,0.1039,150,134,0.97,0.93,0.53,1137944,0.9966,0.9967,3410.09,0.9492,0.3985,0.34,0.1008,0.0599,0.9415,0.8066,1,1,1,0.9997,1,0.9936,1,0.999,0.9997,0.9321,84,0,100.0%(84),100.0%(84),100.0%(84),100.0%(84),100.0%(84),100.0%(84),100.0%(84),97.62%(82),合格
PL2402201,-,LC002331-S01-D01-LPD-D503D727,1273938,1256588,0.9864,0.0936,150,135,0.97,0.94,0.54,1164704,0.9976,0.9902,3441.29,0.9457,0.3856,0.3623,0.0915,0.0659,0.9212,0.7607,1,1,1,0.9991,1,0.9997,1,0.9981,0.9349,0.9321,84,0,100.0%(84),100.0%(84),100.0%(84),100.0%(84),100.0%(84),100.0%(84),98.81%(83),96.43%(81),合格
PL2402201,-,LC002348-S01-D01-LPD-D503D728,1363018,1346956,0.9882,0.0772,150,138,0.98,0.94,0.53,1096686,0.9829,0.9964,3143.51,0.8618,0.5279,0.2093,0.0388,0.0399,0.9772,0.9542,1,1,1,0.9996,1,0.9997,1,0.9732,0.9874,0.9324,84,0,100.0%(84),100.0%(84),100.0%(84),100.0%(84),100.0%(84),100.0%(84),100.0%(84),98.81%(83),合格
PL2402201,-,LC002351-S01-D01-LPD-D503D729,1306598,1288644,0.9863,0.0906,150,136,0.98,0.93,0.53,1107598,0.9868,0.9995,3248.77,0.9069,0.4152,0.2993,0.047,0.0762,0.9707,0.9559,1,1,1,0.9995,1,0.9936,1,0.999,0.995,0.9324,84,0,100.0%(84),100.0%(84),100.0%(84),100.0%(84),100.0%(84),100.0%(84),100.0%(84),98.81%(83),合格
PL2402201,-,LC002375-S01-D01-LPD-D503D730,1458932,1428842,0.9794,0.0981,150,135,0.98,0.93,0.52,1036939,0.959,0.9926,3025.21,0.9041,0.4404,0.3319,0.0312,0.057,0.9738,0.7503,1,1,1,0.9986,1,0.9945,1,0.9978,0.9556,0.9321,84,0,100.0%(84),100.0%(84),100.0%(84),100.0%(84),100.0%(84),100.0%(84),100.0%(84),98.81%(83),合格
PL2402201,-,LC002394-S01-D01-LPD-D503D731,1755180,1732260,0.9869,0.0937,150,135,0.97,0.93,0.53,1139262,0.9968,0.998,3448.14,0.9478,0.4135,0.3341,0.079,0.06,0.963,0.8693,1,1,1,0.9998,1,0.9997,1,0.999,0.993,0.8566,84,0,100.0%(84),100.0%(84),100.0%(84),100.0%(84),100.0%(84),100.0%(84),100.0%(84),97.62%(82),合格
PL2402201,-,LC002395-S01-D01-LPD-D503D732,1549930,1528222,0.986,0.1012,150,134,0.97,0.93,0.53,1116638,0.9933,0.9903,3417.29,0.9524,0.4006,0.3673,0.0938,0.0527,0.9559,0.7607,1,1,1,0.9997,1,0.9997,1,0.9652,0.9352,0.9338,84,0,100.0%(84),100.0%(84),100.0%(84),100.0%(84),100.0%(84),100.0%(84),100.0%(84),97.62%(82),合格
PL2402201,-,LC002397-S01-D01-LPD-D503D720,1736656,1715236,0.9877,0.0877,150,136,0.97,0.93,0.53,1112745,0.993,0.9966,3349.52,0.9171,0.5266,0.2406,0.0524,0.0501,0.9757,0.9543,1,1,1,0.9997,1,0.9997,1,0.999,0.9997,0.9324,84,0,100.0%(84),100.0%(84),100.0%(84),100.0%(84),100.0%(84),100.0%(84),100.0%(84),100.0%(84),合格
PL2402201,-,LC002653-S01-D01-LPD-D503D733,1627268,1607516,0.9879,0.0737,150,138,0.98,0.94,0.53,1093553,0.9833,0.9984,3276.6,0.8955,0.5263,0.2218,0.0501,0.0474,0.9767,0.9575,1,1,1,0.9996,1,0.9997,1,0.9958,0.9925,0.9321,84,0,100.0%(84),100.0%(84),100.0%(84),100.0%(84),100.0%(84),100.0%(84),100.0%(84),100.0%(84),合格
PL2402201,-,LC002657-S01-D01-LPD-D503D734,1051504,1030540,0.9801,0.087,150,137,0.97,0.93,0.53,1053315,0.9674,0.9971,3068.78,0.8998,0.5502,0.2313,0.0277,0.0586,0.9769,0.751,1,1,1,0.9984,1,0.9997,1,0.9616,0.9712,0.9368,84,0,100.0%(84),100.0%(84),100.0%(84),100.0%(84),100.0%(84),100.0%(84),100.0%(84),98.81%(83),合格
PL2402201,-,LC002659-S01-D01-LPD-D503D735,1650246,1629854,0.9876,0.0886,150,136,0.97,0.94,0.52,1114812,0.9951,0.9949,3416.82,0.9348,0.5646,0.2253,0.0553,0.0487,0.9739,0.8404,1,1,1,0.9995,1,0.9924,1,0.999,0.9827,0.9318,84,0,100.0%(84),100.0%(84),100.0%(84),100.0%(84),100.0%(84),100.0%(84),100.0%(84),98.81%(83),合格
PL2402201,-,LC002978-S01-D01-LPD-D503D737,1835954,1810732,0.9863,0.0858,150,136,0.97,0.93,0.53,1127350,0.996,0.9966,3447.62,0.9398,0.4663,0.3056,0.0655,0.0531,0.972,0.936,1,1,1,0.9997,1,0.9997,1,0.9987,1,0.9324,84,0,100.0%(84),100.0%(84),100.0%(84),100.0%(84),100.0%(84),100.0%(84),100.0%(84),98.81%(83),合格
PL2402201,-,LC003171-S01-D01-LPD-D503D738,1360862,1341640,0.9859,0.0888,150,136,0.97,0.93,0.53,1110047,0.9963,0.9929,3508.5,0.9622,0.3684,0.4136,0.1008,0.0469,0.9382,0.7947,1,1,1,0.9998,1,0.9997,1,0.9936,0.9634,0.9307,84,0,100.0%(84),100.0%(84),100.0%(84),100.0%(84),100.0%(84),100.0%(84),100.0%(84),96.43%(81),合格
PL2402201,-,LC003178-S01-D01-LPD-D503D739,1349928,1334188,0.9883,0.0946,150,135,0.97,0.93,0.53,1125839,0.9976,0.9966,3435.49,0.9415,0.4823,0.2957,0.0627,0.0593,0.965,0.9011,1,1,1,0.9997,1,0.9997,1,0.999,0.9986,0.9321,84,0,100.0%(84),100.0%(84),100.0%(84),100.0%(84),100.0%(84),100.0%(84),100.0%(84),98.81%(83),合格
PL2402201,-,LC003179-S01-D01-LPD-D503D740,1493832,1474198,0.9869,0.0938,150,135,0.97,0.93,0.52,1082459,0.9847,0.9903,3384.59,0.9497,0.4154,0.3396,0.0941,0.0539,0.9646,0.8176,1,1,1,0.9996,1,0.9997,1,0.999,0.936,0.931,84,0,100.0%(84),100.0%(84),100.0%(84),100.0%(84),100.0%(84),100.0%(84),100.0%(84),98.81%(83),合格
PL2402201,-,LC003181-S01-D01-LPD-D503D741,1429234,1411762,0.9878,0.1024,150,134,0.97,0.93,0.54,1131674,0.9972,0.9966,3370.94,0.932,0.5338,0.2401,0.0592,0.0514,0.9614,0.9207,1,1,1,0.9996,1,0.9997,1,0.9952,1,0.9324,84,0,100.0%(84),100.0%(84),100.0%(84),100.0%(84),100.0%(84),100.0%(84),100.0%(84),96.43%(81),合格
PL2402201,-,LC003182-S01-D01-LPD-D503D742,1407382,1384386,0.9837,0.0917,150,136,0.97,0.93,0.53,1082359,0.9862,0.9965,3385.78,0.947,0.3754,0.3753,0.0906,0.0591,0.9609,0.8679,1,1,1,0.9996,1,0.9997,0.9997,0.9901,0.9992,0.931,84,0,100.0%(84),100.0%(84),100.0%(84),100.0%(84),100.0%(84),100.0%(84),100.0%(84),98.81%(83),合格
241023164810_B121_SKII13126-121-YY2-1-241023164810,B121,LC002351-S01-D01-LPD-D503D729,1064572,961668,0.9033,0.1452,143,129,0.98,0.96,0.51,1051153,0.9891,0.9961,3003.32,0.9137,0.4433,0.3221,0.039,0.0532,0.9495,0.9426,1,1,1,0.9981,1,0.9939,1,0.999,0.9729,0.9324,84,0,100.0%(84),100.0%(84),100.0%(84),100.0%(84),100.0%(84),100.0%(84),100.0%(84),96.43%(81),合格
241023164810_B121_SKII13126-121-YY2-1-241023164810,B121,LC002375-S01-D01-LPD-D503D730,1091206,975908,0.8943,0.1542,143,128,0.98,0.96,0.5,1013701,0.9678,0.9945,2900.17,0.9182,0.4599,0.3582,0.0265,0.0382,0.9508,0.716,1,1,1,0.9952,1,0.9933,1,0.9923,0.9793,0.9321,84,0,100.0%(84),100.0%(84),100.0%(84),100.0%(84),100.0%(84),100.0%(84),98.81%(83),95.24%(80),合格
241023164810_B121_SKII13126-121-YY2-1-241023164810,B121,LC002394-S01-D01-LPD-D503D731,1207622,1094528,0.9063,0.1464,143,129,0.98,0.96,0.51,1117249,0.997,0.9966,3298.32,0.9529,0.4458,0.3578,0.0608,0.0408,0.9402,0.8531,1,1,1,0.999,1,0.9997,1,0.999,0.9997,0.8563,84,0,100.0%(84),100.0%(84),100.0%(84),100.0%(84),100.0%(84),100.0%(84),98.81%(83),95.24%(80),合格
241023164810_B121_SKII13126-121-YY2-1-241023164810,B121,LC002395-S01-D01-LPD-D503D732,1053626,953976,0.9054,0.1559,144,128,0.98,0.96,0.51,1048306,0.9942,0.9931,3127.2,0.957,0.4271,0.3952,0.0704,0.036,0.941,0.7673,1,1,1,0.9992,1,0.9997,1,0.9652,0.9416,0.9338,84,0,100.0%(84),100.0%(84),100.0%(84),100.0%(84),100.0%(84),100.0%(84),97.62%(82),95.24%(80),合格
241023164810_B121_SKII13126-121-YY2-1-241023164810,B121,LC002653-S01-D01-LPD-D503D733,1087382,988584,0.9091,0.1254,144,132,0.98,0.96,0.51,1067946,0.9866,0.996,3153.96,0.9076,0.5592,0.2356,0.0391,0.0333,0.9569,0.9281,1,1,1,0.9987,1,0.9997,1,0.999,0.9807,0.9321,84,0,100.0%(84),100.0%(84),100.0%(84),100.0%(84),100.0%(84),100.0%(84),100.0%(84),97.62%(82),合格
241023164810_B121_SKII13126-121-YY2-1-241023164810,B121,LC002657-S01-D01-LPD-D503D734,892190,799812,0.8965,0.1419,143,130,0.98,0.96,0.51,840321,0.974,0.9907,2399.93,0.9126,0.5783,0.2496,0.0217,0.0368,0.9606,0.6912,1,0.9903,0.9998,0.9849,1,0.9997,1,0.9831,0.9405,0.9368,84,0,100.0%(84),100.0%(84),100.0%(84),100.0%(84),100.0%(84),100.0%(84),100.0%(84),95.24%(80),合格
241023164810_B121_SKII13126-121-YY2-1-241023164810,B121,LC002659-S01-D01-LPD-D503D735,1191610,1084528,0.9101,0.1433,144,130,0.98,0.96,0.51,1099526,0.9961,0.994,3295.9,0.9418,0.588,0.2453,0.0428,0.033,0.9567,0.7574,1,1,1,0.9987,1,0.9936,1,0.9974,0.9732,0.9318,84,0,100.0%(84),100.0%(84),100.0%(84),100.0%(84),100.0%(84),100.0%(84),98.81%(83),98.81%(83),合格
241023164810_B121_SKII13126-121-YY2-1-241023164810,B121,LC002978-S01-D01-LPD-D503D737,1341620,1218508,0.9082,0.1378,143,130,0.98,0.96,0.51,1108994,0.9966,0.9965,3298,0.9444,0.4949,0.3215,0.0506,0.0362,0.9513,0.8992,1,1,1,0.999,1,0.9997,1,0.999,0.9983,0.9318,84,0,100.0%(84),100.0%(84),100.0%(84),100.0%(84),100.0%(84),100.0%(84),100.0%(84),97.62%(82),合格
241023164810_B121_SKII13126-121-YY2-1-241023164810,B121,LC003171-S01-D01-LPD-D503D738,1053052,950490,0.9026,0.1446,144,130,0.98,0.96,0.51,1040195,0.9967,0.9921,3184.82,0.9646,0.394,0.4371,0.0756,0.0307,0.9305,0.7911,1,1,1,0.9992,1,0.9997,1,0.9559,0.9533,0.9304,84,0,100.0%(84),100.0%(84),100.0%(84),100.0%(84),100.0%(84),100.0%(84),100.0%(84),95.24%(80),合格
241023164810_B121_SKII13126-121-YY2-1-241023164810,B121,LC003178-S01-D01-LPD-D503D739,1016712,925222,0.91,0.1487,144,129,0.98,0.96,0.51,1023670,0.9978,0.9965,3046.27,0.9473,0.5117,0.3109,0.0489,0.0416,0.9472,0.8613,1,1,1,0.9989,1,0.9997,1,0.9974,0.9989,0.9315,84,0,100.0%(84),100.0%(84),100.0%(84),100.0%(84),100.0%(84),100.0%(84),98.81%(83),95.24%(80),合格
241023164810_B121_SKII13126-121-YY2-1-241023164810,B121,CN001477-S09-D03-LPD-D502D733,817198,742570,0.9087,0.1281,144,131,0.98,0.96,0.51,819785,0.9872,0.9963,2360.07,0.9149,0.475,0.3123,0.0396,0.0192,0.9107,0.8395,1,1,0.9997,0.9958,1,0.9979,0.999,0.9172,1,0.934,84,0,100.0%(84),100.0%(84),100.0%(84),100.0%(84),100.0%(84),100.0%(84),95.24%(80),90.48%(76),合格
241023164810_B121_SKII13126-121-YY2-1-241023164810,B121,LC003179-S01-D01-LPD-D503D740,1073048,970574,0.9045,0.1454,144,130,0.98,0.96,0.5,1042059,0.9879,0.994,3175.1,0.9563,0.4415,0.3708,0.0719,0.0356,0.9418,0.8128,1,1,1,0.9988,1,0.9997,1,0.9911,0.9734,0.931,84,0,100.0%(84),100.0%(84),100.0%(84),100.0%(84),100.0%(84),100.0%(84),98.81%(83),96.43%(81),合格
241023164810_B121_SKII13126-121-YY2-1-241023164810,B121,LC003181-S01-D01-LPD-D503D741,1066144,966880,0.9069,0.1559,143,127,0.98,0.96,0.52,1071778,0.9972,0.9967,3098.72,0.9377,0.5618,0.2539,0.0457,0.0369,0.9479,0.8885,1,1,1,0.9989,1,0.9997,1,0.9952,0.9994,0.9321,84,0,100.0%(84),100.0%(84),100.0%(84),100.0%(84),100.0%(84),100.0%(84),98.81%(83),94.05%(79),合格
241023164810_B121_SKII13126-121-YY2-1-241023164810,B121,LC003182-S01-D01-LPD-D503D742,1072490,968596,0.9031,0.1463,143,129,0.98,0.96,0.51,1038804,0.9889,0.996,3165.24,0.9529,0.4002,0.4044,0.0723,0.0395,0.9404,0.8373,1,1,1,0.9992,1,0.9997,1,0.9978,0.9933,0.9312,84,0,100.0%(84),100.0%(84),100.0%(84),100.0%(84),100.0%(84),100.0%(84),96.43%(81),95.24%(80),合格
241023164810_B121_SKII13126-121-YY2-1-241023164810,B121,LC001881-S02-D01-LPD-D503D744,1097096,986116,0.8988,0.1477,143,129,0.98,0.96,0.51,1035908,0.9755,0.9953,2999.24,0.9157,0.4419,0.3564,0.0299,0.0366,0.9482,0.774,1,1,0.9996,0.996,1,0.9997,0.9984,0.9313,0.9667,0.9318,84,0,100.0%(84),100.0%(84),100.0%(84),100.0%(84),100.0%(84),100.0%(84),100.0%(84),95.24%(80),合格
241023164810_B121_SKII13126-121-YY2-1-241023164810,B121,LC002160-S01-D01-LPD-D502D741,944128,862880,0.9139,0.145,145,129,0.98,0.96,0.5,969262,0.9858,0.9967,2654.77,0.9064,0.5473,0.2852,0.0204,0.0139,0.9309,0.7109,1,1,0.9994,0.9948,0.9997,0.9893,0.9987,0.9054,0.9997,0.9298,84,0,100.0%(84),100.0%(84),100.0%(84),100.0%(84),100.0%(84),100.0%(84),97.62%(82),94.05%(79),合格
241023164810_B121_SKII13126-121-YY2-1-241023164810,B121,LC002397-S01-D01-LPD-D503D720,1291346,1173702,0.9089,0.1361,144,130,0.98,0.96,0.51,1097247,0.9941,0.997,3234.83,0.9265,0.5546,0.2575,0.0414,0.0345,0.9537,0.9214,1,1,1,0.9988,1,0.9997,1,0.999,1,0.9321,84,0,100.0%(84),100.0%(84),100.0%(84),100.0%(84),100.0%(84),100.0%(84),100.0%(84),97.62%(82),合格
241023164810_B121_SKII13126-121-YY2-1-241023164810,B121,LC002134-S01-D01-LPD-D503D721,1123624,1012030,0.9007,0.1414,142,129,0.98,0.96,0.52,1047181,0.9628,0.9967,2952.59,0.8956,0.4724,0.2814,0.038,0.044,0.9507,0.9519,1,1,1,0.9982,1,0.9997,1,0.9994,1,0.9343,84,0,100.0%(84),100.0%(84),100.0%(84),100.0%(84),100.0%(84),100.0%(84),98.81%(83),95.24%(80),合格
241023164810_B121_SKII13126-121-YY2-1-241023164810,B121,LC002136-S01-D01-LPD-D503D722,1077966,971194,0.901,0.1448,143,129,0.98,0.96,0.51,1023984,0.9738,0.9966,2945.75,0.9073,0.4703,0.2979,0.0404,0.0462,0.949,0.8169,1,1,1,0.9975,1,0.9997,1,0.999,1,0.9324,84,0,100.0%(84),100.0%(84),100.0%(84),100.0%(84),100.0%(84),100.0%(84),100.0%(84),94.05%(79),合格
241023164810_B121_SKII13126-121-YY2-1-241023164810,B121,LC002325-S01-D01-LPD-D503D725,1150136,1037544,0.9021,0.1618,143,127,0.98,0.96,0.51,1116141,0.9967,0.9964,3225.11,0.9493,0.4331,0.3756,0.0661,0.0391,0.9275,0.8026,1,1,1,0.9991,1,0.9997,1,0.9962,0.9986,0.9312,84,0,100.0%(84),100.0%(84),100.0%(84),100.0%(84),100.0%(84),100.0%(84),100.0%(84),96.43%(81),合格
241023164810_B121_SKII13126-121-YY2-1-241023164810,B121,LC002328-S01-D01-LPD-D503D726,1076996,974236,0.9046,0.1589,142,127,0.98,0.96,0.51,1085357,0.9969,0.9967,3162.4,0.954,0.426,0.3697,0.0767,0.0408,0.9361,0.7971,1,1,1,0.9991,1,0.9933,1,0.9911,1,0.9315,84,0,100.0%(84),100.0%(84),100.0%(84),100.0%(84),100.0%(84),100.0%(84),97.62%(82),95.24%(80),合格
241023164810_B121_SKII13126-121-YY2-1-241023164810,B121,LC002331-S01-D01-LPD-D503D727,967592,873094,0.9023,0.1507,142,128,0.98,0.96,0.52,990492,0.9976,0.9902,2845.78,0.9495,0.4108,0.3916,0.0688,0.0448,0.9123,0.7382,1,1,1,0.9839,1,0.9997,1,0.9978,0.9352,0.9318,84,0,100.0%(84),100.0%(84),100.0%(84),100.0%(84),100.0%(84),100.0%(84),97.62%(82),92.86%(78),合格
241023164810_B121_SKII13126-121-YY2-1-241023164810,B121,LC002348-S01-D01-LPD-D503D728,1025308,932568,0.9095,0.1298,144,132,0.98,0.96,0.51,1012262,0.987,0.9947,2875.05,0.8779,0.5589,0.2218,0.0301,0.0288,0.9599,0.9202,1,1,1,0.9986,1,0.9997,1,0.9757,0.981,0.9318,84,0,100.0%(84),100.0%(84),100.0%(84),100.0%(84),100.0%(84),100.0%(84),100.0%(84),98.81%(83),合格
241024151121_B115_SKII13133-115-YY2-1-241024151122,B115,LC002351-S01-D01-LPD-D503D729,1076542,976662,0.9072,0.1468,144,129,0.98,0.96,0.51,1067182,0.9892,1,3045.3,0.9139,0.4474,0.3209,0.0379,0.0522,0.9486,0.9384,1,1,1,0.9983,1,0.9945,1,0.999,0.9997,0.9324,84,0,100.0%(84),100.0%(84),100.0%(84),100.0%(84),100.0%(84),100.0%(84),98.81%(83),95.24%(80),合格
241024151121_B115_SKII13133-115-YY2-1-241024151122,B115,LC002375-S01-D01-LPD-D503D730,1112252,999266,0.8984,0.1556,144,129,0.98,0.96,0.5,1038782,0.9688,0.9939,2967.17,0.9181,0.4604,0.3594,0.0262,0.0371,0.949,0.7054,1,1,0.9995,0.9949,1,0.9939,1,0.9885,0.9734,0.9324,84,0,100.0%(84),100.0%(84),100.0%(84),100.0%(84),100.0%(84),100.0%(84),98.81%(83),95.24%(80),合格
241024151121_B115_SKII13133-115-YY2-1-241024151122,B115,LC002394-S01-D01-LPD-D503D731,1230806,1121046,0.9108,0.1476,144,129,0.98,0.96,0.51,1115046,0.9968,0.9966,3292.35,0.953,0.45,0.3578,0.0594,0.0395,0.9415,0.8494,1,1,1,0.999,1,0.9997,1,0.999,1,0.8563,84,0,100.0%(84),100.0%(84),100.0%(84),100.0%(84),100.0%(84),100.0%(84),97.62%(82),95.24%(80),合格
241024151121_B115_SKII13133-115-YY2-1-241024151122,B115,LC002395-S01-D01-LPD-D503D732,1075724,978730,0.9098,0.1577,145,128,0.98,0.96,0.51,1073736,0.9939,0.997,3202.7,0.9574,0.4292,0.396,0.0693,0.0346,0.9406,0.7628,1,1,1,0.999,1,0.9997,1,0.9412,0.9913,0.9329,84,0,100.0%(84),100.0%(84),100.0%(84),100.0%(84),100.0%(84),100.0%(84),97.62%(82),95.24%(80),合格
241024151121_B115_SKII13133-115-YY2-1-241024151122,B115,LC002653-S01-D01-LPD-D503D733,1093096,998742,0.9137,0.1263,144,132,0.98,0.96,0.51,1078888,0.9865,0.9966,3188.35,0.9089,0.562,0.2341,0.039,0.0331,0.9532,0.9276,1,1,1,0.9986,1,0.9997,1,0.999,0.9997,0.9318,84,0,100.0%(84),100.0%(84),100.0%(84),100.0%(84),100.0%(84),100.0%(84),100.0%(84),97.62%(82),合格
241024151121_B115_SKII13133-115-YY2-1-241024151122,B115,LC002657-S01-D01-LPD-D503D734,905654,815168,0.9001,0.1428,143,130,0.98,0.96,0.51,856227,0.9737,0.9907,2442.65,0.9125,0.5805,0.2501,0.0212,0.0353,0.9603,0.6804,1,0.9903,0.9998,0.9696,1,0.9997,1,0.9668,0.9413,0.9368,84,0,100.0%(84),100.0%(84),100.0%(84),100.0%(84),100.0%(84),100.0%(84),100.0%(84),96.43%(81),合格
241024151121_B115_SKII13133-115-YY2-1-241024151122,B115,LC002659-S01-D01-LPD-D503D735,1214596,1111084,0.9148,0.144,145,130,0.98,0.96,0.51,1097938,0.996,0.9929,3293.1,0.9424,0.5902,0.2467,0.0412,0.032,0.9565,0.7619,1,1,1,0.9982,1,0.9911,1,0.9978,0.9628,0.9321,84,0,100.0%(84),100.0%(84),100.0%(84),100.0%(84),100.0%(84),100.0%(84),98.81%(83),97.62%(82),合格
241024151121_B115_SKII13133-115-YY2-1-241024151122,B115,LC002978-S01-D01-LPD-D503D737,1345698,1227414,0.9121,0.1386,143,130,0.98,0.96,0.51,1108674,0.9964,0.9974,3301.28,0.9448,0.4989,0.3203,0.0491,0.0353,0.9525,0.8922,1,1,1,0.999,1,0.9997,1,0.999,1,0.9318,84,0,100.0%(84),100.0%(84),100.0%(84),100.0%(84),100.0%(84),100.0%(84),100.0%(84),96.43%(81),合格
241024151121_B115_SKII13133-115-YY2-1-241024151122,B115,LC003171-S01-D01-LPD-D503D738,1075852,976486,0.9076,0.1455,144,130,0.98,0.96,0.51,1067142,0.9965,0.994,3272.56,0.9648,0.3952,0.4387,0.0738,0.0302,0.9273,0.7932,1,1,1,0.9992,1,0.9997,0.9997,0.9837,0.9746,0.9304,84,0,100.0%(84),100.0%(84),100.0%(84),100.0%(84),100.0%(84),100.0%(84),98.81%(83),95.24%(80),合格
241024151121_B115_SKII13133-115-YY2-1-241024151122,B115,LC003178-S01-D01-LPD-D503D739,1033720,946018,0.9152,0.1495,145,129,0.98,0.96,0.51,1045914,0.9976,0.9938,3114.19,0.9483,0.5124,0.3124,0.048,0.0415,0.9467,0.8617,1,1,1,0.999,1,0.9997,1,0.9978,0.9712,0.9315,84,0,100.0%(84),100.0%(84),100.0%(84),100.0%(84),100.0%(84),100.0%(84),98.81%(83),95.24%(80),合格
241024151121_B115_SKII13133-115-YY2-1-241024151122,B115,CN001477-S09-D03-LPD-D502D733,824864,753636,0.9136,0.129,144,132,0.98,0.96,0.51,832185,0.9874,0.9994,2396.44,0.9149,0.4769,0.3126,0.0389,0.0185,0.9115,0.8364,1,1,0.9998,0.9963,1,0.9982,0.9994,0.9147,0.9997,0.9424,84,0,100.0%(84),100.0%(84),100.0%(84),100.0%(84),100.0%(84),100.0%(84),96.43%(81),91.67%(77),合格
241024151121_B115_SKII13133-115-YY2-1-241024151122,B115,LC003179-S01-D01-LPD-D503D740,1100024,998862,0.908,0.1467,144,130,0.98,0.96,0.5,1070994,0.9874,0.9935,3261.06,0.9565,0.4437,0.3726,0.069,0.035,0.9413,0.8147,1,1,1,0.9987,1,0.9997,1,0.999,0.9695,0.931,84,0,100.0%(84),100.0%(84),100.0%(84),100.0%(84),100.0%(84),100.0%(84),98.81%(83),96.43%(81),合格
241024151121_B115_SKII13133-115-YY2-1-241024151122,B115,LC003181-S01-D01-LPD-D503D741,1082758,986066,0.9107,0.1563,143,127,0.98,0.96,0.52,1091711,0.997,0.9966,3160.12,0.9381,0.5639,0.2546,0.0445,0.0363,0.9492,0.8821,1,1,1,0.9988,1,0.9997,1,0.9885,0.9994,0.9321,84,0,100.0%(84),100.0%(84),100.0%(84),100.0%(84),100.0%(84),100.0%(84),98.81%(83),94.05%(79),合格
241024151121_B115_SKII13133-115-YY2-1-241024151122,B115,LC003182-S01-D01-LPD-D503D742,1089464,987284,0.9062,0.147,144,129,0.98,0.96,0.51,1057757,0.9887,0.9964,3220.49,0.9529,0.4035,0.4036,0.0705,0.0389,0.9393,0.8318,1,1,1,0.999,1,0.9997,1,0.9984,0.9989,0.9312,84,0,100.0%(84),100.0%(84),100.0%(84),100.0%(84),100.0%(84),100.0%(84),97.62%(82),95.24%(80),合格
241024151121_B115_SKII13133-115-YY2-1-241024151122,B115,LC001881-S02-D01-LPD-D503D744,1109392,1001886,0.9031,0.1492,143,129,0.98,0.96,0.51,1050299,0.9756,0.9929,3039.12,0.9162,0.4449,0.3568,0.029,0.0352,0.9475,0.7571,1,1,0.9996,0.9962,1,0.9997,0.999,0.9601,0.9584,0.9318,84,0,100.0%(84),100.0%(84),100.0%(84),100.0%(84),100.0%(84),100.0%(84),100.0%(84),95.24%(80),合格
241024151121_B115_SKII13133-115-YY2-1-241024151122,B115,LC002160-S01-D01-LPD-D502D741,961230,882630,0.9182,0.1461,145,130,0.98,0.96,0.5,990214,0.9857,0.9963,2710.56,0.9056,0.5498,0.2836,0.0196,0.0135,0.9307,0.7115,1,1,0.9996,0.9943,0.9997,0.9896,1,0.9089,1,0.9298,84,0,100.0%(84),100.0%(84),100.0%(84),100.0%(84),100.0%(84),100.0%(84),98.81%(83),94.05%(79),合格
241024151121_B115_SKII13133-115-YY2-1-241024151122,B115,LC002397-S01-D01-LPD-D503D720,1302760,1189670,0.9132,0.1372,144,130,0.98,0.96,0.51,1096182,0.9941,0.9967,3233.32,0.9274,0.561,0.2555,0.0398,0.0334,0.9515,0.9096,1,1,1,0.9986,1,0.9997,1,0.999,1,0.9321,84,0,100.0%(84),100.0%(84),100.0%(84),100.0%(84),100.0%(84),100.0%(84),100.0%(84),97.62%(82),合格
241024151121_B115_SKII13133-115-YY2-1-241024151122,B115,LC002134-S01-D01-LPD-D503D721,1140552,1032184,0.905,0.143,143,129,0.98,0.96,0.52,1046005,0.9631,0.9988,2949.58,0.8959,0.4749,0.2822,0.037,0.0428,0.9487,0.9462,1,1,1,0.9981,1,0.9997,1,0.9994,1,0.9343,84,0,100.0%(84),100.0%(84),100.0%(84),100.0%(84),100.0%(84),100.0%(84),98.81%(83),95.24%(80),合格
241024151121_B115_SKII13133-115-YY2-1-241024151122,B115,LC002136-S01-D01-LPD-D503D722,1107080,1001972,0.9051,0.1466,144,129,0.98,0.96,0.51,1051861,0.9736,0.9966,3025.58,0.9082,0.4726,0.2992,0.0398,0.0449,0.9455,0.8144,1,1,0.9999,0.9973,1,0.9997,1,0.999,1,0.9324,84,0,100.0%(84),100.0%(84),100.0%(84),100.0%(84),100.0%(84),100.0%(84),98.81%(83),94.05%(79),合格
241024151121_B115_SKII13133-115-YY2-1-241024151122,B115,LC002325-S01-D01-LPD-D503D725,1163328,1054994,0.9069,0.1627,144,127,0.98,0.96,0.51,1114475,0.9966,0.9964,3223.94,0.9493,0.4343,0.378,0.0651,0.0375,0.922,0.7998,1,1,1,0.999,1,0.9997,1,0.9926,0.9983,0.931,84,0,100.0%(84),100.0%(84),100.0%(84),100.0%(84),100.0%(84),100.0%(84),100.0%(84),96.43%(81),合格
241024151121_B115_SKII13133-115-YY2-1-241024151122,B115,LC002328-S01-D01-LPD-D503D726,1089646,989636,0.9082,0.1599,142,127,0.98,0.96,0.51,1100984,0.9966,0.9946,3208.66,0.9546,0.4283,0.3713,0.075,0.0392,0.9304,0.8032,1,1,1,0.9991,1,0.993,1,0.9904,0.9793,0.9315,84,0,100.0%(84),100.0%(84),100.0%(84),100.0%(84),100.0%(84),100.0%(84),97.62%(82),95.24%(80),合格
241024151121_B115_SKII13133-115-YY2-1-241024151122,B115,LC002331-S01-D01-LPD-D503D727,988018,896212,0.9071,0.1524,143,128,0.98,0.96,0.52,1016544,0.9973,0.9935,2917.79,0.9494,0.4138,0.3916,0.0672,0.0439,0.9053,0.7353,1,1,1,0.987,1,0.9997,1,0.9866,0.969,0.9315,84,0,100.0%(84),100.0%(84),100.0%(84),100.0%(84),100.0%(84),100.0%(84),96.43%(81),92.86%(78),合格
241024151121_B115_SKII13133-115-YY2-1-241024151122,B115,LC002348-S01-D01-LPD-D503D728,1032824,945084,0.915,0.1303,144,132,0.98,0.96,0.51,1025182,0.9869,0.999,2908.62,0.877,0.56,0.2212,0.0293,0.0284,0.9599,0.9146,1,1,1,0.9983,1,0.9997,1,0.984,0.9902,0.9321,84,0,100.0%(84),100.0%(84),100.0%(84),100.0%(84),100.0%(84),100.0%(84),100.0%(84),98.81%(83),合格
241025162532_B116_SKII13141-116-YY2-2-241025162531,B116,LC002351-S01-D01-LPD-D503D729,676386,583814,0.8631,0.1381,141,128,0.97,0.95,0.51,622084,0.9784,0.9966,1727.77,0.9162,0.4528,0.3267,0.0355,0.0488,0.9445,0.9216,1,1,1,0.9972,1,0.9911,1,0.9955,0.9994,0.9321,84,0,100.0%(84),100.0%(84),100.0%(84),100.0%(84),100.0%(84),98.81%(83),97.62%(82),88.1%(74),合格
241025162532_B116_SKII13141-116-YY2-2-241025162531,B116,LC002375-S01-D01-LPD-D503D730,703654,600476,0.8534,0.1467,141,128,0.97,0.96,0.5,611066,0.957,0.9954,1696.21,0.9216,0.4638,0.3658,0.0242,0.0345,0.9467,0.6956,1,1,0.9994,0.9895,1,0.9918,1,0.9565,0.9899,0.9318,84,0,100.0%(84),100.0%(84),100.0%(84),100.0%(84),100.0%(84),98.81%(83),94.05%(79),89.29%(75),合格
241025162532_B116_SKII13141-116-YY2-2-241025162531,B116,LC002394-S01-D01-LPD-D503D731,768928,666358,0.8666,0.1384,142,128,0.97,0.95,0.51,724079,0.9866,0.9938,2077.52,0.954,0.4565,0.3628,0.054,0.0367,0.9388,0.8398,1,1,1,0.9987,1,0.9997,1,0.9901,0.9723,0.8561,84,0,100.0%(84),100.0%(84),100.0%(84),100.0%(84),100.0%(84),98.81%(83),95.24%(80),94.05%(79),合格
241025162532_B116_SKII13141-116-YY2-2-241025162531,B116,LC002395-S01-D01-LPD-D503D732,690484,600086,0.8691,0.1476,143,128,0.97,0.96,0.5,642895,0.9841,0.9934,1863.22,0.9578,0.4326,0.404,0.0621,0.0321,0.9342,0.7524,1,1,1,0.9987,1,0.9991,0.9997,0.8578,0.9349,0.9326,84,0,100.0%(84),100.0%(84),100.0%(84),100.0%(84),100.0%(84),97.62%(82),95.24%(80),86.9%(73),合格
241025162532_B116_SKII13141-116-YY2-2-241025162531,B116,LC002653-S01-D01-LPD-D503D733,683444,594716,0.8702,0.1182,142,131,0.97,0.96,0.51,627262,0.9758,0.9905,1802.07,0.9115,0.5704,0.2381,0.0354,0.0294,0.9542,0.8918,1,1,1,0.9978,1,0.9997,1,0.968,0.9343,0.9315,84,0,100.0%(84),100.0%(84),100.0%(84),100.0%(84),100.0%(84),100.0%(84),97.62%(82),91.67%(77),合格
241025162532_B116_SKII13141-116-YY2-2-241025162531,B116,LC002657-S01-D01-LPD-D503D734,568202,485374,0.8542,0.1349,141,129,0.97,0.96,0.5,497182,0.9618,0.9913,1378.4,0.9155,0.5836,0.2567,0.0191,0.0321,0.9578,0.6475,1,0.9709,0.9995,0.877,1,0.9991,1,0.9204,0.9483,0.9363,84,0,100.0%(84),100.0%(84),100.0%(84),100.0%(84),100.0%(84),100.0%(84),96.43%(81),89.29%(75),合格
241025162532_B116_SKII13141-116-YY2-2-241025162531,B116,LC002659-S01-D01-LPD-D503D735,757888,658428,0.8688,0.1332,142,130,0.97,0.96,0.5,705429,0.9856,0.9948,2052.63,0.9431,0.596,0.2509,0.0371,0.029,0.9507,0.7223,1,1,1,0.998,0.9997,0.9866,1,0.9329,0.9821,0.9307,84,0,100.0%(84),100.0%(84),100.0%(84),100.0%(84),100.0%(84),100.0%(84),97.62%(82),92.86%(78),合格
241025162532_B116_SKII13141-116-YY2-2-241025162531,B116,LC002978-S01-D01-LPD-D503D737,826750,716442,0.8666,0.1289,141,129,0.97,0.95,0.5,773836,0.9858,0.9971,2234.59,0.9452,0.5036,0.3261,0.0449,0.0317,0.951,0.8614,1,1,1,0.9987,1,0.9997,1,0.9978,0.9989,0.9315,84,0,100.0%(84),100.0%(84),100.0%(84),100.0%(84),100.0%(84),100.0%(84),97.62%(82),96.43%(81),合格
241025162532_B116_SKII13141-116-YY2-2-241025162531,B116,LC003171-S01-D01-LPD-D503D738,658832,568344,0.8627,0.1342,141,129,0.97,0.95,0.5,606195,0.9857,0.9922,1796.5,0.9644,0.3998,0.4443,0.0671,0.0274,0.923,0.7802,1,1,1,0.9988,1,0.9994,1,0.8549,0.9558,0.9139,84,0,100.0%(84),100.0%(84),100.0%(84),100.0%(84),100.0%(84),98.81%(83),96.43%(81),88.1%(74),合格
241025162532_B116_SKII13141-116-YY2-2-241025162531,B116,LC003178-S01-D01-LPD-D503D739,656200,571216,0.8705,0.1389,142,129,0.97,0.96,0.51,616538,0.9877,0.9961,1780.99,0.9473,0.5188,0.315,0.0437,0.0376,0.9459,0.839,1,1,1,0.9983,1,0.9994,1,0.9674,0.9958,0.9315,84,0,100.0%(84),100.0%(84),100.0%(84),100.0%(84),100.0%(84),97.62%(82),95.24%(80),86.9%(73),合格
241025162532_B116_SKII13141-116-YY2-2-241025162531,B116,CN001477-S09-D03-LPD-D502D733,521636,453542,0.8695,0.1206,143,131,0.97,0.95,0.51,487652,0.9765,0.9995,1370.04,0.9173,0.4844,0.3155,0.0352,0.0169,0.9071,0.8263,1,1,0.9998,0.9945,1,0.9963,1,0.883,0.9997,0.9329,84,0,100.0%(84),100.0%(84),100.0%(84),100.0%(84),100.0%(84),98.81%(83),92.86%(78),86.9%(73),合格
241025162532_B116_SKII13141-116-YY2-2-241025162531,B116,LC003179-S01-D01-LPD-D503D740,692454,598656,0.8645,0.1371,142,129,0.97,0.95,0.5,627404,0.9769,0.99,1848.64,0.955,0.4467,0.3814,0.0617,0.0307,0.937,0.8037,1,1,1,0.9982,1,0.9994,0.9997,0.9527,0.9346,0.9298,84,0,100.0%(84),100.0%(84),100.0%(84),100.0%(84),100.0%(84),98.81%(83),96.43%(81),88.1%(74),合格
241025162532_B116_SKII13141-116-YY2-2-241025162531,B116,LC003181-S01-D01-LPD-D503D741,679548,589898,0.8681,0.1453,141,127,0.97,0.96,0.51,637104,0.9868,0.9963,1788.68,0.9378,0.5697,0.2575,0.0404,0.0328,0.9477,0.8569,1,1,1,0.9948,1,0.9994,1,0.9629,0.9969,0.9315,84,0,100.0%(84),100.0%(84),100.0%(84),100.0%(84),100.0%(84),98.81%(83),97.62%(82),90.48%(76),合格
241025162532_B116_SKII13141-116-YY2-2-241025162531,B116,LC003182-S01-D01-LPD-D503D742,690668,595920,0.8628,0.1379,141,129,0.97,0.96,0.5,624778,0.9785,0.9964,1845.19,0.9539,0.4065,0.4128,0.0639,0.0355,0.9326,0.8309,1,1,1,0.9984,1,0.9997,1,0.9338,0.9983,0.9307,84,0,100.0%(84),100.0%(84),100.0%(84),100.0%(84),100.0%(84),97.62%(82),95.24%(80),86.9%(73),合格
241025162532_B116_SKII13141-116-YY2-2-241025162531,B116,LC001881-S02-D01-LPD-D503D744,706630,607010,0.859,0.1407,141,128,0.97,0.96,0.5,623733,0.9644,0.99,1754.34,0.919,0.4505,0.3613,0.0272,0.0322,0.9467,0.7438,1,1,0.9999,0.9951,1,0.9991,0.9981,0.9316,0.9354,0.931,84,0,100.0%(84),100.0%(84),100.0%(84),100.0%(84),100.0%(84),98.81%(83),95.24%(80),89.29%(75),合格
241025162532_B116_SKII13141-116-YY2-2-241025162531,B116,LC002160-S01-D01-LPD-D502D741,615144,536022,0.8714,0.1353,144,129,0.97,0.96,0.5,584677,0.9751,0.9955,1567.53,0.9087,0.5493,0.2913,0.0185,0.0122,0.9264,0.6687,1,1,0.9986,0.9905,1,0.9774,0.999,0.8086,0.9989,0.9257,84,0,100.0%(84),100.0%(84),100.0%(84),100.0%(84),100.0%(84),98.81%(83),96.43%(81),88.1%(74),合格
241025162532_B116_SKII13141-116-YY2-2-241025162531,B116,LC002397-S01-D01-LPD-D503D720,835596,728732,0.8721,0.1291,142,130,0.97,0.96,0.5,780381,0.9844,0.9965,2242.83,0.9295,0.5642,0.2619,0.0365,0.0308,0.9504,0.8757,1,1,1,0.998,1,0.9997,1,0.9958,0.9997,0.9315,84,0,100.0%(84),100.0%(84),100.0%(84),100.0%(84),100.0%(84),100.0%(84),97.62%(82),95.24%(80),合格
241025162532_B116_SKII13141-116-YY2-2-241025162531,B116,LC002134-S01-D01-LPD-D503D721,702336,603602,0.8594,0.1335,140,128,0.97,0.95,0.52,616997,0.9518,0.9962,1691.46,0.8994,0.4827,0.2869,0.0343,0.0395,0.949,0.9304,1,1,1,0.9971,1,0.9997,1,0.9936,0.9966,0.9343,84,0,100.0%(84),100.0%(84),100.0%(84),100.0%(84),100.0%(84),97.62%(82),96.43%(81),89.29%(75),合格
241025162532_B116_SKII13141-116-YY2-2-241025162531,B116,LC002136-S01-D01-LPD-D503D722,687002,590810,0.86,0.1373,141,129,0.97,0.95,0.51,608051,0.9628,0.9964,1696.99,0.9112,0.4784,0.3055,0.0368,0.0412,0.9414,0.8002,1,1,0.9996,0.9949,1,0.9997,1,0.9738,1,0.931,84,0,100.0%(84),100.0%(84),100.0%(84),100.0%(84),100.0%(84),97.62%(82),95.24%(80),90.48%(76),合格
241025162532_B116_SKII13141-116-YY2-2-241025162531,B116,LC002325-S01-D01-LPD-D503D725,726748,627420,0.8633,0.1518,141,126,0.97,0.95,0.51,680941,0.9862,0.9933,1913.92,0.9502,0.4404,0.3826,0.0592,0.035,0.9203,0.7933,1,1,1,0.9988,1,0.9991,1,0.9546,0.9667,0.9203,84,0,100.0%(84),100.0%(84),100.0%(84),100.0%(84),100.0%(84),98.81%(83),97.62%(82),90.48%(76),合格
241025162532_B116_SKII13141-116-YY2-2-241025162531,B116,LC002328-S01-D01-LPD-D503D726,690050,597442,0.8658,0.1499,140,126,0.97,0.96,0.51,647747,0.9867,0.9918,1834.23,0.9543,0.4324,0.3772,0.0702,0.0363,0.9242,0.7923,1,1,1,0.9986,1,0.9908,0.9997,0.9789,0.9522,0.9203,84,0,100.0%(84),100.0%(84),100.0%(84),100.0%(84),100.0%(84),97.62%(82),95.24%(80),83.33%(70),合格
241025162532_B116_SKII13141-116-YY2-2-241025162531,B116,LC002331-S01-D01-LPD-D503D727,595302,511186,0.8587,0.1398,140,127,0.97,0.95,0.51,563136,0.9864,0.99,1568.36,0.9499,0.4195,0.3982,0.0615,0.0399,0.9088,0.7149,1,1,1,0.9799,1,0.9994,1,0.9527,0.9346,0.9301,84,0,100.0%(84),100.0%(84),100.0%(84),100.0%(84),100.0%(84),97.62%(82),91.67%(77),85.71%(72),合格
241025162532_B116_SKII13141-116-YY2-2-241025162531,B116,LC002348-S01-D01-LPD-D503D728,647844,564736,0.8717,0.1221,142,131,0.97,0.96,0.51,598775,0.9768,0.9935,1651.45,0.8795,0.5656,0.2244,0.0273,0.0258,0.9595,0.8769,1,1,1,0.9976,1,0.9997,1,0.9313,0.9681,0.9315,84,0,100.0%(84),100.0%(84),100.0%(84),100.0%(84),100.0%(84),100.0%(84),97.62%(82),94.05%(79),合格
241026150107_B121_SKII13147-121-YY2-2-241026150108,B121,LC002351-S01-D01-LPD-D503D729,1057728,958134,0.9058,0.1439,143,129,0.98,0.96,0.51,1047626,0.9893,0.9978,2989.25,0.9141,0.4449,0.3221,0.0387,0.0527,0.9473,0.9415,1,1,1,0.9982,1,0.9945,1,0.999,1,0.9324,84,0,100.0%(84),100.0%(84),100.0%(84),100.0%(84),100.0%(84),100.0%(84),100.0%(84),95.24%(80),合格
241026150107_B121_SKII13147-121-YY2-2-241026150108,B121,LC002375-S01-D01-LPD-D503D730,1092306,979242,0.8965,0.1523,143,129,0.98,0.96,0.5,1018156,0.9684,0.9938,2913.66,0.9194,0.46,0.3588,0.0267,0.0384,0.9506,0.7056,1,1,1,0.9954,1,0.9936,1,0.9914,0.9715,0.9321,84,0,100.0%(84),100.0%(84),100.0%(84),100.0%(84),100.0%(84),100.0%(84),98.81%(83),92.86%(78),合格
241026150107_B121_SKII13147-121-YY2-2-241026150108,B121,LC002394-S01-D01-LPD-D503D731,1202334,1092006,0.9082,0.1452,143,129,0.98,0.96,0.51,1116165,0.9971,0.9966,3297.04,0.9532,0.4465,0.3589,0.0604,0.0403,0.9426,0.8536,1,1,1,0.999,1,0.9997,1,0.999,0.9994,0.8563,84,0,100.0%(84),100.0%(84),100.0%(84),100.0%(84),100.0%(84),100.0%(84),97.62%(82),95.24%(80),合格
241026150107_B121_SKII13147-121-YY2-2-241026150108,B121,LC002395-S01-D01-LPD-D503D732,1056470,959050,0.9078,0.1544,144,128,0.98,0.96,0.51,1054047,0.9942,0.9966,3139.26,0.9574,0.4275,0.3957,0.0705,0.0351,0.9425,0.7687,1,1,1,0.9991,1,0.9997,1,0.9482,1,0.9335,84,0,100.0%(84),100.0%(84),100.0%(84),100.0%(84),100.0%(84),100.0%(84),97.62%(82),94.05%(79),合格
241026150107_B121_SKII13147-121-YY2-2-241026150108,B121,LC002653-S01-D01-LPD-D503D733,1083590,986526,0.9104,0.1239,143,132,0.98,0.96,0.51,1066894,0.9866,0.997,3148.9,0.9083,0.5595,0.2351,0.0394,0.0334,0.9555,0.9336,1,1,1,0.9988,1,0.9997,1,0.9984,0.9992,0.9321,84,0,100.0%(84),100.0%(84),100.0%(84),100.0%(84),100.0%(84),100.0%(84),100.0%(84),97.62%(82),合格
241026150107_B121_SKII13147-121-YY2-2-241026150108,B121,LC002657-S01-D01-LPD-D503D734,892830,802040,0.8983,0.14,143,130,0.98,0.96,0.5,842565,0.9742,0.9937,2405.95,0.9132,0.5773,0.2522,0.0214,0.0363,0.9606,0.6931,1,0.9903,1,0.9852,1,0.9997,1,0.9313,0.9698,0.9368,84,0,100.0%(84),100.0%(84),100.0%(84),100.0%(84),100.0%(84),100.0%(84),100.0%(84),95.24%(80),合格
241026150107_B121_SKII13147-121-YY2-2-241026150108,B121,LC002659-S01-D01-LPD-D503D735,1186924,1081880,0.9115,0.1417,144,130,0.98,0.96,0.51,1097848,0.996,0.9966,3290.18,0.9422,0.5887,0.2461,0.0426,0.0324,0.9566,0.7692,1,1,1,0.9987,1,0.9921,0.9997,0.9987,0.9997,0.9318,84,0,100.0%(84),100.0%(84),100.0%(84),100.0%(84),100.0%(84),100.0%(84),98.81%(83),97.62%(82),合格
241026150107_B121_SKII13147-121-YY2-2-241026150108,B121,LC002978-S01-D01-LPD-D503D737,1336890,1216232,0.9097,0.136,143,130,0.98,0.96,0.51,1108862,0.9966,0.9966,3301.85,0.9446,0.4952,0.3222,0.0503,0.0353,0.9512,0.9007,1,1,1,0.999,1,0.9997,1,0.9952,1,0.9326,84,0,100.0%(84),100.0%(84),100.0%(84),100.0%(84),100.0%(84),100.0%(84),100.0%(84),97.62%(82),合格
241026150107_B121_SKII13147-121-YY2-2-241026150108,B121,LC003171-S01-D01-LPD-D503D738,1056206,956234,0.9053,0.1419,143,130,0.98,0.96,0.51,1046416,0.9966,0.9944,3207.92,0.9643,0.3935,0.4382,0.0753,0.0304,0.9258,0.7893,1,1,1,0.9993,1,0.9997,1,0.9709,0.9779,0.9298,84,0,100.0%(84),100.0%(84),100.0%(84),100.0%(84),100.0%(84),100.0%(84),98.81%(83),96.43%(81),合格
241026150107_B121_SKII13147-121-YY2-2-241026150108,B121,LC003178-S01-D01-LPD-D503D739,1007588,917170,0.9103,0.1467,144,129,0.98,0.96,0.51,1014538,0.9976,0.9965,3015.1,0.947,0.5106,0.3124,0.0489,0.0412,0.9443,0.8573,1,1,1,0.9989,1,0.9997,1,0.9958,0.9992,0.9315,84,0,100.0%(84),100.0%(84),100.0%(84),100.0%(84),100.0%(84),100.0%(84),98.81%(83),95.24%(80),合格
241026150107_B121_SKII13147-121-YY2-2-241026150108,B121,CN001477-S09-D03-LPD-D502D733,817312,744006,0.9103,0.1257,144,132,0.98,0.96,0.51,822439,0.9874,0.9988,2365.09,0.9155,0.4747,0.3135,0.0393,0.019,0.9073,0.8451,1,1,0.9996,0.9964,1,0.9976,0.9997,0.9179,1,0.9444,84,0,100.0%(84),100.0%(84),100.0%(84),100.0%(84),100.0%(84),100.0%(84),96.43%(81),92.86%(78),合格
241026150107_B121_SKII13147-121-YY2-2-241026150108,B121,LC003179-S01-D01-LPD-D503D740,1071822,971204,0.9061,0.1439,144,130,0.98,0.96,0.5,1042875,0.9882,0.9903,3174.88,0.9562,0.4415,0.3721,0.0708,0.0354,0.9405,0.8144,1,1,1,0.9989,1,0.9997,1,0.9974,0.9352,0.931,84,0,100.0%(84),100.0%(84),100.0%(84),100.0%(84),100.0%(84),100.0%(84),98.81%(83),96.43%(81),合格
241026150107_B121_SKII13147-121-YY2-2-241026150108,B121,LC003181-S01-D01-LPD-D503D741,1059150,962306,0.9086,0.1532,143,127,0.98,0.96,0.52,1066811,0.9973,0.9966,3087.46,0.9383,0.5629,0.2548,0.0453,0.0363,0.9487,0.8934,1,1,1,0.9988,1,0.9997,1,0.9847,1,0.9318,84,0,100.0%(84),100.0%(84),100.0%(84),100.0%(84),100.0%(84),100.0%(84),98.81%(83),94.05%(79),合格
241026150107_B121_SKII13147-121-YY2-2-241026150108,B121,LC003182-S01-D01-LPD-D503D742,1072778,971206,0.9053,0.1442,143,129,0.98,0.96,0.51,1041847,0.9891,0.9936,3169.83,0.9529,0.3999,0.4061,0.071,0.0393,0.939,0.8357,1,1,1,0.999,1,0.9997,1,0.999,0.9704,0.9312,84,0,100.0%(84),100.0%(84),100.0%(84),100.0%(84),100.0%(84),100.0%(84),96.43%(81),95.24%(80),合格
241026150107_B121_SKII13147-121-YY2-2-241026150108,B121,LC001881-S02-D01-LPD-D503D744,1094594,985486,0.9003,0.1459,143,129,0.98,0.96,0.51,1035556,0.9755,0.9958,2994.98,0.9165,0.4422,0.3589,0.0294,0.0354,0.9468,0.7863,1,1,0.9998,0.9964,1,0.9997,1,0.9259,0.9707,0.9318,84,0,100.0%(84),100.0%(84),100.0%(84),100.0%(84),100.0%(84),100.0%(84),100.0%(84),95.24%(80),合格
241026150107_B121_SKII13147-121-YY2-2-241026150108,B121,LC002160-S01-D01-LPD-D502D741,941960,861422,0.9145,0.1433,144,129,0.98,0.96,0.5,967871,0.986,0.9963,2644.66,0.9056,0.5466,0.285,0.0205,0.014,0.9321,0.7114,1,1,0.9997,0.9942,1,0.9893,0.999,0.9073,0.9994,0.9298,84,0,100.0%(84),100.0%(84),100.0%(84),100.0%(84),100.0%(84),100.0%(84),97.62%(82),94.05%(79),合格
241026150107_B121_SKII13147-121-YY2-2-241026150108,B121,LC002397-S01-D01-LPD-D503D720,1288798,1172702,0.9099,0.1347,143,130,0.98,0.96,0.51,1096714,0.994,0.9999,3233.51,0.9269,0.5572,0.2571,0.0406,0.0342,0.9525,0.9211,1,1,1,0.9987,1,0.9997,1,0.9984,0.9994,0.9321,84,0,100.0%(84),100.0%(84),100.0%(84),100.0%(84),100.0%(84),100.0%(84),100.0%(84),97.62%(82),合格
241026150107_B121_SKII13147-121-YY2-2-241026150108,B121,LC002134-S01-D01-LPD-D503D721,1118942,1009872,0.9025,0.1396,142,129,0.98,0.96,0.52,1048157,0.9642,0.9966,2959.25,0.8963,0.4724,0.283,0.0378,0.0435,0.9489,0.9495,1,1,1,0.9982,1,0.9997,1,0.999,1,0.9343,84,0,100.0%(84),100.0%(84),100.0%(84),100.0%(84),100.0%(84),100.0%(84),97.62%(82),94.05%(79),合格
241026150107_B121_SKII13147-121-YY2-2-241026150108,B121,LC002136-S01-D01-LPD-D503D722,1073886,968696,0.902,0.1436,143,129,0.98,0.96,0.51,1020944,0.9742,0.9966,2940.24,0.9089,0.47,0.3002,0.0403,0.0459,0.9485,0.8267,1,1,1,0.9976,1,0.9997,1,0.999,1,0.9324,84,0,100.0%(84),100.0%(84),100.0%(84),100.0%(84),100.0%(84),100.0%(84),98.81%(83),94.05%(79),合格
241026150107_B121_SKII13147-121-YY2-2-241026150108,B121,LC002325-S01-D01-LPD-D503D725,1145844,1036934,0.905,0.1599,144,127,0.98,0.96,0.51,1115497,0.9967,0.9969,3227.1,0.9494,0.4323,0.3768,0.0663,0.0388,0.9265,0.8022,1,1,1,0.9991,1,0.9997,1,0.9926,0.9966,0.931,84,0,100.0%(84),100.0%(84),100.0%(84),100.0%(84),100.0%(84),100.0%(84),100.0%(84),96.43%(81),合格
241026150107_B121_SKII13147-121-YY2-2-241026150108,B121,LC002328-S01-D01-LPD-D503D726,1072512,971674,0.906,0.157,142,127,0.98,0.96,0.51,1081630,0.9968,0.9945,3151.38,0.9543,0.4249,0.372,0.0768,0.0404,0.9291,0.7973,1,1,1,0.9992,1,0.9936,1,0.992,0.9788,0.931,84,0,100.0%(84),100.0%(84),100.0%(84),100.0%(84),100.0%(84),100.0%(84),97.62%(82),95.24%(80),合格
241026150107_B121_SKII13147-121-YY2-2-241026150108,B121,LC002331-S01-D01-LPD-D503D727,966310,874604,0.9051,0.1488,142,128,0.98,0.96,0.52,993910,0.9975,0.9902,2854.04,0.9496,0.412,0.3908,0.0693,0.0445,0.9099,0.7393,1,1,1,0.9876,1,0.9997,1,0.9984,0.9357,0.9321,84,0,100.0%(84),100.0%(84),100.0%(84),100.0%(84),100.0%(84),100.0%(84),97.62%(82),91.67%(77),合格
241026150107_B121_SKII13147-121-YY2-2-241026150108,B121,LC002348-S01-D01-LPD-D503D728,1017496,927488,0.9115,0.1284,144,132,0.98,0.96,0.51,1007183,0.987,0.994,2850.03,0.8764,0.5561,0.2226,0.0302,0.0291,0.9574,0.9238,1,1,1,0.9984,1,0.9997,1,0.9789,0.9734,0.9321,84,0,100.0%(84),100.0%(84),100.0%(84),100.0%(84),100.0%(84),100.0%(84),100.0%(84),98.81%(83),合格
241026152151_B115_SKII13148-115-YY2-2-241026152151,B115,LC002351-S01-D01-LPD-D503D729,1063742,963798,0.906,0.1465,143,129,0.98,0.96,0.51,1054595,0.9889,0.996,3013.59,0.9143,0.4476,0.3223,0.0375,0.0515,0.9479,0.9339,1,1,1,0.998,1,0.9924,1,0.999,0.9925,0.9321,84,0,100.0%(84),100.0%(84),100.0%(84),100.0%(84),100.0%(84),100.0%(84),98.81%(83),95.24%(80),合格
241026152151_B115_SKII13148-115-YY2-2-241026152151,B115,LC002375-S01-D01-LPD-D503D730,1093584,981548,0.8976,0.1552,144,129,0.98,0.96,0.5,1020427,0.9678,0.9942,2924.51,0.9194,0.4612,0.36,0.0258,0.0378,0.9486,0.7047,1,1,0.9994,0.9946,1,0.9948,1,0.9904,0.9779,0.9321,84,0,100.0%(84),100.0%(84),100.0%(84),100.0%(84),100.0%(84),100.0%(84),98.81%(83),94.05%(79),合格
241026152151_B115_SKII13148-115-YY2-2-241026152151,B115,LC002394-S01-D01-LPD-D503D731,1204208,1094558,0.9089,0.1473,144,129,0.98,0.96,0.51,1117329,0.9967,0.9967,3303.21,0.9533,0.4512,0.3582,0.0586,0.0392,0.9402,0.851,1,1,1,0.9989,1,0.9997,1,0.999,0.9997,0.8563,84,0,100.0%(84),100.0%(84),100.0%(84),100.0%(84),100.0%(84),100.0%(84),97.62%(82),95.24%(80),合格
241026152151_B115_SKII13148-115-YY2-2-241026152151,B115,LC002395-S01-D01-LPD-D503D732,1063092,965854,0.9085,0.1576,145,128,0.98,0.96,0.51,1061488,0.9939,0.9946,3166.76,0.9573,0.4287,0.3989,0.0676,0.0342,0.9386,0.7623,1,1,1,0.999,1,0.9997,1,0.9537,0.9796,0.9332,84,0,100.0%(84),100.0%(84),100.0%(84),100.0%(84),100.0%(84),100.0%(84),97.62%(82),94.05%(79),合格
241026152151_B115_SKII13148-115-YY2-2-241026152151,B115,LC002653-S01-D01-LPD-D503D733,1081786,986344,0.9118,0.1268,144,132,0.98,0.96,0.51,1066556,0.9863,0.9998,3152.1,0.9086,0.5609,0.2368,0.0382,0.0327,0.9524,0.9219,1,1,1,0.9983,1,0.9997,1,0.9965,0.9983,0.9321,84,0,100.0%(84),100.0%(84),100.0%(84),100.0%(84),100.0%(84),100.0%(84),100.0%(84),97.62%(82),合格
241026152151_B115_SKII13148-115-YY2-2-241026152151,B115,LC002657-S01-D01-LPD-D503D734,893804,804014,0.8995,0.1422,143,130,0.98,0.96,0.5,844996,0.9734,0.9907,2416.57,0.9126,0.5805,0.2511,0.0206,0.035,0.9578,0.672,1,0.9903,0.9996,0.9747,1,0.9997,0.9997,0.9438,0.9407,0.9368,84,0,100.0%(84),100.0%(84),100.0%(84),100.0%(84),100.0%(84),100.0%(84),100.0%(84),95.24%(80),合格
241026152151_B115_SKII13148-115-YY2-2-241026152151,B115,LC002659-S01-D01-LPD-D503D735,1194972,1091232,0.9132,0.1445,145,130,0.98,0.96,0.51,1098670,0.9958,0.9986,3298.02,0.9425,0.5919,0.2468,0.0404,0.0312,0.955,0.7605,1,1,1,0.9984,1,0.9905,1,0.9952,1,0.9315,84,0,100.0%(84),100.0%(84),100.0%(84),100.0%(84),100.0%(84),100.0%(84),98.81%(83),97.62%(82),合格
241026152151_B115_SKII13148-115-YY2-2-241026152151,B115,LC002978-S01-D01-LPD-D503D737,1335342,1216706,0.9112,0.1385,143,130,0.98,0.96,0.51,1109341,0.9963,0.9966,3311.06,0.9454,0.4982,0.3233,0.0484,0.0352,0.9504,0.8909,1,1,1,0.9989,1,0.9997,1,0.999,1,0.9318,84,0,100.0%(84),100.0%(84),100.0%(84),100.0%(84),100.0%(84),100.0%(84),98.81%(83),97.62%(82),合格
241026152151_B115_SKII13148-115-YY2-2-241026152151,B115,LC003171-S01-D01-LPD-D503D738,1057340,957928,0.906,0.1452,144,130,0.98,0.96,0.51,1048690,0.9962,0.9944,3217.82,0.9647,0.3958,0.44,0.0729,0.0293,0.9293,0.7866,1,1,1,0.9992,1,0.9997,1,0.9764,0.9776,0.9298,84,0,100.0%(84),100.0%(84),100.0%(84),100.0%(84),100.0%(84),100.0%(84),98.81%(83),96.43%(81),合格
241026152151_B115_SKII13148-115-YY2-2-241026152151,B115,LC003178-S01-D01-LPD-D503D739,1022420,933052,0.9126,0.1492,145,129,0.98,0.96,0.51,1033325,0.9974,0.9935,3076.77,0.9473,0.5133,0.3122,0.048,0.0406,0.9443,0.8573,1,1,1,0.9989,1,0.9997,1,0.999,0.9679,0.9315,84,0,100.0%(84),100.0%(84),100.0%(84),100.0%(84),100.0%(84),100.0%(84),97.62%(82),95.24%(80),合格
241026152151_B115_SKII13148-115-YY2-2-241026152151,B115,CN001477-S09-D03-LPD-D502D733,815166,744328,0.9131,0.1282,145,132,0.98,0.96,0.51,823590,0.9871,0.9969,2375.97,0.9152,0.478,0.3115,0.0384,0.0187,0.9059,0.8366,1,1,0.9996,0.9958,1,0.9982,0.9994,0.9211,0.9997,0.9388,84,0,100.0%(84),100.0%(84),100.0%(84),100.0%(84),100.0%(84),100.0%(84),95.24%(80),91.67%(77),合格
241026152151_B115_SKII13148-115-YY2-2-241026152151,B115,LC003179-S01-D01-LPD-D503D740,1079054,978454,0.9068,0.146,144,130,0.98,0.96,0.5,1050748,0.9874,0.9901,3204.3,0.9571,0.4453,0.3735,0.0687,0.0341,0.9417,0.8113,1,1,1,0.9987,1,0.9997,1,0.9958,0.9349,0.9307,84,0,100.0%(84),100.0%(84),100.0%(84),100.0%(84),100.0%(84),100.0%(84),98.81%(83),96.43%(81),合格
241026152151_B115_SKII13148-115-YY2-2-241026152151,B115,LC003181-S01-D01-LPD-D503D741,1068956,973028,0.9103,0.1558,143,127,0.98,0.96,0.52,1079416,0.9971,0.9967,3124.75,0.9381,0.5635,0.2564,0.0446,0.0352,0.9489,0.877,1,1,1,0.9984,1,0.9997,1,0.999,1,0.9321,84,0,100.0%(84),100.0%(84),100.0%(84),100.0%(84),100.0%(84),100.0%(84),98.81%(83),95.24%(80),合格
241026152151_B115_SKII13148-115-YY2-2-241026152151,B115,LC003182-S01-D01-LPD-D503D742,1078536,976956,0.9058,0.1465,143,130,0.98,0.96,0.51,1048048,0.9888,0.9964,3197.05,0.9534,0.4022,0.4077,0.069,0.0383,0.9382,0.8324,1,1,1,0.999,1,0.9997,1,0.999,0.9994,0.931,84,0,100.0%(84),100.0%(84),100.0%(84),100.0%(84),100.0%(84),100.0%(84),97.62%(82),95.24%(80),合格
241026152151_B115_SKII13148-115-YY2-2-241026152151,B115,LC001881-S02-D01-LPD-D503D744,1093630,986696,0.9022,0.1484,143,129,0.98,0.96,0.51,1037504,0.9756,0.9935,3010.07,0.9168,0.445,0.3579,0.029,0.0351,0.9464,0.7542,1,1,0.9996,0.996,1,0.9997,0.999,0.9406,0.9709,0.931,84,0,100.0%(84),100.0%(84),100.0%(84),100.0%(84),100.0%(84),100.0%(84),98.81%(83),95.24%(80),合格
241026152151_B115_SKII13148-115-YY2-2-241026152151,B115,LC002160-S01-D01-LPD-D502D741,944402,866406,0.9174,0.1445,145,130,0.98,0.96,0.5,974337,0.9854,0.9988,2673.55,0.9061,0.5494,0.2845,0.0199,0.0135,0.927,0.7061,1,1,0.9994,0.9938,1,0.9884,1,0.9032,0.9997,0.9298,84,0,100.0%(84),100.0%(84),100.0%(84),100.0%(84),100.0%(84),100.0%(84),97.62%(82),95.24%(80),合格
241026152151_B115_SKII13148-115-YY2-2-241026152151,B115,LC002397-S01-D01-LPD-D503D720,1293478,1179348,0.9118,0.137,144,131,0.98,0.96,0.51,1097469,0.9941,0.9966,3241.68,0.9273,0.5594,0.2571,0.0396,0.0335,0.9512,0.9061,1,1,1,0.9988,1,0.9997,1,0.999,1,0.9326,84,0,100.0%(84),100.0%(84),100.0%(84),100.0%(84),100.0%(84),100.0%(84),100.0%(84),97.62%(82),合格
241026152151_B115_SKII13148-115-YY2-2-241026152151,B115,LC002134-S01-D01-LPD-D503D721,1121838,1013066,0.903,0.1423,142,129,0.98,0.96,0.52,1046858,0.9627,0.9998,2956.3,0.8966,0.4769,0.2829,0.0365,0.0422,0.951,0.945,1,1,1,0.9979,1,0.9997,1,0.999,1,0.9343,84,0,100.0%(84),100.0%(84),100.0%(84),100.0%(84),100.0%(84),100.0%(84),97.62%(82),94.05%(79),合格
241026152151_B115_SKII13148-115-YY2-2-241026152151,B115,LC002136-S01-D01-LPD-D503D722,1085442,980534,0.9033,0.1463,143,129,0.98,0.96,0.51,1032951,0.9738,0.9969,2975.64,0.9086,0.4714,0.3009,0.0393,0.0451,0.9452,0.8149,1,1,0.9998,0.9971,1,0.9997,1,0.999,0.9994,0.9321,84,0,100.0%(84),100.0%(84),100.0%(84),100.0%(84),100.0%(84),100.0%(84),97.62%(82),94.05%(79),合格
241026152151_B115_SKII13148-115-YY2-2-241026152151,B115,LC002325-S01-D01-LPD-D503D725,1142650,1033808,0.9047,0.1625,144,127,0.98,0.96,0.51,1116868,0.9964,0.9947,3232.08,0.9497,0.435,0.3785,0.0641,0.0374,0.9229,0.8008,1,1,1,0.999,1,0.9997,1,0.9917,0.9807,0.931,84,0,100.0%(84),100.0%(84),100.0%(84),100.0%(84),100.0%(84),100.0%(84),100.0%(84),96.43%(81),合格
241026152151_B115_SKII13148-115-YY2-2-241026152151,B115,LC002328-S01-D01-LPD-D503D726,1071994,971708,0.9064,0.1596,142,127,0.98,0.96,0.51,1082370,0.9965,0.9966,3158.8,0.9543,0.4275,0.373,0.0741,0.0395,0.9288,0.7923,1,1,1,0.999,1,0.9942,1,0.9898,0.9997,0.9312,84,0,100.0%(84),100.0%(84),100.0%(84),100.0%(84),100.0%(84),100.0%(84),97.62%(82),95.24%(80),合格
241026152151_B115_SKII13148-115-YY2-2-241026152151,B115,LC002331-S01-D01-LPD-D503D727,972592,880856,0.9057,0.152,142,128,0.98,0.96,0.52,1001486,0.9972,0.99,2876.42,0.9497,0.4153,0.3916,0.0664,0.0434,0.9084,0.7335,1,1,1,0.9875,1,0.9997,1,0.9907,0.9343,0.9315,84,0,100.0%(84),100.0%(84),100.0%(84),100.0%(84),100.0%(84),100.0%(84),96.43%(81),92.86%(78),合格
241026152151_B115_SKII13148-115-YY2-2-241026152151,B115,LC002348-S01-D01-LPD-D503D728,1026796,937872,0.9134,0.1307,144,132,0.98,0.96,0.51,1018903,0.9866,0.9944,2890.88,0.8766,0.5603,0.2218,0.0291,0.0281,0.9596,0.9052,1,1,1,0.9981,1,0.9997,1,0.9779,0.9754,0.9321,84,0,100.0%(84),100.0%(84),100.0%(84),100.0%(84),100.0%(84),100.0%(84),100.0%(84),97.62%(82),合格
241027150041_B116_SKII13151-116-YY2-3-241027150041,B116,LC002351-S01-D01-LPD-D503D729,670598,582710,0.8689,0.1422,144,130,0.97,0.95,0.5,621874,0.9793,0.9963,1743.79,0.9146,0.4489,0.3251,0.0373,0.0495,0.9492,0.9392,1,1,1,0.998,1,0.9899,1,0.999,0.9978,0.9315,84,0,100.0%(84),100.0%(84),100.0%(84),100.0%(84),100.0%(84),100.0%(84),97.62%(82),91.67%(77),合格
241027150041_B116_SKII13151-116-YY2-3-241027150041,B116,LC002375-S01-D01-LPD-D503D730,699560,598982,0.8562,0.1517,144,129,0.97,0.95,0.5,609369,0.9576,0.99,1708.6,0.921,0.4627,0.3652,0.0247,0.0348,0.9484,0.693,1,0.9903,0.9998,0.9861,1,0.9933,1,0.9616,0.9338,0.9321,84,0,100.0%(84),100.0%(84),100.0%(84),100.0%(84),100.0%(84),100.0%(84),95.24%(80),90.48%(76),合格
241027150041_B116_SKII13151-116-YY2-3-241027150041,B116,LC002394-S01-D01-LPD-D503D731,767988,669328,0.8715,0.1433,144,129,0.97,0.95,0.51,728019,0.9872,0.9989,2106.55,0.9525,0.4528,0.361,0.0569,0.0377,0.94,0.8557,1,1,1,0.999,1,0.9994,1,0.9952,0.995,0.8561,84,0,100.0%(84),100.0%(84),100.0%(84),100.0%(84),100.0%(84),100.0%(84),96.43%(81),91.67%(77),合格
241027150041_B116_SKII13151-116-YY2-3-241027150041,B116,LC002395-S01-D01-LPD-D503D732,686492,598822,0.8723,0.153,145,128,0.97,0.96,0.5,641725,0.9844,0.9928,1874.51,0.9575,0.4306,0.4016,0.0654,0.0327,0.9405,0.7583,1,1,1,0.9989,1,0.9994,0.9997,0.9054,0.9625,0.9329,84,0,100.0%(84),100.0%(84),100.0%(84),100.0%(84),100.0%(84),100.0%(84),95.24%(80),86.9%(73),合格
241027150041_B116_SKII13151-116-YY2-3-241027150041,B116,LC002653-S01-D01-LPD-D503D733,683552,597834,0.8746,0.1218,144,132,0.97,0.95,0.5,632036,0.9771,0.9912,1829.98,0.9084,0.5639,0.2386,0.0372,0.031,0.9574,0.9149,1,1,1,0.9983,1,0.9997,1,0.9767,0.9458,0.9315,84,0,100.0%(84),100.0%(84),100.0%(84),100.0%(84),100.0%(84),100.0%(84),98.81%(83),92.86%(78),合格
241027150041_B116_SKII13151-116-YY2-3-241027150041,B116,LC002657-S01-D01-LPD-D503D734,562736,483338,0.8589,0.1396,144,130,0.97,0.95,0.5,496883,0.9637,0.9906,1388.45,0.9132,0.5791,0.2566,0.02,0.0336,0.9612,0.665,1,0.9515,0.9998,0.8347,1,0.9896,1,0.9195,0.9402,0.9366,84,0,100.0%(84),100.0%(84),100.0%(84),100.0%(84),100.0%(84),100.0%(84),100.0%(84),90.48%(76),合格
241027150041_B116_SKII13151-116-YY2-3-241027150041,B116,LC002659-S01-D01-LPD-D503D735,751040,655838,0.8732,0.1379,145,131,0.97,0.96,0.5,703314,0.9861,0.99,2063.85,0.9425,0.592,0.2502,0.0399,0.0299,0.9568,0.7426,1,1,0.9998,0.9983,1,0.9893,1,0.9802,0.9338,0.9312,84,0,100.0%(84),100.0%(84),100.0%(84),100.0%(84),100.0%(84),100.0%(84),98.81%(83),92.86%(78),合格
241027150041_B116_SKII13151-116-YY2-3-241027150041,B116,LC002978-S01-D01-LPD-D503D737,821514,715344,0.8708,0.1332,143,130,0.97,0.95,0.5,773257,0.9863,0.9966,2252.54,0.9445,0.4992,0.3246,0.0468,0.0341,0.9539,0.8938,1,1,1,0.9989,1,0.9997,1,0.9917,1,0.9315,84,0,100.0%(84),100.0%(84),100.0%(84),100.0%(84),100.0%(84),100.0%(84),98.81%(83),96.43%(81),合格
241027150041_B116_SKII13151-116-YY2-3-241027150041,B116,LC003171-S01-D01-LPD-D503D738,658110,571326,0.8681,0.1386,144,130,0.97,0.95,0.5,610611,0.9862,0.9946,1829.66,0.9643,0.3974,0.443,0.0701,0.0281,0.9371,0.7878,1,1,1,0.9992,1,0.9994,1,0.8907,0.981,0.9142,84,0,100.0%(84),100.0%(84),100.0%(84),100.0%(84),100.0%(84),100.0%(84),97.62%(82),89.29%(75),合格
241027150041_B116_SKII13151-116-YY2-3-241027150041,B116,LC003178-S01-D01-LPD-D503D739,642412,562446,0.8755,0.1433,145,130,0.97,0.96,0.51,607604,0.9879,0.9964,1772.01,0.9471,0.5144,0.3146,0.0464,0.039,0.951,0.8536,1,1,1,0.9986,1,0.9997,1,0.9687,0.9983,0.931,84,0,100.0%(84),100.0%(84),100.0%(84),100.0%(84),100.0%(84),100.0%(84),97.62%(82),86.9%(73),合格
241027150041_B116_SKII13151-116-YY2-3-241027150041,B116,CN001477-S09-D03-LPD-D502D733,516224,451492,0.8746,0.1257,144,132,0.97,0.95,0.51,486099,0.9777,0.9994,1375.49,0.9168,0.4806,0.3151,0.0385,0.0175,0.9082,0.8403,1,1,0.9996,0.9944,1,0.9963,0.999,0.8904,0.9994,0.9324,84,0,100.0%(84),100.0%(84),100.0%(84),100.0%(84),100.0%(84),100.0%(84),92.86%(78),86.9%(73),合格
241027150041_B116_SKII13151-116-YY2-3-241027150041,B116,LC003179-S01-D01-LPD-D503D740,690590,600934,0.8702,0.1415,144,130,0.97,0.95,0.5,630635,0.9782,0.994,1882.39,0.9573,0.4427,0.3817,0.0666,0.032,0.9434,0.8099,1,1,1,0.9984,1,0.9994,1,0.939,0.974,0.9301,84,0,100.0%(84),100.0%(84),100.0%(84),100.0%(84),100.0%(84),100.0%(84),96.43%(81),88.1%(74),合格
241027150041_B116_SKII13151-116-YY2-3-241027150041,B116,LC003181-S01-D01-LPD-D503D741,676632,590084,0.8721,0.1515,144,128,0.97,0.95,0.51,637719,0.9874,0.9959,1805.09,0.9369,0.5665,0.2572,0.0423,0.0337,0.9516,0.8761,1,1,1,0.9982,1,0.9991,0.9997,0.9725,0.9933,0.9312,84,0,100.0%(84),100.0%(84),100.0%(84),100.0%(84),100.0%(84),100.0%(84),98.81%(83),90.48%(76),合格
241027150041_B116_SKII13151-116-YY2-3-241027150041,B116,LC003182-S01-D01-LPD-D503D742,688158,597568,0.8684,0.1425,144,130,0.97,0.96,0.5,626697,0.9791,0.9966,1866.92,0.9534,0.4043,0.4112,0.0654,0.0373,0.9373,0.8337,1,1,1,0.9989,1,0.9997,1,0.9553,1,0.931,84,0,100.0%(84),100.0%(84),100.0%(84),100.0%(84),100.0%(84),98.81%(83),95.24%(80),89.29%(75),合格
241027150041_B116_SKII13151-116-YY2-3-241027150041,B116,LC001881-S02-D01-LPD-D503D744,701630,605238,0.8626,0.1447,144,130,0.97,0.95,0.5,623084,0.9657,0.9941,1769.12,0.9189,0.4461,0.3645,0.0279,0.033,0.9511,0.7391,1,1,0.9998,0.9949,1,0.9997,0.9965,0.9159,0.9788,0.931,84,0,100.0%(84),100.0%(84),100.0%(84),100.0%(84),100.0%(84),100.0%(84),97.62%(82),90.48%(76),合格
241027150041_B116_SKII13151-116-YY2-3-241027150041,B116,LC002160-S01-D01-LPD-D502D741,607148,531568,0.8755,0.141,145,130,0.97,0.95,0.49,579950,0.9761,0.9973,1565.22,0.9074,0.5506,0.2878,0.0191,0.0132,0.9338,0.6723,1,1,0.9993,0.9915,0.9997,0.9829,0.9984,0.8297,0.9997,0.9257,84,0,100.0%(84),100.0%(84),100.0%(84),100.0%(84),100.0%(84),100.0%(84),95.24%(80),88.1%(74),合格
241027150041_B116_SKII13151-116-YY2-3-241027150041,B116,LC002397-S01-D01-LPD-D503D720,833538,729472,0.8752,0.1337,144,130,0.97,0.95,0.5,781565,0.9847,0.9987,2263.14,0.9283,0.5622,0.2592,0.0385,0.0319,0.954,0.9094,1,1,0.9999,0.9986,1,0.9997,1,0.9978,0.9994,0.9315,84,0,100.0%(84),100.0%(84),100.0%(84),100.0%(84),100.0%(84),100.0%(84),98.81%(83),95.24%(80),合格
241027150041_B116_SKII13151-116-YY2-3-241027150041,B116,LC002134-S01-D01-LPD-D503D721,700584,606396,0.8656,0.1386,143,129,0.97,0.95,0.51,621398,0.954,0.9965,1718.48,0.8969,0.4779,0.2867,0.0358,0.0402,0.9515,0.9469,1,1,1,0.9976,1,0.9997,1,0.9958,0.9994,0.934,84,0,100.0%(84),100.0%(84),100.0%(84),100.0%(84),100.0%(84),100.0%(84),96.43%(81),90.48%(76),合格
241027150041_B116_SKII13151-116-YY2-3-241027150041,B116,LC002136-S01-D01-LPD-D503D722,686262,592848,0.8639,0.1422,144,130,0.97,0.95,0.51,611511,0.9642,0.9967,1721.72,0.9093,0.4732,0.3065,0.0379,0.0422,0.9491,0.8196,1,1,1,0.9956,1,0.9997,1,0.9978,1,0.931,84,0,100.0%(84),100.0%(84),100.0%(84),100.0%(84),100.0%(84),100.0%(84),97.62%(82),89.29%(75),合格
241027150041_B116_SKII13151-116-YY2-3-241027150041,B116,LC002325-S01-D01-LPD-D503D725,732954,637168,0.8693,0.157,144,127,0.97,0.95,0.51,691477,0.9866,0.9961,1963.3,0.9491,0.4372,0.3816,0.0616,0.0356,0.93,0.803,1,1,1,0.999,1,0.9994,1,0.9447,0.9939,0.9268,84,0,100.0%(84),100.0%(84),100.0%(84),100.0%(84),100.0%(84),100.0%(84),98.81%(83),90.48%(76),合格
241027150041_B116_SKII13151-116-YY2-3-241027150041,B116,LC002328-S01-D01-LPD-D503D726,685642,597158,0.8709,0.1541,143,127,0.97,0.96,0.51,647704,0.9869,0.9966,1852.37,0.9548,0.4271,0.3784,0.0724,0.0382,0.9315,0.7964,1,1,1,0.9991,1,0.989,1,0.9847,0.9997,0.9298,84,0,100.0%(84),100.0%(84),100.0%(84),100.0%(84),100.0%(84),100.0%(84),95.24%(80),83.33%(70),合格
241027150041_B116_SKII13151-116-YY2-3-241027150041,B116,LC002331-S01-D01-LPD-D503D727,594568,515074,0.8663,0.1449,143,128,0.97,0.95,0.51,567809,0.9868,0.9901,1599.67,0.9484,0.4162,0.3954,0.0639,0.0414,0.9146,0.7296,1,1,1,0.9835,1,0.9991,1,0.9319,0.9349,0.9304,84,0,100.0%(84),100.0%(84),100.0%(84),100.0%(84),100.0%(84),98.81%(83),91.67%(77),83.33%(70),合格
241027150041_B116_SKII13151-116-YY2-3-241027150041,B116,LC002348-S01-D01-LPD-D503D728,642094,562168,0.8755,0.1271,145,132,0.97,0.96,0.5,596395,0.9778,0.9948,1662.66,0.8802,0.5652,0.223,0.0291,0.0266,0.9606,0.9118,1,1,1,0.9977,1,0.9997,1,0.9326,0.9712,0.9315,84,0,100.0%(84),100.0%(84),100.0%(84),100.0%(84),100.0%(84),100.0%(84),98.81%(83),95.24%(80),合格
241028160314_B121_SKII13155-121-YY2-3-241028160314,B121,LC002351-S01-D01-LPD-D503D729,1124420,1016548,0.9041,0.1469,145,130,0.98,0.96,0.51,1092672,0.9894,0.9998,3129.64,0.9137,0.4441,0.3206,0.0393,0.0533,0.9485,0.9426,1,1,1,0.9982,1,0.9936,1,0.999,0.9978,0.9326,84,0,100.0%(84),100.0%(84),100.0%(84),100.0%(84),100.0%(84),100.0%(84),100.0%(84),96.43%(81),合格
241028160314_B121_SKII13155-121-YY2-3-241028160314,B121,LC002375-S01-D01-LPD-D503D730,1162810,1039850,0.8943,0.1565,144,129,0.98,0.96,0.5,1039970,0.9687,0.9907,2978.42,0.9179,0.4609,0.356,0.0268,0.0389,0.9529,0.7123,1,1,0.9996,0.9957,1,0.9942,1,0.9984,0.9416,0.9326,84,0,100.0%(84),100.0%(84),100.0%(84),100.0%(84),100.0%(84),100.0%(84),100.0%(84),95.24%(80),合格
241028160314_B121_SKII13155-121-YY2-3-241028160314,B121,LC002394-S01-D01-LPD-D503D731,1285422,1166702,0.9076,0.1484,145,129,0.98,0.96,0.51,1116030,0.9971,0.9966,3303.99,0.9534,0.4461,0.3568,0.0618,0.0414,0.9435,0.8562,1,1,1,0.999,1,0.9997,1,0.999,0.9994,0.8566,84,0,100.0%(84),100.0%(84),100.0%(84),100.0%(84),100.0%(84),100.0%(84),98.81%(83),95.24%(80),合格
241028160314_B121_SKII13155-121-YY2-3-241028160314,B121,LC002395-S01-D01-LPD-D503D732,1124656,1019508,0.9065,0.1583,145,128,0.98,0.96,0.51,1098660,0.9944,0.996,3278.56,0.957,0.4259,0.3946,0.0727,0.0356,0.9414,0.7725,1,1,1,0.9993,1,0.9997,1,0.9236,0.9933,0.9338,84,0,100.0%(84),100.0%(84),100.0%(84),100.0%(84),100.0%(84),100.0%(84),98.81%(83),94.05%(79),合格
241028160314_B121_SKII13155-121-YY2-3-241028160314,B121,LC002653-S01-D01-LPD-D503D733,1158686,1054254,0.9099,0.1265,145,133,0.98,0.96,0.51,1080780,0.9869,0.9991,3198.33,0.9076,0.5602,0.233,0.0403,0.0335,0.9556,0.9373,1,1,1,0.999,1,0.9997,1,0.999,0.9911,0.9321,84,0,100.0%(84),100.0%(84),100.0%(84),100.0%(84),100.0%(84),100.0%(84),100.0%(84),98.81%(83),合格
241028160314_B121_SKII13155-121-YY2-3-241028160314,B121,LC002657-S01-D01-LPD-D503D734,947016,849172,0.8967,0.1436,144,130,0.98,0.96,0.51,892227,0.9746,0.996,2553.03,0.912,0.5756,0.2509,0.0218,0.0372,0.9604,0.6953,1,0.9903,0.9999,0.9825,1,0.9997,1,0.9636,0.9609,0.9368,84,0,100.0%(84),100.0%(84),100.0%(84),100.0%(84),100.0%(84),100.0%(84),100.0%(84),97.62%(82),合格
241028160314_B121_SKII13155-121-YY2-3-241028160314,B121,LC002659-S01-D01-LPD-D503D735,1260816,1149054,0.9114,0.1451,145,130,0.98,0.96,0.51,1098182,0.9962,0.9923,3296.49,0.9415,0.5891,0.2433,0.0439,0.0327,0.9562,0.7714,1,1,1,0.9988,1,0.9927,1,0.9946,0.9556,0.9315,84,0,100.0%(84),100.0%(84),100.0%(84),100.0%(84),100.0%(84),100.0%(84),100.0%(84),98.81%(83),合格
241028160314_B121_SKII13155-121-YY2-3-241028160314,B121,LC002978-S01-D01-LPD-D503D737,1424980,1295376,0.909,0.1392,144,130,0.98,0.96,0.51,1108186,0.9965,0.9966,3304.94,0.9443,0.495,0.3202,0.0514,0.0366,0.9517,0.9132,1,1,1,0.9992,1,0.9997,1,0.9984,0.9989,0.9321,84,0,100.0%(84),100.0%(84),100.0%(84),100.0%(84),100.0%(84),100.0%(84),100.0%(84),96.43%(81),合格
241028160314_B121_SKII13155-121-YY2-3-241028160314,B121,LC003171-S01-D01-LPD-D503D738,1126816,1020482,0.9056,0.1454,145,130,0.98,0.96,0.51,1092886,0.9966,0.9947,3361.74,0.9647,0.3931,0.436,0.0775,0.0307,0.9298,0.7929,1,1,1,0.9994,1,0.9997,1,0.9565,0.9804,0.9301,84,0,100.0%(84),100.0%(84),100.0%(84),100.0%(84),100.0%(84),100.0%(84),100.0%(84),96.43%(81),合格
241028160314_B121_SKII13155-121-YY2-3-241028160314,B121,LC003178-S01-D01-LPD-D503D739,1072424,976834,0.9109,0.1501,145,129,0.98,0.96,0.51,1080234,0.9977,0.9966,3217.03,0.9472,0.51,0.311,0.0499,0.042,0.949,0.8694,1,1,1,0.9991,1,0.9997,1,0.9978,1,0.9321,84,0,100.0%(84),100.0%(84),100.0%(84),100.0%(84),100.0%(84),100.0%(84),98.81%(83),96.43%(81),合格
241028160314_B121_SKII13155-121-YY2-3-241028160314,B121,CN001477-S09-D03-LPD-D502D733,876274,796078,0.9085,0.1298,144,132,0.98,0.96,0.51,879300,0.9879,0.9963,2530.54,0.915,0.477,0.3097,0.0404,0.0193,0.9106,0.8411,1,1,0.9996,0.9966,1,0.9982,1,0.9204,1,0.936,84,0,100.0%(84),100.0%(84),100.0%(84),100.0%(84),100.0%(84),100.0%(84),97.62%(82),92.86%(78),合格
241028160314_B121_SKII13155-121-YY2-3-241028160314,B121,LC003179-S01-D01-LPD-D503D740,1152536,1044512,0.9063,0.148,145,130,0.98,0.96,0.5,1072850,0.9883,0.9998,3275.79,0.9564,0.4412,0.3702,0.073,0.0352,0.9407,0.8059,1,1,1,0.999,1,0.9997,1,0.9946,0.9989,0.9312,84,0,100.0%(84),100.0%(84),100.0%(84),100.0%(84),100.0%(84),100.0%(84),100.0%(84),96.43%(81),合格
241028160314_B121_SKII13155-121-YY2-3-241028160314,B121,LC003181-S01-D01-LPD-D503D741,1135112,1030742,0.9081,0.1574,144,127,0.98,0.96,0.52,1106667,0.9972,0.9967,3208.95,0.9376,0.5607,0.2539,0.0466,0.0374,0.9459,0.8992,1,1,1,0.9988,1,0.9997,1,0.9946,0.9997,0.9318,84,0,100.0%(84),100.0%(84),100.0%(84),100.0%(84),100.0%(84),100.0%(84),100.0%(84),95.24%(80),合格
241028160314_B121_SKII13155-121-YY2-3-241028160314,B121,LC003182-S01-D01-LPD-D503D742,1141246,1031192,0.9036,0.1474,144,130,0.98,0.96,0.51,1071938,0.9891,0.9965,3270.13,0.9524,0.4001,0.403,0.0726,0.0401,0.9388,0.8395,1,1,1,0.9992,1,0.9997,1,0.9981,1,0.9315,84,0,100.0%(84),100.0%(84),100.0%(84),100.0%(84),100.0%(84),100.0%(84),98.81%(83),95.24%(80),合格
241028160314_B121_SKII13155-121-YY2-3-241028160314,B121,LC001881-S02-D01-LPD-D503D744,1162230,1045766,0.8998,0.1497,144,129,0.98,0.96,0.51,1051275,0.9762,0.9926,3049.5,0.9161,0.4412,0.3577,0.0301,0.0363,0.9518,0.7752,1,1,0.9995,0.9961,1,0.9997,0.9971,0.9636,0.9354,0.9315,84,0,100.0%(84),100.0%(84),100.0%(84),100.0%(84),100.0%(84),100.0%(84),100.0%(84),95.24%(80),合格
241028160314_B121_SKII13155-121-YY2-3-241028160314,B121,LC002160-S01-D01-LPD-D502D741,1008772,920584,0.9126,0.1476,145,129,0.98,0.96,0.5,1032255,0.9863,0.9985,2827.21,0.9052,0.5476,0.2842,0.0205,0.0141,0.9345,0.7044,1,1,0.9994,0.9945,1,0.9893,0.9997,0.9159,0.9997,0.9301,84,0,100.0%(84),100.0%(84),100.0%(84),100.0%(84),100.0%(84),100.0%(84),98.81%(83),96.43%(81),合格
241028160314_B121_SKII13155-121-YY2-3-241028160314,B121,LC002397-S01-D01-LPD-D503D720,1378784,1253316,0.909,0.1381,144,131,0.98,0.96,0.51,1095920,0.9942,0.9967,3240.23,0.9271,0.5566,0.2558,0.0419,0.0344,0.9544,0.9317,1,1,1,0.999,1,0.9997,1,0.999,1,0.9326,84,0,100.0%(84),100.0%(84),100.0%(84),100.0%(84),100.0%(84),100.0%(84),98.81%(83),98.81%(83),合格
241028160314_B121_SKII13155-121-YY2-3-241028160314,B121,LC002134-S01-D01-LPD-D503D721,1192964,1076866,0.9027,0.143,143,130,0.98,0.96,0.52,1047649,0.9642,0.9975,2964.57,0.8952,0.473,0.2806,0.0383,0.0435,0.9491,0.9529,1,1,1,0.9986,1,0.9997,1,0.999,1,0.9343,84,0,100.0%(84),100.0%(84),100.0%(84),100.0%(84),100.0%(84),100.0%(84),98.81%(83),95.24%(80),合格
241028160314_B121_SKII13155-121-YY2-3-241028160314,B121,LC002136-S01-D01-LPD-D503D722,1146260,1032972,0.9012,0.1472,144,130,0.98,0.96,0.51,1053277,0.9745,0.9982,3040.26,0.9087,0.4714,0.2979,0.0413,0.046,0.9503,0.8304,1,1,1,0.9971,1,0.9997,1,0.999,1,0.9321,84,0,100.0%(84),100.0%(84),100.0%(84),100.0%(84),100.0%(84),100.0%(84),100.0%(84),95.24%(80),合格
241028160314_B121_SKII13155-121-YY2-3-241028160314,B121,LC002325-S01-D01-LPD-D503D725,1234136,1115226,0.9036,0.1639,145,127,0.98,0.96,0.51,1114397,0.9968,0.9948,3228.34,0.949,0.4323,0.3747,0.0672,0.0393,0.932,0.7988,1,1,1,0.9992,1,0.9997,1,0.9974,0.9818,0.9312,84,0,100.0%(84),100.0%(84),100.0%(84),100.0%(84),100.0%(84),100.0%(84),100.0%(84),97.62%(82),合格
241028160314_B121_SKII13155-121-YY2-3-241028160314,B121,LC002328-S01-D01-LPD-D503D726,1147324,1038476,0.9051,0.1606,143,127,0.98,0.96,0.51,1112883,0.9968,0.9966,3248.27,0.9545,0.4257,0.3677,0.0786,0.0418,0.9326,0.8028,1,1,1,0.9992,1,0.9939,1,0.9904,0.9994,0.9312,84,0,100.0%(84),100.0%(84),100.0%(84),100.0%(84),100.0%(84),100.0%(84),98.81%(83),94.05%(79),合格
241028160314_B121_SKII13155-121-YY2-3-241028160314,B121,LC002331-S01-D01-LPD-D503D727,1034474,936926,0.9057,0.1525,144,128,0.98,0.96,0.52,1063186,0.9975,0.9908,3062.42,0.9494,0.4123,0.3893,0.07,0.0447,0.9109,0.7347,1,1,1,0.9926,1,0.9997,0.9997,0.9978,0.9416,0.9318,84,0,100.0%(84),100.0%(84),100.0%(84),100.0%(84),100.0%(84),100.0%(84),97.62%(82),92.86%(78),合格
241028160314_B121_SKII13155-121-YY2-3-241028160314,B121,LC002348-S01-D01-LPD-D503D728,1079896,983716,0.9109,0.1314,145,132,0.98,0.96,0.51,1066607,0.9873,0.9966,3037.87,0.8782,0.5588,0.222,0.0302,0.0291,0.9571,0.9272,1,1,1,0.9986,1,0.9997,1,0.9914,0.9804,0.9321,84,0,100.0%(84),100.0%(84),100.0%(84),100.0%(84),100.0%(84),100.0%(84),100.0%(84),98.81%(83),合格
241024172116_B130_SKII13138-1011N29-241024172117,B130,LC002351-S01-D01-LPD-D503D729,1722254,1517048,0.8809,0.1663,136,122,0.98,0.96,0.5,1068407,0.989,0.9955,2959.81,0.9177,0.4652,0.3279,0.032,0.0431,0.9226,0.8624,1,1,0.9996,0.9979,1,0.9951,1,0.9946,0.9902,0.9326,84,0,100.0%(84),100.0%(84),100.0%(84),100.0%(84),98.81%(83),98.81%(83),98.81%(83),95.24%(80),合格
241024172116_B130_SKII13138-1011N29-241024172117,B130,LC002375-S01-D01-LPD-D503D730,1791856,1554488,0.8675,0.1767,136,122,0.98,0.96,0.5,1023428,0.9701,0.99,2824.65,0.9235,0.4755,0.3648,0.022,0.0305,0.9297,0.6647,1,1,0.999,0.9891,1,0.9896,1,0.9776,0.9357,0.9324,84,0,100.0%(84),100.0%(84),100.0%(84),100.0%(84),98.81%(83),98.81%(83),98.81%(83),94.05%(79),合格
241024172116_B130_SKII13138-1011N29-241024172117,B130,LC002394-S01-D01-LPD-D503D731,2005936,1776938,0.8858,0.1665,137,122,0.98,0.96,0.5,1087313,0.9969,0.9966,3123.57,0.9553,0.4672,0.3668,0.0495,0.0318,0.9133,0.8009,1,1,0.9997,0.9986,1,0.9994,1,0.9907,0.9994,0.8561,84,0,100.0%(84),100.0%(84),100.0%(84),100.0%(84),100.0%(84),98.81%(83),97.62%(82),95.24%(80),合格
241024172116_B130_SKII13138-1011N29-241024172117,B130,LC002395-S01-D01-LPD-D503D732,1793314,1593608,0.8886,0.1779,138,122,0.98,0.96,0.5,1071965,0.994,0.9933,3102.34,0.9593,0.4411,0.4118,0.056,0.0268,0.9014,0.7165,1,1,0.9999,0.9984,1,0.9994,1,0.938,0.9679,0.9298,84,0,100.0%(84),100.0%(84),100.0%(84),100.0%(84),98.81%(83),97.62%(82),97.62%(82),92.86%(78),合格
241024172116_B130_SKII13138-1011N29-241024172117,B130,LC002653-S01-D01-LPD-D503D733,1794292,1596084,0.8895,0.1445,137,125,0.98,0.96,0.5,1060611,0.9875,0.9957,3056.97,0.9151,0.5825,0.2395,0.0308,0.027,0.9312,0.8216,1,1,0.9997,0.998,1,0.9994,1,0.9911,0.9922,0.9318,84,0,100.0%(84),100.0%(84),100.0%(84),100.0%(84),100.0%(84),98.81%(83),97.62%(82),97.62%(82),合格
241024172116_B130_SKII13138-1011N29-241024172117,B130,LC002657-S01-D01-LPD-D503D734,1501362,1309158,0.872,0.1637,136,123,0.98,0.96,0.5,1032848,0.975,0.9905,2851.22,0.9162,0.5929,0.2563,0.0178,0.0272,0.9366,0.6104,1,0.9806,0.9993,0.9469,1,0.9991,0.9997,0.9613,0.9402,0.9357,84,0,100.0%(84),100.0%(84),100.0%(84),100.0%(84),100.0%(84),98.81%(83),98.81%(83),97.62%(82),合格
241024172116_B130_SKII13138-1011N29-241024172117,B130,LC002659-S01-D01-LPD-D503D735,2007306,1789192,0.8913,0.1622,138,124,0.98,0.96,0.5,1073763,0.9958,0.9907,3133.87,0.9455,0.605,0.2538,0.033,0.0255,0.9257,0.676,1,1,0.9998,0.9978,1,0.9936,1,0.9853,0.9407,0.9312,84,0,100.0%(84),100.0%(84),100.0%(84),100.0%(84),100.0%(84),98.81%(83),97.62%(82),97.62%(82),合格
241024172116_B130_SKII13138-1011N29-241024172117,B130,LC002978-S01-D01-LPD-D503D737,2199560,1954382,0.8885,0.1573,136,123,0.98,0.96,0.5,1081968,0.9963,0.9948,3135.46,0.9477,0.5156,0.327,0.0413,0.028,0.926,0.8368,1,1,0.9995,0.9983,1,0.9994,1,0.9898,0.9746,0.9318,84,0,100.0%(84),100.0%(84),100.0%(84),100.0%(84),100.0%(84),98.81%(83),98.81%(83),97.62%(82),合格
241024172116_B130_SKII13138-1011N29-241024172117,B130,LC003171-S01-D01-LPD-D503D738,1719390,1520584,0.8844,0.1624,137,123,0.98,0.96,0.5,1070877,0.9964,0.9957,3187.76,0.9669,0.4103,0.4471,0.062,0.0238,0.8979,0.741,1,1,1,0.9987,1,0.9994,1,0.9559,0.9916,0.9223,84,0,100.0%(84),100.0%(84),100.0%(84),100.0%(84),98.81%(83),98.81%(83),98.81%(83),94.05%(79),合格
241024172116_B130_SKII13138-1011N29-241024172117,B130,LC003178-S01-D01-LPD-D503D739,1662694,1480914,0.8907,0.1669,138,123,0.98,0.96,0.51,1081643,0.9974,0.9937,3130.38,0.9505,0.5298,0.3182,0.0391,0.0337,0.9094,0.8083,1,1,0.9998,0.9982,1,0.9994,1,0.9901,0.9718,0.9315,84,0,100.0%(84),100.0%(84),100.0%(84),100.0%(84),100.0%(84),98.81%(83),97.62%(82),95.24%(80),合格
241024172116_B130_SKII13138-1011N29-241024172117,B130,CN001477-S09-D03-LPD-D502D733,1357104,1203246,0.8866,0.1501,136,124,0.98,0.96,0.51,1074895,0.9878,0.9978,3006.1,0.9192,0.4971,0.3152,0.0336,0.0145,0.8817,0.7912,1,1,0.9989,0.9957,1,0.9966,0.9997,0.9064,0.9994,0.9645,84,0,100.0%(84),100.0%(84),100.0%(84),100.0%(84),98.81%(83),98.81%(83),95.24%(80),94.05%(79),合格
241024172116_B130_SKII13138-1011N29-241024172117,B130,LC003179-S01-D01-LPD-D503D740,1821470,1612336,0.8852,0.1654,137,123,0.98,0.96,0.5,1051956,0.9881,0.9899,3107.76,0.9595,0.4595,0.3851,0.0569,0.027,0.9061,0.7575,1,1,0.9997,0.998,1,0.9994,1,0.9859,0.9349,0.9301,84,0,100.0%(84),100.0%(84),100.0%(84),100.0%(84),98.81%(83),98.81%(83),97.62%(82),95.24%(80),合格
241024172116_B130_SKII13138-1011N29-241024172117,B130,LC003181-S01-D01-LPD-D503D741,1748164,1556758,0.8905,0.1751,137,121,0.98,0.96,0.51,1082459,0.997,0.9961,3053.62,0.9416,0.5827,0.2581,0.0374,0.0289,0.9159,0.8007,1,1,1,0.996,1,0.9988,0.9997,0.9834,0.9955,0.9315,84,0,100.0%(84),100.0%(84),100.0%(84),100.0%(84),100.0%(84),98.81%(83),97.62%(82),96.43%(81),合格
241024172116_B130_SKII13138-1011N29-241024172117,B130,LC003182-S01-D01-LPD-D503D742,1779418,1565866,0.88,0.1664,136,122,0.98,0.96,0.5,1051017,0.9892,0.9959,3090.37,0.9554,0.4169,0.4197,0.0567,0.0308,0.9028,0.7918,1,1,1,0.9982,1,0.9997,1,0.9879,0.9933,0.9298,84,0,100.0%(84),100.0%(84),100.0%(84),100.0%(84),98.81%(83),97.62%(82),96.43%(81),95.24%(80),合格
241024172116_B130_SKII13138-1011N29-241024172117,B130,LC001881-S02-D01-LPD-D503D744,1768332,1543870,0.8731,0.1697,135,122,0.98,0.96,0.5,1033224,0.9767,0.9913,2881.83,0.9195,0.4624,0.3599,0.0258,0.0273,0.9226,0.7042,1,1,0.9998,0.9964,1,0.9976,0.9936,0.9447,0.9533,0.9315,84,0,100.0%(84),100.0%(84),100.0%(84),100.0%(84),98.81%(83),98.81%(83),98.81%(83),94.05%(79),合格
241024172116_B130_SKII13138-1011N29-241024172117,B130,LC002160-S01-D01-LPD-D502D741,1554020,1382198,0.8894,0.1656,137,122,0.98,0.96,0.5,1089140,0.9862,0.9961,2916.21,0.911,0.5612,0.2869,0.0176,0.0108,0.9062,0.6232,1,1,0.9991,0.9933,1,0.989,0.999,0.8731,1,0.9304,84,0,100.0%(84),100.0%(84),100.0%(84),100.0%(84),98.81%(83),98.81%(83),96.43%(81),92.86%(78),合格
241024172116_B130_SKII13138-1011N29-241024172117,B130,LC002397-S01-D01-LPD-D503D720,2178024,1939318,0.8904,0.1563,137,124,0.98,0.96,0.5,1073480,0.9942,0.9965,3084.9,0.9322,0.5764,0.2626,0.0328,0.0269,0.9312,0.7981,1,1,0.9999,0.998,1,0.9994,1,0.9949,0.9992,0.9321,84,0,100.0%(84),100.0%(84),100.0%(84),100.0%(84),100.0%(84),98.81%(83),97.62%(82),96.43%(81),合格
241024172116_B130_SKII13138-1011N29-241024172117,B130,LC002134-S01-D01-LPD-D503D721,1875478,1648044,0.8787,0.162,135,122,0.98,0.96,0.51,1030335,0.9658,0.9975,2821.85,0.9018,0.495,0.2882,0.0321,0.0345,0.9256,0.8698,1,1,1,0.9979,1,0.9997,1,0.993,1,0.9343,84,0,100.0%(84),100.0%(84),100.0%(84),100.0%(84),98.81%(83),98.81%(83),96.43%(81),94.05%(79),合格
241024172116_B130_SKII13138-1011N29-241024172117,B130,LC002136-S01-D01-LPD-D503D722,1799362,1578190,0.8771,0.1659,136,122,0.98,0.96,0.51,1034843,0.9748,0.9988,2881.1,0.9128,0.4901,0.3061,0.0346,0.0362,0.9177,0.772,1,1,1,0.9958,1,0.9997,1,0.9926,0.9994,0.9318,84,0,100.0%(84),100.0%(84),100.0%(84),100.0%(84),98.81%(83),98.81%(83),97.62%(82),94.05%(79),合格
241024172116_B130_SKII13138-1011N29-241024172117,B130,LC002325-S01-D01-LPD-D503D725,1886702,1666816,0.8835,0.1809,137,121,0.98,0.96,0.51,1088075,0.9966,0.9965,3061.07,0.9519,0.4504,0.386,0.0544,0.0305,0.9011,0.771,1,1,1,0.9986,1,0.9994,1,0.9875,0.9983,0.9296,84,0,100.0%(84),100.0%(84),100.0%(84),100.0%(84),98.81%(83),98.81%(83),98.81%(83),95.24%(80),合格
241024172116_B130_SKII13138-1011N29-241024172117,B130,LC002328-S01-D01-LPD-D503D726,1773832,1566094,0.8829,0.1789,135,120,0.98,0.96,0.5,1084831,0.9966,0.9921,3071.67,0.9569,0.4445,0.3851,0.0608,0.0308,0.9044,0.7654,1,1,1,0.9984,1,0.9936,0.9997,0.9831,0.9547,0.9304,84,0,100.0%(84),100.0%(84),100.0%(84),100.0%(84),98.81%(83),98.81%(83),97.62%(82),94.05%(79),合格
241024172116_B130_SKII13138-1011N29-241024172117,B130,LC002331-S01-D01-LPD-D503D727,1600918,1414596,0.8836,0.1696,136,122,0.98,0.96,0.51,1102864,0.9971,0.9901,3095.73,0.9521,0.43,0.4031,0.0548,0.0349,0.8823,0.6818,1,1,1,0.9849,1,0.9994,1,0.9898,0.9343,0.931,84,0,100.0%(84),100.0%(84),100.0%(84),100.0%(84),100.0%(84),97.62%(82),97.62%(82),92.86%(78),合格
241024172116_B130_SKII13138-1011N29-241024172117,B130,LC002348-S01-D01-LPD-D503D728,1709142,1523556,0.8914,0.1498,137,125,0.98,0.96,0.5,1064148,0.9878,0.994,2947.2,0.8847,0.5802,0.2232,0.0246,0.0231,0.9368,0.7907,1,1,1,0.9978,1,0.9994,0.999,0.9911,0.9586,0.9321,84,0,100.0%(84),100.0%(84),100.0%(84),100.0%(84),100.0%(84),98.81%(83),98.81%(83),97.62%(82),合格
241026165346_B130_SKII13144-121021N12-241026165347,B130,LC002351-S01-D01-LPD-D503D729,1488046,1319114,0.8865,0.1562,138,124,0.98,0.96,0.5,1074230,0.9901,0.994,3005.21,0.918,0.4634,0.3329,0.0314,0.0418,0.9207,0.8659,1,1,1,0.998,1,0.9945,1,0.9965,0.953,0.9326,84,0,100.0%(84),100.0%(84),100.0%(84),100.0%(84),100.0%(84),98.81%(83),97.62%(82),94.05%(79),合格
241026165346_B130_SKII13144-121021N12-241026165347,B130,LC002375-S01-D01-LPD-D503D730,1532062,1337622,0.8731,0.1665,137,124,0.98,0.96,0.49,1029727,0.9728,0.9925,2877.23,0.9247,0.4709,0.373,0.0219,0.0288,0.9286,0.6643,1,0.9903,0.9993,0.9912,1,0.9927,1,0.9863,0.96,0.9326,84,0,100.0%(84),100.0%(84),100.0%(84),100.0%(84),100.0%(84),98.81%(83),97.62%(82),94.05%(79),合格
241026165346_B130_SKII13144-121021N12-241026165347,B130,LC002394-S01-D01-LPD-D503D731,1726768,1535612,0.8893,0.1575,138,124,0.98,0.96,0.5,1092086,0.9971,0.9966,3161.07,0.9549,0.4662,0.3721,0.0476,0.0306,0.9131,0.803,1,1,1,0.9984,1,0.9997,1,0.9911,1,0.8563,84,0,100.0%(84),100.0%(84),100.0%(84),100.0%(84),100.0%(84),98.81%(83),97.62%(82),95.24%(80),合格
241026165346_B130_SKII13144-121021N12-241026165347,B130,LC002395-S01-D01-LPD-D503D732,1544482,1379132,0.8929,0.1684,139,123,0.98,0.96,0.5,1076881,0.9946,0.9958,3145.65,0.9594,0.4365,0.4194,0.0544,0.0263,0.9038,0.7126,1,1,1,0.9983,1,0.9994,1,0.9128,0.9693,0.9285,84,0,100.0%(84),100.0%(84),100.0%(84),100.0%(84),100.0%(84),97.62%(82),96.43%(81),92.86%(78),合格
241026165346_B130_SKII13144-121021N12-241026165347,B130,LC002653-S01-D01-LPD-D503D733,1549284,1385658,0.8944,0.1367,138,127,0.98,0.96,0.5,1063922,0.9882,0.9911,3087.03,0.9138,0.5778,0.244,0.0314,0.0255,0.9348,0.824,1,1,0.9996,0.9981,1,0.9997,1,0.9914,0.9458,0.9321,84,0,100.0%(84),100.0%(84),100.0%(84),100.0%(84),100.0%(84),98.81%(83),97.62%(82),96.43%(81),合格
241026165346_B130_SKII13144-121021N12-241026165347,B130,LC002657-S01-D01-LPD-D503D734,1294972,1136816,0.8779,0.154,137,125,0.98,0.96,0.5,1037432,0.9763,0.9904,2896.06,0.9179,0.5902,0.2621,0.0175,0.0264,0.9418,0.6125,1,0.9806,0.9993,0.9534,1,0.9991,0.9997,0.9764,0.9399,0.9374,84,0,100.0%(84),100.0%(84),100.0%(84),100.0%(84),100.0%(84),98.81%(83),98.81%(83),96.43%(81),合格
241026165346_B130_SKII13144-121021N12-241026165347,B130,LC002659-S01-D01-LPD-D503D735,1737336,1554762,0.8949,0.1542,139,125,0.98,0.96,0.5,1078647,0.9962,0.9958,3171.34,0.9454,0.6009,0.2612,0.0319,0.0242,0.9265,0.6731,1,1,0.9998,0.9978,0.9994,0.9905,1,0.9904,0.9941,0.9307,84,0,100.0%(84),100.0%(84),100.0%(84),100.0%(84),100.0%(84),100.0%(84),97.62%(82),96.43%(81),合格
241026165346_B130_SKII13144-121021N12-241026165347,B130,LC002978-S01-D01-LPD-D503D737,1896134,1693388,0.8931,0.1487,137,125,0.98,0.96,0.5,1087275,0.9965,0.9964,3170.04,0.947,0.5115,0.3323,0.0403,0.0273,0.9273,0.8342,1,1,0.9998,0.9983,1,0.9994,1,0.9955,0.9983,0.9318,84,0,100.0%(84),100.0%(84),100.0%(84),100.0%(84),100.0%(84),98.81%(83),97.62%(82),96.43%(81),合格
241026165346_B130_SKII13144-121021N12-241026165347,B130,LC003171-S01-D01-LPD-D503D738,1490688,1326238,0.8897,0.1534,138,125,0.98,0.96,0.5,1073982,0.9967,0.9945,3225.58,0.9662,0.4061,0.4546,0.0599,0.0228,0.8964,0.7392,1,1,1,0.9987,1,0.9994,1,0.9725,0.9788,0.9201,84,0,100.0%(84),100.0%(84),100.0%(84),100.0%(84),98.81%(83),98.81%(83),98.81%(83),95.24%(80),合格
241026165346_B130_SKII13144-121021N12-241026165347,B130,LC003178-S01-D01-LPD-D503D739,1415752,1265876,0.8941,0.1584,138,124,0.98,0.96,0.5,1085996,0.9975,0.9928,3166.49,0.9499,0.5287,0.3215,0.038,0.0322,0.9164,0.8034,1,1,1,0.9983,1,0.9994,1,0.9914,0.9612,0.9315,84,0,100.0%(84),100.0%(84),100.0%(84),100.0%(84),100.0%(84),97.62%(82),96.43%(81),94.05%(79),合格
241026165346_B130_SKII13144-121021N12-241026165347,B130,CN001477-S09-D03-LPD-D502D733,1166000,1038894,0.891,0.1416,137,125,0.98,0.96,0.5,1080767,0.989,0.9969,3049.52,0.9205,0.4947,0.3212,0.033,0.0141,0.886,0.7903,1,1,0.9996,0.9956,1,0.9969,0.9997,0.9143,1,0.962,84,0,100.0%(84),100.0%(84),100.0%(84),100.0%(84),98.81%(83),98.81%(83),95.24%(80),92.86%(78),合格
241026165346_B130_SKII13144-121021N12-241026165347,B130,LC003179-S01-D01-LPD-D503D740,1576288,1401486,0.8891,0.1565,138,125,0.98,0.96,0.49,1056328,0.9891,0.99,3147.32,0.9591,0.4544,0.3936,0.0548,0.0261,0.9073,0.7558,1,1,1,0.9982,1,0.9997,1,0.9901,0.9343,0.9296,84,0,100.0%(84),100.0%(84),100.0%(84),100.0%(84),100.0%(84),98.81%(83),97.62%(82),95.24%(80),合格
241026165346_B130_SKII13144-121021N12-241026165347,B130,LC003181-S01-D01-LPD-D503D741,1473626,1316524,0.8934,0.1656,138,123,0.98,0.96,0.51,1088184,0.9973,0.9966,3092.2,0.9413,0.5804,0.2621,0.0365,0.028,0.9174,0.8077,1,1,1,0.9973,1,0.9994,1,0.9834,0.9989,0.9315,84,0,100.0%(84),100.0%(84),100.0%(84),100.0%(84),100.0%(84),100.0%(84),97.62%(82),95.24%(80),合格
241026165346_B130_SKII13144-121021N12-241026165347,B130,LC003182-S01-D01-LPD-D503D742,1546370,1368602,0.885,0.1572,137,124,0.98,0.96,0.49,1054800,0.9899,0.9958,3136.54,0.956,0.4133,0.4276,0.0551,0.0294,0.9044,0.7982,1,1,1,0.9983,1,0.9997,0.9997,0.9911,0.9919,0.9312,84,0,100.0%(84),100.0%(84),100.0%(84),100.0%(84),98.81%(83),97.62%(82),96.43%(81),94.05%(79),合格
241026165346_B130_SKII13144-121021N12-241026165347,B130,LC001881-S02-D01-LPD-D503D744,1516938,1332020,0.8781,0.1598,137,124,0.98,0.96,0.5,1038293,0.9786,0.9907,2932,0.9214,0.4583,0.3689,0.0253,0.0264,0.9213,0.7011,1,1,0.9994,0.9961,1,0.9991,0.9968,0.9406,0.9352,0.9318,84,0,100.0%(84),100.0%(84),100.0%(84),100.0%(84),100.0%(84),98.81%(83),97.62%(82),94.05%(79),合格
241026165346_B130_SKII13144-121021N12-241026165347,B130,LC002160-S01-D01-LPD-D502D741,1307800,1166708,0.8921,0.1563,138,124,0.98,0.96,0.49,1097831,0.9874,0.9958,2956.52,0.9118,0.558,0.2923,0.0172,0.0105,0.9097,0.6197,1,1,0.9992,0.9937,0.9991,0.9881,0.9978,0.8984,0.9989,0.9301,84,0,100.0%(84),100.0%(84),100.0%(84),100.0%(84),100.0%(84),98.81%(83),96.43%(81),92.86%(78),合格
241026165346_B130_SKII13144-121021N12-241026165347,B130,LC002397-S01-D01-LPD-D503D720,1889084,1688118,0.8936,0.1483,138,125,0.98,0.96,0.5,1077447,0.9948,0.9964,3118.5,0.9315,0.5732,0.2673,0.032,0.026,0.9342,0.8028,1,1,0.9997,0.9982,1,0.9994,1,0.999,0.9992,0.9315,84,0,100.0%(84),100.0%(84),100.0%(84),100.0%(84),100.0%(84),98.81%(83),97.62%(82),96.43%(81),合格
241026165346_B130_SKII13144-121021N12-241026165347,B130,LC002134-S01-D01-LPD-D503D721,1617232,1428634,0.8834,0.1537,136,124,0.98,0.96,0.51,1036185,0.9683,0.9966,2874.79,0.9044,0.4931,0.2951,0.0313,0.0343,0.9287,0.861,1,1,1,0.9978,1,0.9997,1,0.9936,1,0.9343,84,0,100.0%(84),100.0%(84),100.0%(84),100.0%(84),100.0%(84),98.81%(83),96.43%(81),94.05%(79),合格
241026165346_B130_SKII13144-121021N12-241026165347,B130,LC002136-S01-D01-LPD-D503D722,1556720,1373054,0.882,0.1568,137,124,0.98,0.96,0.5,1040672,0.9774,0.9963,2934.26,0.9148,0.489,0.3127,0.0342,0.0341,0.9222,0.7678,1,1,0.9995,0.9942,1,0.9997,1,0.992,0.9989,0.9315,84,0,100.0%(84),100.0%(84),100.0%(84),100.0%(84),100.0%(84),98.81%(83),97.62%(82),94.05%(79),合格
241026165346_B130_SKII13144-121021N12-241026165347,B130,LC002325-S01-D01-LPD-D503D725,1598244,1417434,0.8869,0.1716,138,122,0.98,0.96,0.5,1092036,0.9968,0.9954,3100.98,0.9524,0.4495,0.3911,0.0527,0.0295,0.9024,0.7746,1,1,0.9997,0.9986,1,0.9994,1,0.9847,0.9874,0.9287,84,0,100.0%(84),100.0%(84),100.0%(84),100.0%(84),100.0%(84),98.81%(83),98.81%(83),94.05%(79),合格
241026165346_B130_SKII13144-121021N12-241026165347,B130,LC002328-S01-D01-LPD-D503D726,1513176,1341528,0.8866,0.1695,136,122,0.98,0.96,0.5,1090010,0.9968,0.9963,3113.38,0.9564,0.4415,0.3915,0.0588,0.0308,0.9035,0.7693,1,1,0.9999,0.9984,1,0.9939,1,0.985,0.9955,0.9293,84,0,100.0%(84),100.0%(84),100.0%(84),100.0%(84),98.81%(83),98.81%(83),97.62%(82),94.05%(79),合格
241026165346_B130_SKII13144-121021N12-241026165347,B130,LC002331-S01-D01-LPD-D503D727,1389462,1235084,0.8889,0.1599,137,124,0.98,0.96,0.51,1109132,0.9973,0.99,3136.05,0.951,0.4261,0.408,0.054,0.034,0.8846,0.6859,1,1,1,0.9879,1,0.9994,1,0.9843,0.934,0.9312,84,0,100.0%(84),100.0%(84),100.0%(84),100.0%(84),100.0%(84),97.62%(82),97.62%(82),92.86%(78),合格
241026165346_B130_SKII13144-121021N12-241026165347,B130,LC002348-S01-D01-LPD-D503D728,1489902,1334412,0.8956,0.1428,138,126,0.98,0.96,0.5,1067660,0.9885,0.9964,2979.34,0.8848,0.5761,0.2282,0.0247,0.0219,0.9392,0.7961,1,1,0.9996,0.9978,1,0.9994,1,0.9805,0.9888,0.9315,84,0,100.0%(84),100.0%(84),100.0%(84),100.0%(84),100.0%(84),100.0%(84),98.81%(83),96.43%(81),合格
PL2402402_-,-,LC002351-S01-D01-LPD-D503D729,696936,688242,0.9875,0.0905,150,136,0.97,0.92,0.53,761351,0.987,0.9942,2220.06,0.907,0.4172,0.3011,0.0465,0.0744,0.9721,0.9574,1,1,1,0.9995,1,0.9918,1,0.999,0.974,0.9321,84,0,100.0%(84),100.0%(84),100.0%(84),100.0%(84),100.0%(84),100.0%(84),100.0%(84),97.62%(82),合格
PL2402402_-,-,LC002375-S01-D01-LPD-D503D730,832134,816520,0.9812,0.0973,150,135,0.97,0.92,0.52,847938,0.9606,0.9951,2460.49,0.9049,0.4396,0.3349,0.0309,0.0562,0.9742,0.745,1,1,1,0.9983,1,0.9939,1,0.9958,0.9564,0.9321,84,0,100.0%(84),100.0%(84),100.0%(84),100.0%(84),100.0%(84),100.0%(84),100.0%(84),97.62%(82),合格
PL2402402_-,-,LC002394-S01-D01-LPD-D503D731,988246,976744,0.9884,0.0942,150,135,0.97,0.92,0.53,1110220,0.9966,0.9943,3340.21,0.9481,0.4157,0.3363,0.0781,0.0584,0.9645,0.8692,1,1,1,0.9997,1,0.9997,1,0.999,0.9762,0.8563,84,0,100.0%(84),100.0%(84),100.0%(84),100.0%(84),100.0%(84),100.0%(84),100.0%(84),97.62%(82),合格
PL2402402_-,-,LC002395-S01-D01-LPD-D503D732,869304,858130,0.9871,0.1015,150,134,0.97,0.92,0.52,958248,0.9935,0.9902,2904.41,0.9516,0.4018,0.3692,0.0921,0.0514,0.9559,0.7698,1,1,1,0.9997,1,0.9994,0.9997,0.9364,0.9349,0.9332,84,0,100.0%(84),100.0%(84),100.0%(84),100.0%(84),100.0%(84),100.0%(84),100.0%(84),96.43%(81),合格
PL2402402_-,-,LC002653-S01-D01-LPD-D503D733,902782,892808,0.989,0.0736,150,138,0.97,0.92,0.53,974380,0.983,0.996,2898.84,0.8952,0.5278,0.2227,0.0486,0.0472,0.9769,0.9579,1,1,1,0.9994,1,0.9997,1,0.9923,0.9939,0.9321,84,0,100.0%(84),100.0%(84),100.0%(84),100.0%(84),100.0%(84),100.0%(84),100.0%(84),98.81%(83),合格
PL2402402_-,-,LC002657-S01-D01-LPD-D503D734,554156,544120,0.9819,0.0871,150,137,0.97,0.91,0.52,572704,0.9675,0.9928,1657.73,0.8999,0.5511,0.2327,0.0274,0.057,0.9773,0.7535,1,1,0.9999,0.9577,1,0.9991,1,0.9386,0.9606,0.936,84,0,100.0%(84),100.0%(84),100.0%(84),100.0%(84),100.0%(84),100.0%(84),98.81%(83),97.62%(82),合格
PL2402402_-,-,LC002659-S01-D01-LPD-D503D735,890846,881090,0.989,0.0879,150,136,0.97,0.92,0.52,982727,0.9955,0.9967,2987.28,0.9344,0.5656,0.2289,0.0542,0.0461,0.9745,0.8252,1,1,1,0.9995,1,0.9902,1,0.9926,0.9994,0.931,84,0,100.0%(84),100.0%(84),100.0%(84),100.0%(84),100.0%(84),100.0%(84),100.0%(84),98.81%(83),合格
PL2402402_-,-,LC002978-S01-D01-LPD-D503D737,958204,946886,0.9882,0.0859,150,136,0.97,0.92,0.52,1066268,0.9962,0.9974,3235.71,0.939,0.4685,0.3074,0.0633,0.0515,0.9725,0.9311,1,1,1,0.9997,1,0.9997,1,0.999,0.9994,0.9324,84,0,100.0%(84),100.0%(84),100.0%(84),100.0%(84),100.0%(84),100.0%(84),100.0%(84),98.81%(83),合格
PL2402402_-,-,LC003171-S01-D01-LPD-D503D738,743116,733882,0.9876,0.0891,150,136,0.97,0.92,0.53,814130,0.9962,0.9961,2548.46,0.961,0.3705,0.4146,0.0988,0.0455,0.9405,0.7952,1,1,1,0.9997,1,0.9997,1,0.9505,0.9958,0.9301,84,0,100.0%(84),100.0%(84),100.0%(84),100.0%(84),100.0%(84),100.0%(84),98.81%(83),94.05%(79),合格
PL2402402_-,-,LC003178-S01-D01-LPD-D503D739,729124,721430,0.9894,0.0944,150,135,0.96,0.92,0.53,811673,0.9975,0.9963,2454.41,0.9401,0.4844,0.2957,0.0618,0.057,0.9674,0.9001,1,1,1,0.9995,1,0.9997,0.9997,0.9748,0.9966,0.9321,84,0,100.0%(84),100.0%(84),100.0%(84),100.0%(84),100.0%(84),100.0%(84),100.0%(84),96.43%(81),合格
PL2402402_-,-,CN001477-S09-D03-LPD-D502D733,711568,703796,0.9891,0.0737,150,138,0.97,0.91,0.53,786965,0.9839,0.9968,2277.65,0.9019,0.4457,0.2958,0.0469,0.0276,0.9378,0.8495,1,1,0.9998,0.9973,1,0.9982,0.999,0.9255,1,0.9491,84,0,100.0%(84),100.0%(84),100.0%(84),100.0%(84),100.0%(84),100.0%(84),100.0%(84),92.86%(78),合格
PL2402402_-,-,LC003179-S01-D01-LPD-D503D740,844898,834924,0.9882,0.0937,150,135,0.97,0.92,0.52,903448,0.9852,0.9945,2805.96,0.9502,0.4177,0.3434,0.0917,0.0518,0.9647,0.8242,1,1,1,0.9995,1,0.9997,1,0.9978,0.9782,0.931,84,0,100.0%(84),100.0%(84),100.0%(84),100.0%(84),100.0%(84),100.0%(84),100.0%(84),96.43%(81),合格
PL2402402_-,-,LC003181-S01-D01-LPD-D503D741,791874,782400,0.988,0.1016,150,134,0.96,0.92,0.53,885275,0.997,0.9966,2615.42,0.9308,0.5343,0.2425,0.0579,0.0496,0.9607,0.9139,1,1,1,0.9995,1,0.9997,0.9997,0.9946,0.9997,0.9318,84,0,100.0%(84),100.0%(84),100.0%(84),100.0%(84),100.0%(84),100.0%(84),100.0%(84),96.43%(81),合格
PL2402402_-,-,LC003182-S01-D01-LPD-D503D742,787190,775642,0.9853,0.0916,150,136,0.97,0.92,0.52,837986,0.9867,0.9917,2566.39,0.9344,0.3709,0.3727,0.0892,0.0565,0.9599,0.8713,1,1,1,0.9997,1,0.9997,0.9997,0.9958,0.9514,0.9315,84,0,100.0%(84),100.0%(84),100.0%(84),100.0%(84),100.0%(84),100.0%(84),98.81%(83),95.24%(80),合格
PL2402402_-,-,LC001881-S02-D01-LPD-D503D744,790820,776338,0.9817,0.0933,150,136,0.96,0.91,0.53,816173,0.9688,0.9926,2393.49,0.9051,0.4179,0.3364,0.0335,0.0549,0.9711,0.8412,1,1,1,0.999,1,0.9997,0.9994,0.9303,0.9441,0.931,84,0,100.0%(84),100.0%(84),100.0%(84),100.0%(84),100.0%(84),100.0%(84),100.0%(84),97.62%(82),合格
PL2402402_-,-,LC002160-S01-D01-LPD-D502D741,726610,719318,0.99,0.0932,150,135,0.96,0.91,0.51,817972,0.9823,0.9962,2246.27,0.8938,0.5271,0.275,0.0236,0.0202,0.9551,0.7658,1,1,0.9998,0.9964,1,0.989,1,0.9048,0.9992,0.9301,84,0,100.0%(84),100.0%(84),100.0%(84),100.0%(84),100.0%(84),100.0%(84),100.0%(84),96.43%(81),合格
PL2402402_-,-,LC002397-S01-D01-LPD-D503D720,976300,966088,0.9895,0.0878,150,136,0.97,0.92,0.52,1075088,0.9932,0.9966,3214.43,0.9184,0.5308,0.2407,0.0521,0.0489,0.9763,0.9572,1,1,1,0.9997,1,0.9997,1,0.9984,0.9997,0.9324,84,0,100.0%(84),100.0%(84),100.0%(84),100.0%(84),100.0%(84),100.0%(84),100.0%(84),100.0%(84),合格
PL2402402_-,-,LC002134-S01-D01-LPD-D503D721,855016,845100,0.9884,0.086,150,137,0.97,0.92,0.54,889087,0.9557,0.999,2534.94,0.8791,0.4386,0.2648,0.0445,0.058,0.9763,0.9674,1,1,1,0.9995,1,0.9997,1,0.999,1,0.9343,84,0,100.0%(84),100.0%(84),100.0%(84),100.0%(84),100.0%(84),100.0%(84),100.0%(84),97.62%(82),合格
PL2402402_-,-,LC002136-S01-D01-LPD-D503D722,941682,928752,0.9863,0.0905,150,136,0.97,0.92,0.53,982435,0.9677,0.9966,2861.57,0.8944,0.4445,0.2761,0.0474,0.0641,0.9689,0.8304,1,1,0.9998,0.9991,1,0.9997,1,0.999,1,0.9315,84,0,100.0%(84),100.0%(84),100.0%(84),100.0%(84),100.0%(84),100.0%(84),100.0%(84),97.62%(82),合格
PL2402402_-,-,LC002325-S01-D01-LPD-D503D725,769702,759316,0.9865,0.1047,150,134,0.96,0.91,0.53,864163,0.9967,0.9967,2547.6,0.9441,0.4069,0.3505,0.0861,0.0572,0.9336,0.8055,1,1,1,0.9997,1,0.9997,0.9997,0.9741,0.9997,0.9307,84,0,100.0%(84),100.0%(84),100.0%(84),100.0%(84),100.0%(84),100.0%(84),100.0%(84),95.24%(80),合格
PL2402402_-,-,LC002328-S01-D01-LPD-D503D726,727162,717376,0.9865,0.1049,150,134,0.96,0.92,0.53,815745,0.9967,0.9902,2423.86,0.949,0.3977,0.3442,0.0998,0.0577,0.942,0.8104,1,1,1,0.9996,1,0.993,1,0.9821,0.9346,0.9307,84,0,100.0%(84),100.0%(84),100.0%(84),100.0%(84),100.0%(84),100.0%(84),98.81%(83),92.86%(78),合格
PL2402402_-,-,LC002331-S01-D01-LPD-D503D727,695930,687224,0.9875,0.093,150,135,0.97,0.92,0.53,799457,0.9966,0.9901,2340.54,0.9444,0.3854,0.3665,0.0892,0.0636,0.9243,0.7702,1,1,1,0.999,1,0.9997,1,0.9882,0.9346,0.9315,84,0,100.0%(84),100.0%(84),100.0%(84),100.0%(84),100.0%(84),100.0%(84),97.62%(82),95.24%(80),合格
PL2402402_-,-,LC002348-S01-D01-LPD-D503D728,763098,755096,0.9895,0.0774,150,138,0.97,0.92,0.53,827385,0.9832,0.9966,2352.98,0.8611,0.5285,0.2097,0.0382,0.0392,0.9779,0.9577,1,1,1,0.9993,1,0.9997,1,0.9588,0.9776,0.9321,84,0,100.0%(84),100.0%(84),100.0%(84),100.0%(84),100.0%(84),100.0%(84),100.0%(84),98.81%(83),合格
GZ240557652_-,-,LC002351-S01-D01-LPD-D503D729,1658346,1560844,0.9412,0.094,151,136,0.96,0.92,0.52,1110611,0.9895,0.9966,3312.3,0.9069,0.4237,0.3119,0.0435,0.0652,0.9731,0.9546,1,1,1,0.9995,1,0.9945,1,0.999,0.9653,0.9326,84,0,100.0%(84),100.0%(84),100.0%(84),100.0%(84),100.0%(84),100.0%(84),100.0%(84),98.81%(83),合格
GZ240557652_-,-,LC002375-S01-D01-LPD-D503D730,1898174,1795036,0.9457,0.104,151,135,0.96,0.93,0.51,1048153,0.9676,0.9927,3133.32,0.91,0.4417,0.3525,0.0285,0.0478,0.9738,0.7464,1,1,1,0.9984,1,0.9936,0.9997,0.9974,0.9609,0.9324,84,0,100.0%(84),100.0%(84),100.0%(84),100.0%(84),100.0%(84),100.0%(84),100.0%(84),98.81%(83),合格
GZ240557652_-,-,LC002394-S01-D01-LPD-D503D731,2213808,2105110,0.9509,0.098,151,135,0.96,0.92,0.52,1139292,0.9977,0.9952,3505.37,0.947,0.423,0.3462,0.072,0.0514,0.9615,0.8678,1,1,1,0.9997,1,0.9997,1,0.9984,0.9857,0.8566,84,0,100.0%(84),100.0%(84),100.0%(84),100.0%(84),100.0%(84),100.0%(84),100.0%(84),97.62%(82),合格
GZ240557652_-,-,LC002395-S01-D01-LPD-D503D732,1931134,1844294,0.955,0.1064,151,134,0.96,0.93,0.51,1118381,0.9946,0.9945,3468.56,0.9508,0.4041,0.3864,0.0828,0.0445,0.9626,0.7704,1,1,1,0.9997,1,0.9997,1,0.9712,0.9771,0.9335,84,0,100.0%(84),100.0%(84),100.0%(84),100.0%(84),100.0%(84),100.0%(84),100.0%(84),97.62%(82),合格
GZ240557652_-,-,LC002653-S01-D01-LPD-D503D733,1859480,1771992,0.953,0.0781,151,139,0.96,0.92,0.52,1096029,0.9862,0.992,3345.17,0.8965,0.5345,0.2302,0.0457,0.0414,0.9771,0.9562,1,1,1,0.9996,1,0.9997,1,0.999,0.9486,0.9324,84,0,100.0%(84),100.0%(84),100.0%(84),100.0%(84),100.0%(84),100.0%(84),100.0%(84),100.0%(84),合格
GZ240557652_-,-,LC002657-S01-D01-LPD-D503D734,1225648,1146366,0.9353,0.0941,151,137,0.95,0.92,0.51,1059150,0.9731,0.9918,3148.79,0.9032,0.5579,0.2427,0.0251,0.0491,0.9781,0.7359,1,1,1,0.9954,1,0.9997,1,0.9863,0.9413,0.9368,84,0,100.0%(84),100.0%(84),100.0%(84),100.0%(84),100.0%(84),100.0%(84),100.0%(84),100.0%(84),合格
GZ240557652_-,-,LC002659-S01-D01-LPD-D503D735,2050856,1954670,0.9531,0.092,151,136,0.96,0.93,0.51,1116825,0.9966,0.9937,3477,0.934,0.5681,0.2388,0.0496,0.0409,0.9758,0.806,1,1,1,0.9995,1,0.9911,1,0.9936,0.9701,0.9321,84,0,100.0%(84),100.0%(84),100.0%(84),100.0%(84),100.0%(84),100.0%(84),100.0%(84),100.0%(84),合格
GZ240557652_-,-,LC002978-S01-D01-LPD-D503D737,2471740,2361370,0.9553,0.0897,151,137,0.96,0.93,0.52,1129147,0.9971,0.9966,3505.5,0.938,0.4712,0.3156,0.059,0.0462,0.9731,0.9342,1,1,1,0.9998,1,0.9997,1,0.999,0.9997,0.9324,84,0,100.0%(84),100.0%(84),100.0%(84),100.0%(84),100.0%(84),100.0%(84),100.0%(84),100.0%(84),合格
GZ240557652_-,-,LC003171-S01-D01-LPD-D503D738,1710390,1628266,0.952,0.0931,151,136,0.96,0.92,0.51,1110874,0.9972,0.9943,3564.89,0.9606,0.3728,0.4299,0.0889,0.0397,0.9446,0.7971,1,1,1,0.9998,1,0.9997,1,0.9764,0.9765,0.9304,84,0,100.0%(84),100.0%(84),100.0%(84),100.0%(84),100.0%(84),100.0%(84),100.0%(84),98.81%(83),合格
GZ240557652_-,-,LC003178-S01-D01-LPD-D503D739,1783640,1690748,0.9479,0.0985,151,135,0.96,0.92,0.52,1125897,0.9982,0.9949,3482.19,0.9397,0.4885,0.3051,0.0567,0.0513,0.969,0.8941,1,1,1,0.9997,1,0.9997,1,0.9978,0.9816,0.9321,84,0,100.0%(84),100.0%(84),100.0%(84),100.0%(84),100.0%(84),100.0%(84),100.0%(84),98.81%(83),合格
GZ240557652_-,-,CN001477-S09-D03-LPD-D502D733,1339234,1274304,0.9515,0.0792,151,138,0.96,0.92,0.52,1122377,0.9876,0.9996,3344.7,0.9043,0.4516,0.3075,0.0427,0.0242,0.9362,0.8483,1,1,0.9998,0.9982,1,0.9985,0.9994,0.937,1,0.9544,84,0,100.0%(84),100.0%(84),100.0%(84),100.0%(84),100.0%(84),100.0%(84),100.0%(84),96.43%(81),合格
GZ240557652_-,-,LC003179-S01-D01-LPD-D503D740,1806762,1728916,0.9569,0.0994,151,135,0.96,0.93,0.51,1086116,0.9876,0.9926,3450.8,0.9504,0.4189,0.3611,0.0839,0.0449,0.9667,0.8093,1,1,1,0.9996,1,0.9997,1,0.9984,0.9595,0.931,84,0,100.0%(84),100.0%(84),100.0%(84),100.0%(84),100.0%(84),100.0%(84),100.0%(84),98.81%(83),合格
GZ240557652_-,-,LC003181-S01-D01-LPD-D503D741,1679694,1600120,0.9526,0.1079,151,134,0.96,0.93,0.52,1130019,0.9978,0.9983,3407.45,0.9296,0.5407,0.2464,0.0534,0.0454,0.9624,0.9287,1,1,1,0.9995,1,0.9997,1,0.9978,1,0.9321,84,0,100.0%(84),100.0%(84),100.0%(84),100.0%(84),100.0%(84),100.0%(84),100.0%(84),96.43%(81),合格
GZ240557652_-,-,LC003182-S01-D01-LPD-D503D742,1853260,1756984,0.9481,0.097,151,136,0.96,0.92,0.51,1085372,0.989,0.9957,3453.7,0.9465,0.3796,0.3937,0.0818,0.0501,0.966,0.8559,1,1,1,0.9997,1,0.9997,1,0.999,0.9899,0.9321,84,0,100.0%(84),100.0%(84),100.0%(84),100.0%(84),100.0%(84),100.0%(84),100.0%(84),98.81%(83),合格
GZ240557652_-,-,LC001881-S02-D01-LPD-D503D744,1971958,1867550,0.9471,0.0985,151,136,0.96,0.92,0.51,1060475,0.9749,0.9931,3208.48,0.9077,0.4215,0.3497,0.0321,0.0482,0.9712,0.797,1,1,1,0.9994,1,0.9997,0.9994,0.9779,0.9653,0.9321,84,0,100.0%(84),100.0%(84),100.0%(84),100.0%(84),100.0%(84),100.0%(84),100.0%(84),97.62%(82),合格
GZ240557652_-,-,LC002160-S01-D01-LPD-D502D741,1407384,1345744,0.9562,0.1,151,135,0.96,0.93,0.5,1140179,0.9855,0.9964,3213.65,0.896,0.5307,0.2809,0.0224,0.018,0.9558,0.7515,1,1,1,0.9975,1,0.9908,0.9994,0.9332,0.9997,0.9301,84,0,100.0%(84),100.0%(84),100.0%(84),100.0%(84),100.0%(84),100.0%(84),100.0%(84),98.81%(83),合格
GZ240557652_-,-,LC002397-S01-D01-LPD-D503D720,2160068,2060424,0.9539,0.0907,151,137,0.96,0.93,0.51,1115362,0.9946,0.9945,3414.1,0.9172,0.5304,0.2516,0.0484,0.0436,0.9762,0.9523,1,1,1,0.9997,1,0.9997,1,0.999,0.9782,0.9324,84,0,100.0%(84),100.0%(84),100.0%(84),100.0%(84),100.0%(84),100.0%(84),100.0%(84),100.0%(84),合格
GZ240557652_-,-,LC002134-S01-D01-LPD-D503D721,1854352,1775202,0.9573,0.0923,151,137,0.96,0.93,0.53,1062308,0.9624,0.9967,3107.26,0.8825,0.4464,0.2724,0.0426,0.0526,0.976,0.9682,1,1,1,0.9995,1,0.9997,1,0.9994,1,0.9343,84,0,100.0%(84),100.0%(84),100.0%(84),100.0%(84),100.0%(84),100.0%(84),100.0%(84),98.81%(83),合格
GZ240557652_-,-,LC002136-S01-D01-LPD-D503D722,1796430,1711196,0.9526,0.0965,151,136,0.96,0.93,0.52,1064558,0.9727,0.9963,3188.93,0.8984,0.4483,0.2891,0.0447,0.0572,0.9717,0.8348,1,1,1,0.9992,1,0.9997,1,0.999,0.9972,0.9324,84,0,100.0%(84),100.0%(84),100.0%(84),100.0%(84),100.0%(84),100.0%(84),100.0%(84),98.81%(83),合格
GZ240557652_-,-,LC002325-S01-D01-LPD-D503D725,1723220,1647700,0.9562,0.1108,151,134,0.96,0.93,0.52,1139299,0.9976,0.996,3439.7,0.9441,0.4111,0.3641,0.0794,0.0495,0.9482,0.814,1,1,1,0.9998,1,0.9997,1,0.9978,0.9933,0.9315,84,0,100.0%(84),100.0%(84),100.0%(84),100.0%(84),100.0%(84),100.0%(84),100.0%(84),98.81%(83),合格
GZ240557652_-,-,LC002328-S01-D01-LPD-D503D726,1747178,1667338,0.9543,0.1107,151,134,0.96,0.93,0.52,1138111,0.9975,0.9956,3457.76,0.9488,0.4039,0.3571,0.0908,0.0514,0.9484,0.802,1,1,1,0.9997,1,0.9936,1,0.999,0.9902,0.9315,84,0,100.0%(84),100.0%(84),100.0%(84),100.0%(84),100.0%(84),100.0%(84),100.0%(84),98.81%(83),合格
GZ240557652_-,-,LC002331-S01-D01-LPD-D503D727,1521374,1429068,0.9393,0.0995,151,135,0.95,0.91,0.52,1162057,0.9981,0.9903,3469.49,0.9425,0.3921,0.3761,0.0807,0.0573,0.9344,0.7631,1,1,1,0.9994,1,0.9997,1,0.9971,0.9352,0.9321,84,0,100.0%(84),100.0%(84),100.0%(84),100.0%(84),100.0%(84),100.0%(84),100.0%(84),96.43%(81),合格
GZ240557652_-,-,LC002348-S01-D01-LPD-D503D728,1641450,1559030,0.9498,0.0809,151,138,0.96,0.92,0.52,1100696,0.986,0.9953,3204.3,0.8614,0.5316,0.2177,0.0348,0.035,0.9784,0.9534,1,1,1,0.9996,1,0.9997,1,0.9942,0.9835,0.9324,84,0,100.0%(84),100.0%(84),100.0%(84),100.0%(84),100.0%(84),100.0%(84),100.0%(84),100.0%(84),合格
GZ240557663_-,-,LC002351-S01-D01-LPD-D503D729,1366698,1270730,0.9298,0.0969,151,136,0.95,0.9,0.52,1105827,0.9894,0.9957,3295.18,0.9077,0.426,0.3135,0.0427,0.0635,0.9724,0.9516,1,1,1,0.9995,1,0.9936,1,0.999,0.9897,0.9324,84,0,100.0%(84),100.0%(84),100.0%(84),100.0%(84),100.0%(84),100.0%(84),100.0%(84),98.81%(83),合格
GZ240557663_-,-,LC002375-S01-D01-LPD-D503D730,1604546,1498946,0.9342,0.1067,151,135,0.95,0.91,0.5,1045937,0.9679,0.9979,3125.38,0.9112,0.4425,0.3552,0.0287,0.0463,0.9732,0.7334,1,1,1,0.9984,1,0.9942,1,0.9978,0.9866,0.9321,84,0,100.0%(84),100.0%(84),100.0%(84),100.0%(84),100.0%(84),100.0%(84),100.0%(84),98.81%(83),合格
GZ240557663_-,-,LC002394-S01-D01-LPD-D503D731,1821116,1734610,0.9525,0.1015,151,135,0.96,0.92,0.52,1135316,0.9977,0.9965,3487.01,0.9468,0.4257,0.3485,0.0696,0.05,0.9587,0.8677,1,1,1,0.9998,1,0.9997,1,0.999,0.9986,0.8566,84,0,100.0%(84),100.0%(84),100.0%(84),100.0%(84),100.0%(84),100.0%(84),100.0%(84),96.43%(81),合格
GZ240557663_-,-,LC002395-S01-D01-LPD-D503D732,1616430,1539388,0.9523,0.1096,151,134,0.96,0.92,0.51,1114120,0.9947,0.9918,3453.2,0.9511,0.4062,0.3883,0.0808,0.0439,0.9647,0.7722,1,1,1,0.9997,1,0.9997,1,0.9469,0.9407,0.9338,84,0,100.0%(84),100.0%(84),100.0%(84),100.0%(84),100.0%(84),100.0%(84),100.0%(84),97.62%(82),合格
GZ240557663_-,-,LC002653-S01-D01-LPD-D503D733,1548606,1459666,0.9426,0.0793,151,138,0.95,0.91,0.52,1092356,0.9863,1,3339.45,0.8979,0.5374,0.2323,0.0444,0.0403,0.9769,0.9539,1,1,1,0.9997,1,0.9997,1,0.9962,1,0.9321,84,0,100.0%(84),100.0%(84),100.0%(84),100.0%(84),100.0%(84),100.0%(84),100.0%(84),100.0%(84),合格
GZ240557663_-,-,LC002657-S01-D01-LPD-D503D734,1006996,933010,0.9265,0.0972,151,136,0.95,0.9,0.51,986362,0.9736,0.9908,2928.16,0.9038,0.5599,0.2449,0.0244,0.047,0.9777,0.731,1,1,0.9999,0.9944,1,0.9997,0.9997,0.9671,0.9407,0.9374,84,0,100.0%(84),100.0%(84),100.0%(84),100.0%(84),100.0%(84),100.0%(84),100.0%(84),100.0%(84),合格
GZ240557663_-,-,LC002659-S01-D01-LPD-D503D735,1714774,1623420,0.9467,0.0942,151,136,0.95,0.91,0.51,1112787,0.9964,0.9939,3461.48,0.9338,0.5682,0.2422,0.0481,0.0392,0.976,0.7973,1,1,1,0.9996,1,0.9902,1,0.992,0.9712,0.9321,84,0,100.0%(84),100.0%(84),100.0%(84),100.0%(84),100.0%(84),100.0%(84),100.0%(84),100.0%(84),合格
GZ240557663_-,-,LC002978-S01-D01-LPD-D503D737,2046578,1953848,0.9547,0.0925,151,136,0.96,0.92,0.51,1125704,0.9971,0.9966,3488.1,0.9379,0.4735,0.3181,0.0579,0.0439,0.9737,0.9331,1,1,1,0.9997,1,0.9997,1,0.9984,0.9994,0.9324,84,0,100.0%(84),100.0%(84),100.0%(84),100.0%(84),100.0%(84),100.0%(84),100.0%(84),100.0%(84),合格
GZ240557663_-,-,LC003171-S01-D01-LPD-D503D738,1409976,1336242,0.9477,0.096,151,136,0.95,0.91,0.51,1107892,0.9971,0.9902,3550.07,0.961,0.3753,0.4321,0.087,0.0377,0.9499,0.7946,1,1,1,0.9998,1,0.9997,1,0.9738,0.9349,0.9307,84,0,100.0%(84),100.0%(84),100.0%(84),100.0%(84),100.0%(84),100.0%(84),100.0%(84),98.81%(83),合格
GZ240557663_-,-,LC003178-S01-D01-LPD-D503D739,1475644,1385216,0.9387,0.1008,151,135,0.95,0.9,0.52,1122197,0.9982,0.994,3466.16,0.9401,0.4908,0.3074,0.0552,0.0494,0.9693,0.895,1,1,1,0.9997,1,0.9997,1,0.9962,0.9729,0.9321,84,0,100.0%(84),100.0%(84),100.0%(84),100.0%(84),100.0%(84),100.0%(84),100.0%(84),98.81%(83),合格
GZ240557663_-,-,CN001477-S09-D03-LPD-D502D733,1119966,1041946,0.9303,0.0802,151,138,0.94,0.9,0.52,1117369,0.9874,0.9965,3331.56,0.9046,0.4549,0.3101,0.042,0.0231,0.9298,0.8483,1,1,0.9999,0.9983,1,0.9985,0.9994,0.937,0.9997,0.9648,84,0,100.0%(84),100.0%(84),100.0%(84),100.0%(84),100.0%(84),100.0%(84),100.0%(84),96.43%(81),合格
GZ240557663_-,-,LC003179-S01-D01-LPD-D503D740,1492914,1430728,0.9583,0.1017,151,135,0.96,0.92,0.51,1083155,0.9879,0.9902,3445.72,0.9512,0.4197,0.3656,0.0816,0.0434,0.9662,0.8069,1,1,1,0.9996,1,0.9997,1,0.999,0.9349,0.931,84,0,100.0%(84),100.0%(84),100.0%(84),100.0%(84),100.0%(84),100.0%(84),100.0%(84),98.81%(83),合格
GZ240557663_-,-,LC003181-S01-D01-LPD-D503D741,1366478,1296376,0.9487,0.1112,151,133,0.96,0.91,0.52,1126933,0.9977,0.9967,3390.91,0.9299,0.5422,0.2491,0.052,0.0444,0.9651,0.9246,1,1,1,0.9996,1,0.9997,1,0.9978,0.9997,0.9324,84,0,100.0%(84),100.0%(84),100.0%(84),100.0%(84),100.0%(84),100.0%(84),100.0%(84),97.62%(82),合格
GZ240557663_-,-,LC003182-S01-D01-LPD-D503D742,1533218,1444844,0.9424,0.0997,151,135,0.95,0.91,0.51,1081876,0.9891,0.9966,3441.02,0.9476,0.3818,0.3974,0.0801,0.0477,0.9668,0.8573,1,1,1,0.9997,1,0.9997,1,0.999,0.9818,0.9321,84,0,100.0%(84),100.0%(84),100.0%(84),100.0%(84),100.0%(84),100.0%(84),100.0%(84),97.62%(82),合格
GZ240557663_-,-,LC001881-S02-D01-LPD-D503D744,1619732,1536138,0.9484,0.1019,151,135,0.96,0.92,0.51,1059386,0.9756,0.9912,3206,0.9093,0.4236,0.3531,0.0312,0.0464,0.971,0.8038,1,1,1,0.9992,1,0.9997,0.9994,0.938,0.9352,0.9315,84,0,100.0%(84),100.0%(84),100.0%(84),100.0%(84),100.0%(84),100.0%(84),100.0%(84),97.62%(82),合格
GZ240557663_-,-,LC002160-S01-D01-LPD-D502D741,1170236,1104690,0.944,0.1031,151,135,0.95,0.91,0.5,1133165,0.9856,0.9987,3197.47,0.8963,0.5313,0.2828,0.0218,0.0171,0.9533,0.7511,1,1,0.9998,0.997,1,0.9908,0.9997,0.9239,0.9994,0.931,84,0,100.0%(84),100.0%(84),100.0%(84),100.0%(84),100.0%(84),100.0%(84),100.0%(84),98.81%(83),合格
GZ240557663_-,-,LC002397-S01-D01-LPD-D503D720,1825428,1725058,0.945,0.0928,151,136,0.95,0.91,0.51,1112369,0.9944,0.9968,3401.46,0.9179,0.5346,0.2536,0.0465,0.0419,0.9763,0.9465,1,1,1,0.9996,1,0.9997,1,0.999,1,0.9324,84,0,100.0%(84),100.0%(84),100.0%(84),100.0%(84),100.0%(84),100.0%(84),100.0%(84),100.0%(84),合格
GZ240557663_-,-,LC002134-S01-D01-LPD-D503D721,1534664,1463072,0.9534,0.0948,151,136,0.96,0.92,0.53,1061236,0.964,0.9966,3103.61,0.8829,0.4492,0.2745,0.0421,0.0511,0.9765,0.9664,1,1,1,0.9995,1,0.9997,1,0.999,1,0.9343,84,0,100.0%(84),100.0%(84),100.0%(84),100.0%(84),100.0%(84),100.0%(84),100.0%(84),97.62%(82),合格
GZ240557663_-,-,LC002136-S01-D01-LPD-D503D722,1485542,1413648,0.9516,0.099,151,136,0.96,0.92,0.52,1063220,0.9733,0.9968,3179.8,0.8981,0.4501,0.2924,0.0439,0.055,0.9704,0.8422,1,1,1,0.9986,1,0.9997,1,0.999,0.9997,0.9326,84,0,100.0%(84),100.0%(84),100.0%(84),100.0%(84),100.0%(84),100.0%(84),100.0%(84),98.81%(83),合格
GZ240557663_-,-,LC002325-S01-D01-LPD-D503D725,1630778,1499628,0.9196,0.0994,151,135,0.94,0.88,0.52,1038998,0.923,0.9967,3099.86,0.935,0.4099,0.3624,0.0765,0.0474,0.9403,0.8131,1,1,1,0.9997,1,0.9997,1,0.9984,1,0.9307,84,0,100.0%(84),100.0%(84),100.0%(84),100.0%(84),100.0%(84),100.0%(84),100.0%(84),97.62%(82),合格
GZ240557663_-,-,LC002328-S01-D01-LPD-D503D726,1441638,1372264,0.9519,0.1131,151,133,0.96,0.92,0.52,1134125,0.9976,0.9949,3443.96,0.9487,0.4047,0.3599,0.0897,0.05,0.9486,0.8089,1,1,1,0.9997,1,0.9936,1,0.9981,0.9818,0.9312,84,0,100.0%(84),100.0%(84),100.0%(84),100.0%(84),100.0%(84),100.0%(84),100.0%(84),98.81%(83),合格
GZ240557663_-,-,LC002331-S01-D01-LPD-D503D727,1246836,1168996,0.9376,0.1023,151,135,0.95,0.9,0.52,1157603,0.9979,0.9903,3457.54,0.9438,0.3944,0.3792,0.0794,0.0553,0.9354,0.7595,1,1,1,0.9991,1,0.9997,1,0.999,0.9354,0.9321,84,0,100.0%(84),100.0%(84),100.0%(84),100.0%(84),100.0%(84),100.0%(84),100.0%(84),96.43%(81),合格
GZ240557663_-,-,LC002348-S01-D01-LPD-D503D728,1357368,1281314,0.944,0.0831,151,138,0.95,0.91,0.51,1097183,0.9861,0.9962,3196.82,0.8625,0.534,0.219,0.0341,0.034,0.9784,0.9501,1,1,1,0.9994,1,0.9997,1,0.9949,0.9883,0.9326,84,0,100.0%(84),100.0%(84),100.0%(84),100.0%(84),100.0%(84),100.0%(84),100.0%(84),100.0%(84),合格
PL2402602_-,-,LC002351-S01-D01-LPD-D503D729,971764,956908,0.9847,0.0869,150,136,0.96,0.9,0.52,1059494,0.9864,0.9976,3070.03,0.907,0.4169,0.3056,0.0453,0.0723,0.9713,0.9574,1,1,1,0.9995,1,0.9933,1,0.999,0.9986,0.9321,84,0,100.0%(84),100.0%(84),100.0%(84),100.0%(84),100.0%(84),100.0%(84),100.0%(84),98.81%(83),合格
PL2402602_-,-,LC002375-S01-D01-LPD-D503D730,1116430,1093408,0.9794,0.0964,150,135,0.96,0.9,0.52,1038518,0.9609,0.9952,2999.1,0.9061,0.4386,0.3418,0.0302,0.0535,0.9737,0.7517,1,1,1,0.9984,1,0.9945,1,0.9978,0.9751,0.9321,84,0,100.0%(84),100.0%(84),100.0%(84),100.0%(84),100.0%(84),100.0%(84),100.0%(84),97.62%(82),合格
PL2402602_-,-,LC002394-S01-D01-LPD-D503D731,1377766,1355818,0.9841,0.0913,150,136,0.96,0.9,0.52,1123575,0.9867,0.9967,3353.85,0.9469,0.4183,0.3395,0.0749,0.0562,0.9618,0.869,1,1,1,0.9997,1,0.9997,1,0.9965,0.9997,0.8563,84,0,100.0%(84),100.0%(84),100.0%(84),100.0%(84),100.0%(84),100.0%(84),100.0%(84),97.62%(82),合格
PL2402602_-,-,LC002395-S01-D01-LPD-D503D732,1195694,1176128,0.9836,0.1002,150,134,0.96,0.9,0.52,1114320,0.9931,0.9902,3361.9,0.9518,0.402,0.3748,0.09,0.0495,0.9606,0.7631,1,1,1,0.9997,1,0.9997,0.9997,0.9709,0.9349,0.9335,84,0,100.0%(84),100.0%(84),100.0%(84),100.0%(84),100.0%(84),100.0%(84),100.0%(84),97.62%(82),合格
PL2402602_-,-,LC002653-S01-D01-LPD-D503D733,1262836,1244868,0.9858,0.0725,150,138,0.96,0.9,0.52,1091874,0.9837,0.9966,3232.96,0.8967,0.5308,0.226,0.0475,0.0452,0.9765,0.955,1,1,1,0.9996,1,0.9997,1,0.9981,0.9997,0.9321,84,0,100.0%(84),100.0%(84),100.0%(84),100.0%(84),100.0%(84),100.0%(84),100.0%(84),100.0%(84),合格
PL2402602_-,-,LC002657-S01-D01-LPD-D503D734,786070,770842,0.9806,0.0836,150,137,0.96,0.9,0.52,811699,0.9674,0.9908,2343.1,0.9012,0.5499,0.2397,0.0264,0.0551,0.9776,0.7403,1,1,1,0.994,1,0.9997,1,0.9693,0.9407,0.9363,84,0,100.0%(84),100.0%(84),100.0%(84),100.0%(84),100.0%(84),100.0%(84),100.0%(84),97.62%(82),合格
PL2402602_-,-,LC002659-S01-D01-LPD-D503D735,1270294,1252494,0.986,0.0864,150,136,0.96,0.9,0.52,1113280,0.995,0.9903,3367.84,0.9343,0.5659,0.232,0.0523,0.0449,0.9748,0.8316,1,1,1,0.9995,1,0.9921,0.9997,0.9952,0.9352,0.9321,84,0,100.0%(84),100.0%(84),100.0%(84),100.0%(84),100.0%(84),100.0%(84),100.0%(84),100.0%(84),合格
PL2402602_-,-,LC002978-S01-D01-LPD-D503D737,1446446,1423160,0.9839,0.0841,150,137,0.96,0.9,0.52,1124995,0.9955,0.9966,3389.8,0.9384,0.4694,0.3088,0.0625,0.0497,0.9729,0.9382,1,1,1,0.9998,1,0.9997,1,0.9981,0.9997,0.9324,84,0,100.0%(84),100.0%(84),100.0%(84),100.0%(84),100.0%(84),100.0%(84),100.0%(84),98.81%(83),合格
PL2402602_-,-,LC003171-S01-D01-LPD-D503D738,1048872,1031994,0.9839,0.0859,150,136,0.96,0.9,0.52,1109044,0.996,0.9935,3457.77,0.9613,0.3693,0.421,0.0964,0.0438,0.9423,0.7959,1,1,1,0.9998,1,0.9997,1,0.9914,0.9676,0.9307,84,0,100.0%(84),100.0%(84),100.0%(84),100.0%(84),100.0%(84),100.0%(84),100.0%(84),96.43%(81),合格
PL2402602_-,-,LC003178-S01-D01-LPD-D503D739,1021534,1005862,0.9847,0.0915,150,136,0.96,0.9,0.52,1123815,0.9961,0.9966,3380.21,0.9409,0.4862,0.2991,0.0596,0.0559,0.9687,0.8985,1,1,1,0.9997,1,0.9997,1,0.9987,0.9997,0.9321,84,0,100.0%(84),100.0%(84),100.0%(84),100.0%(84),100.0%(84),100.0%(84),100.0%(84),98.81%(83),合格
PL2402602_-,-,CN001477-S09-D03-LPD-D502D733,911338,900848,0.9885,0.0738,150,138,0.96,0.91,0.52,1006484,0.9842,0.9992,2911.46,0.9025,0.4483,0.2998,0.0446,0.0265,0.9382,0.8483,1,1,0.9998,0.9984,1,0.9985,0.9997,0.9364,1,0.9472,84,0,100.0%(84),100.0%(84),100.0%(84),100.0%(84),100.0%(84),100.0%(84),100.0%(84),95.24%(80),合格
PL2402602_-,-,LC003179-S01-D01-LPD-D503D740,1184720,1167006,0.985,0.0922,150,136,0.96,0.9,0.51,1081529,0.985,0.9937,3341.03,0.9505,0.4148,0.3513,0.09,0.0498,0.9657,0.8084,1,1,1,0.9995,1,0.9997,1,0.999,0.9712,0.9312,84,0,100.0%(84),100.0%(84),100.0%(84),100.0%(84),100.0%(84),100.0%(84),100.0%(84),98.81%(83),合格
PL2402602_-,-,LC003181-S01-D01-LPD-D503D741,1106640,1091044,0.9859,0.0993,150,134,0.96,0.9,0.53,1130982,0.9968,0.9966,3322.72,0.931,0.5364,0.2442,0.0567,0.0486,0.9612,0.926,1,1,1,0.9996,1,0.9997,1,0.9946,0.9997,0.9321,84,0,100.0%(84),100.0%(84),100.0%(84),100.0%(84),100.0%(84),100.0%(84),100.0%(84),96.43%(81),合格
PL2402602_-,-,LC003182-S01-D01-LPD-D503D742,1108286,1088276,0.9819,0.0895,150,136,0.96,0.9,0.52,1081014,0.9861,0.9985,3342.79,0.9477,0.3755,0.3848,0.0876,0.0552,0.9632,0.8695,1,1,1,0.9997,1,0.9997,1,0.9974,1,0.931,84,0,100.0%(84),100.0%(84),100.0%(84),100.0%(84),100.0%(84),100.0%(84),100.0%(84),98.81%(83),合格
PL2402602_-,-,LC001881-S02-D01-LPD-D503D744,1080758,1057916,0.9789,0.0903,150,136,0.95,0.89,0.52,1052535,0.9694,0.9938,3076.1,0.906,0.4174,0.3416,0.033,0.0538,0.969,0.8302,1,1,1,0.9993,1,0.9997,0.9997,0.9501,0.9673,0.9321,84,0,100.0%(84),100.0%(84),100.0%(84),100.0%(84),100.0%(84),100.0%(84),100.0%(84),97.62%(82),合格
PL2402602_-,-,LC002160-S01-D01-LPD-D502D741,995186,982152,0.9869,0.0915,150,136,0.96,0.9,0.51,1115917,0.9821,0.9974,3034.43,0.89,0.5256,0.2763,0.0226,0.0193,0.9556,0.7571,1,1,0.9998,0.9974,1,0.9902,1,0.9271,1,0.9304,84,0,100.0%(84),100.0%(84),100.0%(84),100.0%(84),100.0%(84),100.0%(84),100.0%(84),100.0%(84),合格
PL2402602_-,-,LC002397-S01-D01-LPD-D503D720,1433150,1413334,0.9862,0.085,150,137,0.96,0.9,0.52,1111252,0.993,1,3307.72,0.9181,0.5289,0.2457,0.0511,0.0473,0.9759,0.9558,1,1,1,0.9996,1,0.9997,1,0.999,1,0.9329,84,0,100.0%(84),100.0%(84),100.0%(84),100.0%(84),100.0%(84),100.0%(84),100.0%(84),100.0%(84),合格
PL2402602_-,-,LC002134-S01-D01-LPD-D503D721,1250014,1231772,0.9854,0.0859,150,137,0.96,0.9,0.54,1053043,0.9559,1,2978.04,0.8795,0.4399,0.2649,0.0451,0.058,0.9755,0.9677,1,1,1,0.9995,1,0.9997,1,0.999,1,0.9343,84,0,100.0%(84),100.0%(84),100.0%(84),100.0%(84),100.0%(84),100.0%(84),100.0%(84),98.81%(83),合格
PL2402602_-,-,LC002136-S01-D01-LPD-D503D722,1314326,1293032,0.9838,0.0897,150,136,0.96,0.9,0.53,1057642,0.9683,0.9997,3069.34,0.8958,0.445,0.2803,0.0466,0.0628,0.9699,0.8335,1,1,1,0.9987,1,0.9997,1,0.999,0.9997,0.9324,84,0,100.0%(84),100.0%(84),100.0%(84),100.0%(84),100.0%(84),100.0%(84),100.0%(84),97.62%(82),合格
PL2402602_-,-,LC002325-S01-D01-LPD-D503D725,1046358,1028864,0.9833,0.0999,150,134,0.95,0.89,0.53,1139380,0.9962,0.9939,3342.56,0.9442,0.4078,0.3551,0.0839,0.0546,0.9397,0.8031,1,1,1,0.9997,1,0.9997,1,0.9974,0.9721,0.9315,84,0,100.0%(84),100.0%(84),100.0%(84),100.0%(84),100.0%(84),100.0%(84),100.0%(84),97.62%(82),合格
PL2402602_-,-,LC002328-S01-D01-LPD-D503D726,1002306,984388,0.9821,0.1014,150,134,0.96,0.9,0.52,1118385,0.9958,0.9967,3303.91,0.949,0.3994,0.3463,0.0973,0.0568,0.9456,0.8043,1,1,1,0.9997,1,0.9933,1,0.9987,1,0.9307,84,0,100.0%(84),100.0%(84),100.0%(84),100.0%(84),100.0%(84),100.0%(84),100.0%(84),97.62%(82),合格
PL2402602_-,-,LC002331-S01-D01-LPD-D503D727,988450,972776,0.9841,0.0914,150,136,0.96,0.9,0.53,1130495,0.9966,0.9903,3292.54,0.9439,0.3864,0.369,0.0874,0.0627,0.9257,0.7658,1,1,1,0.9994,1,0.9997,1,0.9987,0.9349,0.9321,84,0,100.0%(84),100.0%(84),100.0%(84),100.0%(84),100.0%(84),100.0%(84),98.81%(83),96.43%(81),合格
PL2402602_-,-,LC002348-S01-D01-LPD-D503D728,1084430,1070186,0.9869,0.0743,150,138,0.96,0.9,0.52,1096126,0.9833,0.9977,3105.77,0.8619,0.529,0.2146,0.0366,0.038,0.9777,0.9515,1,1,1,0.9994,1,0.9997,1,0.9946,0.9771,0.9321,84,0,100.0%(84),100.0%(84),100.0%(84),100.0%(84),100.0%(84),100.0%(84),100.0%(84),100.0%(84),合格
250219151728_B137_SKII13548-YY2-250219151728,B137,LC002351-S01-D01-LPD-D503D729,727720,631606,0.8679,0.1281,138,126,0.98,0.95,0.51,664109,0.9889,0.9908,1740.62,0.9154,0.4651,0.3145,0.0358,0.0478,0.9316,0.9088,1,1,0.9996,0.9975,1,0.993,1,0.9895,0.9343,0.9315,84,0,100.0%(84),100.0%(84),100.0%(84),100.0%(84),100.0%(84),98.81%(83),96.43%(81),89.29%(75),合格
250219151728_B137_SKII13548-YY2-250219151728,B137,LC002375-S01-D01-LPD-D503D730,762592,653984,0.8576,0.1433,137,125,0.98,0.95,0.5,659020,0.9671,0.9961,1717.59,0.9196,0.477,0.3526,0.0235,0.034,0.9367,0.6853,1,0.9903,0.9989,0.9799,0.9997,0.9939,1,0.9636,0.9994,0.931,84,0,100.0%(84),100.0%(84),100.0%(84),100.0%(84),100.0%(84),98.81%(83),94.05%(79),89.29%(75),合格
250219151728_B137_SKII13548-YY2-250219151728,B137,LC002394-S01-D01-LPD-D503D731,862450,759032,0.8801,0.1299,138,125,0.98,0.95,0.51,813482,0.9976,0.9935,2232.64,0.9548,0.466,0.3556,0.0556,0.0356,0.9268,0.8292,1,1,1,0.9987,1,0.9997,1,0.9684,0.9698,0.8558,84,0,100.0%(84),100.0%(84),100.0%(84),100.0%(84),100.0%(84),98.81%(83),96.43%(81),91.67%(77),合格
250219151728_B137_SKII13548-YY2-250219151728,B137,LC002395-S01-D01-LPD-D503D732,747824,657078,0.8787,0.1383,139,125,0.98,0.95,0.51,694728,0.9943,0.9946,1916.81,0.9591,0.4417,0.3972,0.0635,0.0307,0.9122,0.7442,1,1,1,0.9981,1,0.9994,0.9997,0.8114,0.9818,0.9315,84,0,100.0%(84),100.0%(84),100.0%(84),100.0%(84),100.0%(84),98.81%(83),95.24%(80),86.9%(73),合格
250219151728_B137_SKII13548-YY2-250219151728,B137,LC002653-S01-D01-LPD-D503D733,757864,662172,0.8737,0.1039,138,129,0.98,0.95,0.51,690686,0.9866,0.9953,1874.52,0.9131,0.5823,0.229,0.0347,0.0299,0.9472,0.8721,1,1,0.9998,0.9975,1,0.9994,1,0.9744,0.9874,0.9312,84,0,100.0%(84),100.0%(84),100.0%(84),100.0%(84),100.0%(84),100.0%(84),97.62%(82),90.48%(76),合格
250219151728_B137_SKII13548-YY2-250219151728,B137,LC002657-S01-D01-LPD-D503D734,638378,552222,0.865,0.1286,137,127,0.98,0.95,0.5,561396,0.9726,0.9905,1471.6,0.9137,0.5919,0.2486,0.0193,0.0303,0.9468,0.6419,1,0.9515,0.9993,0.8443,1,0.9982,0.9997,0.9108,0.9407,0.9352,84,0,100.0%(84),100.0%(84),100.0%(84),100.0%(84),100.0%(84),100.0%(84),97.62%(82),91.67%(77),合格
250219151728_B137_SKII13548-YY2-250219151728,B137,LC002659-S01-D01-LPD-D503D735,856036,755114,0.8821,0.1216,139,127,0.98,0.95,0.5,799814,0.9966,0.9922,2222.87,0.9456,0.6053,0.2455,0.037,0.0285,0.9386,0.7165,1,1,0.9998,0.9972,0.9997,0.9899,1,0.9677,0.9561,0.9304,84,0,100.0%(84),100.0%(84),100.0%(84),100.0%(84),100.0%(84),100.0%(84),97.62%(82),92.86%(78),合格
250219151728_B137_SKII13548-YY2-250219151728,B137,LC002978-S01-D01-LPD-D503D737,973028,856656,0.8804,0.1196,137,127,0.98,0.95,0.51,913927,0.9971,0.9944,2522.02,0.9474,0.5148,0.3172,0.0455,0.0317,0.9379,0.853,1,1,1,0.9984,1,0.9994,1,0.9974,0.9782,0.931,84,0,100.0%(84),100.0%(84),100.0%(84),100.0%(84),100.0%(84),100.0%(84),97.62%(82),94.05%(79),合格
250219151728_B137_SKII13548-YY2-250219151728,B137,LC003171-S01-D01-LPD-D503D738,747124,655710,0.8776,0.1246,139,127,0.98,0.95,0.51,693168,0.9972,0.9923,1965.51,0.9664,0.4115,0.4332,0.0693,0.027,0.904,0.7654,1,1,1,0.9984,1,0.9991,0.9997,0.8888,0.9575,0.917,84,0,100.0%(84),100.0%(84),100.0%(84),100.0%(84),100.0%(84),98.81%(83),97.62%(82),85.71%(72),合格
250219151728_B137_SKII13548-YY2-250219151728,B137,LC003178-S01-D01-LPD-D503D739,698386,607848,0.8704,0.1208,138,127,0.98,0.95,0.51,645918,0.998,0.9964,1757.15,0.9493,0.531,0.308,0.0429,0.0362,0.9247,0.8224,1,1,1,0.9962,1,0.9994,0.9997,0.9485,0.9992,0.931,84,0,100.0%(84),100.0%(84),100.0%(84),100.0%(84),100.0%(84),98.81%(83),95.24%(80),90.48%(76),合格
250219151728_B137_SKII13548-YY2-250219151728,B137,CN001477-S09-D03-LPD-D502D733,529984,464920,0.8772,0.115,137,127,0.98,0.95,0.51,489726,0.9874,0.9973,1303.44,0.9186,0.5001,0.305,0.0352,0.016,0.8873,0.8192,1,1,0.999,0.9928,0.9997,0.9954,0.999,0.8613,0.9986,0.9318,84,0,100.0%(84),100.0%(84),100.0%(84),100.0%(84),98.81%(83),97.62%(82),91.67%(77),83.33%(70),合格
250219151728_B137_SKII13548-YY2-250219151728,B137,LC003179-S01-D01-LPD-D503D740,753684,666560,0.8844,0.1293,139,126,0.99,0.95,0.5,692516,0.9885,0.9898,1952.94,0.958,0.4581,0.3712,0.064,0.0309,0.9211,0.7944,1,1,0.9998,0.9979,1,0.9997,1,0.9751,0.9338,0.9293,84,0,100.0%(84),100.0%(84),100.0%(84),100.0%(84),98.81%(83),98.81%(83),96.43%(81),85.71%(72),合格
250219151728_B137_SKII13548-YY2-250219151728,B137,LC003181-S01-D01-LPD-D503D741,786192,694226,0.883,0.1368,138,124,0.98,0.95,0.51,741855,0.9978,0.9983,1996.76,0.9412,0.579,0.252,0.0414,0.0324,0.931,0.8348,1,1,1,0.9934,1,0.9994,1,0.9562,0.9883,0.931,84,0,100.0%(84),100.0%(84),100.0%(84),100.0%(84),100.0%(84),98.81%(83),96.43%(81),91.67%(77),合格
250219151728_B137_SKII13548-YY2-250219151728,B137,LC003182-S01-D01-LPD-D503D742,757090,658436,0.8697,0.1268,137,126,0.98,0.95,0.5,683174,0.9885,0.9934,1903,0.9547,0.4202,0.4029,0.0633,0.0346,0.9158,0.817,1,1,1,0.9981,1,0.9994,1,0.9735,0.9681,0.9296,84,0,100.0%(84),100.0%(84),100.0%(84),100.0%(84),98.81%(83),97.62%(82),95.24%(80),84.52%(71),合格
250219151728_B137_SKII13548-YY2-250219151728,B137,LC001881-S02-D01-LPD-D503D744,731060,628044,0.8591,0.1323,137,125,0.98,0.95,0.51,638571,0.9739,0.9919,1676,0.9169,0.4639,0.3497,0.0266,0.0303,0.9316,0.7299,1,1,0.9998,0.993,1,0.9994,0.9965,0.9163,0.9561,0.9304,84,0,100.0%(84),100.0%(84),100.0%(84),100.0%(84),98.81%(83),98.81%(83),95.24%(80),88.1%(74),合格
250219151728_B137_SKII13548-YY2-250219151728,B137,LC002160-S01-D01-LPD-D502D741,648848,574420,0.8853,0.1311,137,125,0.98,0.95,0.5,612218,0.9854,0.9957,1569.03,0.9102,0.5666,0.2779,0.0182,0.0118,0.9081,0.6488,1,1,0.9989,0.9904,1,0.9859,0.9984,0.7999,0.9992,0.9282,84,0,100.0%(84),100.0%(84),100.0%(84),100.0%(84),98.81%(83),98.81%(83),95.24%(80),86.9%(73),合格
250219151728_B137_SKII13548-YY2-250219151728,B137,LC002397-S01-D01-LPD-D503D720,953398,841006,0.8821,0.1183,138,127,0.98,0.95,0.51,890281,0.9948,0.9965,2436.91,0.9308,0.5744,0.2537,0.0365,0.0304,0.9417,0.8569,1,1,1,0.998,1,0.9991,1,0.999,0.9992,0.931,84,0,100.0%(84),100.0%(84),100.0%(84),100.0%(84),100.0%(84),100.0%(84),97.62%(82),94.05%(79),合格
250219151728_B137_SKII13548-YY2-250219151728,B137,LC002134-S01-D01-LPD-D503D721,807268,704990,0.8733,0.125,137,126,0.98,0.95,0.52,715010,0.962,0.9982,1861.09,0.8993,0.4925,0.2786,0.0343,0.0388,0.9351,0.9124,1,1,1,0.9976,1,0.9994,1,0.9933,0.9958,0.934,84,0,100.0%(84),100.0%(84),100.0%(84),100.0%(84),98.81%(83),98.81%(83),95.24%(80),89.29%(75),合格
250219151728_B137_SKII13548-YY2-250219151728,B137,LC002136-S01-D01-LPD-D503D722,759762,661162,0.8702,0.1292,137,126,0.98,0.95,0.51,675065,0.9732,0.9938,1785.29,0.9115,0.4899,0.2959,0.0372,0.0407,0.9311,0.7976,1,1,0.9996,0.9917,1,0.9997,1,0.9738,0.9723,0.9307,84,0,100.0%(84),100.0%(84),100.0%(84),100.0%(84),100.0%(84),98.81%(83),95.24%(80),91.67%(77),合格
250219151728_B137_SKII13548-YY2-250219151728,B137,LC002325-S01-D01-LPD-D503D725,815220,713002,0.8746,0.1437,138,124,0.98,0.95,0.51,762693,0.9975,0.9929,2043.54,0.9508,0.4493,0.3724,0.0607,0.0357,0.9031,0.7948,1,1,1,0.9982,1,0.9991,1,0.9725,0.9625,0.929,84,0,100.0%(84),100.0%(84),100.0%(84),100.0%(84),100.0%(84),98.81%(83),97.62%(82),89.29%(75),合格
250219151728_B137_SKII13548-YY2-250219151728,B137,LC002328-S01-D01-LPD-D503D726,761054,659708,0.8668,0.136,136,123,0.98,0.95,0.51,703873,0.9974,0.9931,1889.02,0.9563,0.4442,0.3721,0.0681,0.035,0.909,0.7831,1,1,1,0.9966,1,0.9908,1,0.9786,0.9659,0.924,84,0,100.0%(84),100.0%(84),100.0%(84),100.0%(84),98.81%(83),98.81%(83),95.24%(80),84.52%(71),合格
250219151728_B137_SKII13548-YY2-250219151728,B137,LC002331-S01-D01-LPD-D503D727,698800,614242,0.879,0.1326,138,126,0.98,0.95,0.51,667234,0.9981,0.9899,1799.25,0.9514,0.4265,0.3924,0.0618,0.0399,0.8843,0.7177,1,1,0.9999,0.9765,1,0.9991,0.9997,0.9626,0.9338,0.9301,84,0,100.0%(84),100.0%(84),100.0%(84),100.0%(84),100.0%(84),98.81%(83),92.86%(78),86.9%(73),合格
250219151728_B137_SKII13548-YY2-250219151728,B137,LC002348-S01-D01-LPD-D503D728,750508,659332,0.8785,0.1099,138,128,0.98,0.95,0.51,691446,0.9872,0.9956,1812.49,0.8838,0.5772,0.2184,0.0274,0.025,0.9492,0.8447,1,1,0.9996,0.996,1,0.9997,0.9984,0.9335,0.9827,0.931,84,0,100.0%(84),100.0%(84),100.0%(84),100.0%(84),100.0%(84),100.0%(84),97.62%(82),92.86%(78),合格
250307163627_B137_SKII13657-YY2-250307163628,B137,LC002351-S01-D01-LPD-D503D729,1033474,913496,0.8839,0.1493,144,129,0.98,0.96,0.51,988810,0.9917,0.9998,2806.6,0.9152,0.4487,0.3241,0.0379,0.0511,0.943,0.9398,1,1,1,0.9984,1,0.9942,0.9997,0.999,0.9986,0.9321,84,0,100.0%(84),100.0%(84),100.0%(84),100.0%(84),100.0%(84),100.0%(84),98.81%(83),94.05%(79),合格
250307163627_B137_SKII13657-YY2-250307163628,B137,LC002375-S01-D01-LPD-D503D730,1095744,955818,0.8723,0.1612,144,128,0.98,0.96,0.5,988323,0.9736,0.9939,2790.91,0.9192,0.4619,0.3628,0.0257,0.0355,0.9454,0.6996,1,1,0.9999,0.9938,1,0.9924,1,0.9888,0.9726,0.9315,84,0,100.0%(84),100.0%(84),100.0%(84),100.0%(84),100.0%(84),100.0%(84),98.81%(83),94.05%(79),合格
250307163627_B137_SKII13657-YY2-250307163628,B137,LC002394-S01-D01-LPD-D503D731,1187398,1054698,0.8882,0.1505,144,128,0.98,0.96,0.51,1103643,0.9983,0.9965,3238.99,0.9538,0.4504,0.3607,0.059,0.039,0.9339,0.8528,1,1,1,0.999,1,0.9997,1,0.999,0.9986,0.8561,84,0,100.0%(84),100.0%(84),100.0%(84),100.0%(84),100.0%(84),100.0%(84),97.62%(82),95.24%(80),合格
250307163627_B137_SKII13657-YY2-250307163628,B137,LC002395-S01-D01-LPD-D503D732,1012880,897476,0.8861,0.1601,145,127,0.98,0.96,0.51,974797,0.9955,0.993,2883.52,0.9584,0.4314,0.3996,0.0679,0.0333,0.9384,0.7688,1,1,1,0.9992,1,0.9997,0.9997,0.9581,0.9637,0.9326,84,0,100.0%(84),100.0%(84),100.0%(84),100.0%(84),100.0%(84),100.0%(84),97.62%(82),92.86%(78),合格
250307163627_B137_SKII13657-YY2-250307163628,B137,LC002653-S01-D01-LPD-D503D733,1066636,945072,0.886,0.1266,144,132,0.98,0.96,0.51,1011793,0.989,0.9968,2966.79,0.9101,0.5654,0.2354,0.038,0.0323,0.9554,0.9248,1,1,1,0.9987,1,0.9997,1,0.9984,0.9927,0.9321,84,0,100.0%(84),100.0%(84),100.0%(84),100.0%(84),100.0%(84),100.0%(84),100.0%(84),97.62%(82),合格
250307163627_B137_SKII13657-YY2-250307163628,B137,LC002657-S01-D01-LPD-D503D734,865762,758366,0.876,0.147,143,130,0.98,0.96,0.5,792551,0.9789,0.9928,2241.01,0.9129,0.5791,0.2535,0.0209,0.0345,0.9543,0.6793,1,0.9903,0.9998,0.9715,1,0.9994,0.9997,0.9428,0.9402,0.936,84,0,100.0%(84),100.0%(84),100.0%(84),100.0%(84),100.0%(84),100.0%(84),100.0%(84),95.24%(80),合格
250307163627_B137_SKII13657-YY2-250307163628,B137,LC002659-S01-D01-LPD-D503D735,1190648,1061620,0.8916,0.1449,145,130,0.98,0.96,0.5,1086593,0.9972,0.9945,3239.54,0.9434,0.5923,0.2486,0.041,0.0306,0.9548,0.7519,1,1,1,0.9988,1,0.9899,1,0.9795,0.9776,0.9318,84,0,100.0%(84),100.0%(84),100.0%(84),100.0%(84),100.0%(84),100.0%(84),100.0%(84),97.62%(82),合格
250307163627_B137_SKII13657-YY2-250307163628,B137,LC002978-S01-D01-LPD-D503D737,1301062,1154420,0.8873,0.1391,143,129,0.98,0.96,0.51,1096765,0.9977,0.999,3243.23,0.9453,0.5003,0.3227,0.0487,0.0342,0.9481,0.9051,1,1,1,0.999,1,0.9997,1,0.999,1,0.9321,84,0,100.0%(84),100.0%(84),100.0%(84),100.0%(84),100.0%(84),100.0%(84),98.81%(83),97.62%(82),合格
250307163627_B137_SKII13657-YY2-250307163628,B137,LC003171-S01-D01-LPD-D503D738,1036616,918990,0.8865,0.146,145,130,0.98,0.96,0.51,996274,0.9978,0.9947,3033.99,0.9649,0.3969,0.4399,0.0729,0.0289,0.93,0.7925,1,1,1,0.9993,1,0.9997,1,0.9585,0.9816,0.9293,84,0,100.0%(84),100.0%(84),100.0%(84),100.0%(84),100.0%(84),100.0%(84),98.81%(83),95.24%(80),合格
250307163627_B137_SKII13657-YY2-250307163628,B137,LC003178-S01-D01-LPD-D503D739,1007658,895062,0.8883,0.1489,145,129,0.98,0.96,0.51,978407,0.9987,0.9966,2886.4,0.9483,0.5131,0.315,0.0473,0.0394,0.9451,0.8647,1,1,1,0.9991,1,0.9997,1,0.9946,0.9997,0.9318,84,0,100.0%(84),100.0%(84),100.0%(84),100.0%(84),100.0%(84),100.0%(84),100.0%(84),95.24%(80),合格
250307163627_B137_SKII13657-YY2-250307163628,B137,CN001477-S09-D03-LPD-D502D733,793132,701904,0.885,0.1333,144,130,0.98,0.96,0.51,762929,0.9897,0.9962,2176.29,0.9169,0.4827,0.3137,0.0381,0.0178,0.9009,0.8376,1,1,0.9999,0.996,1,0.9979,0.9994,0.9134,1,0.9416,84,0,100.0%(84),100.0%(84),100.0%(84),100.0%(84),100.0%(84),100.0%(84),95.24%(80),90.48%(76),合格
250307163627_B137_SKII13657-YY2-250307163628,B137,LC003179-S01-D01-LPD-D503D740,1011738,897530,0.8871,0.149,144,129,0.98,0.96,0.5,954781,0.9901,0.991,2887.69,0.9571,0.4448,0.3754,0.0691,0.0333,0.9392,0.8041,1,1,1,0.9988,1,0.9997,1,0.9978,0.9433,0.9304,84,0,100.0%(84),100.0%(84),100.0%(84),100.0%(84),100.0%(84),100.0%(84),98.81%(83),95.24%(80),合格
250307163627_B137_SKII13657-YY2-250307163628,B137,LC003181-S01-D01-LPD-D503D741,1097442,973746,0.8873,0.1572,143,127,0.98,0.96,0.51,1067570,0.9983,0.9964,3072.31,0.9391,0.5647,0.2575,0.0445,0.0346,0.9471,0.8936,1,1,1,0.9987,1,0.9997,1,0.9984,0.9986,0.9321,84,0,100.0%(84),100.0%(84),100.0%(84),100.0%(84),100.0%(84),100.0%(84),100.0%(84),94.05%(79),合格
250307163627_B137_SKII13657-YY2-250307163628,B137,LC003182-S01-D01-LPD-D503D742,1026850,908030,0.8843,0.1478,143,129,0.98,0.96,0.5,965759,0.9915,0.9963,2913.12,0.954,0.4022,0.4108,0.0685,0.0372,0.9349,0.8331,1,1,1,0.9992,1,0.9997,1,0.9978,0.9978,0.9304,84,0,100.0%(84),100.0%(84),100.0%(84),100.0%(84),100.0%(84),100.0%(84),97.62%(82),95.24%(80),合格
250307163627_B137_SKII13657-YY2-250307163628,B137,LC001881-S02-D01-LPD-D503D744,994990,872590,0.877,0.1531,144,129,0.98,0.96,0.5,912067,0.9796,0.9937,2608.19,0.917,0.4451,0.3616,0.0289,0.0338,0.9453,0.7555,1,1,1,0.9956,1,0.9997,0.9978,0.945,0.9732,0.9321,84,0,100.0%(84),100.0%(84),100.0%(84),100.0%(84),100.0%(84),100.0%(84),97.62%(82),94.05%(79),合格
250307163627_B137_SKII13657-YY2-250307163628,B137,LC002160-S01-D01-LPD-D502D741,989290,879672,0.8892,0.1492,144,128,0.98,0.96,0.5,972314,0.9882,0.9994,2646.05,0.9079,0.5517,0.2859,0.0198,0.0131,0.9289,0.6833,1,1,0.9991,0.9934,1,0.9899,0.9997,0.906,0.9992,0.9296,84,0,100.0%(84),100.0%(84),100.0%(84),100.0%(84),100.0%(84),100.0%(84),97.62%(82),94.05%(79),合格
250307163627_B137_SKII13657-YY2-250307163628,B137,LC002397-S01-D01-LPD-D503D720,1330384,1182870,0.8891,0.1401,144,130,0.98,0.96,0.5,1085471,0.9955,0.9965,3178.48,0.9273,0.5577,0.2593,0.0401,0.0331,0.9491,0.9153,1,1,1,0.9989,1,0.9997,1,0.9984,0.9992,0.9315,84,0,100.0%(84),100.0%(84),100.0%(84),100.0%(84),100.0%(84),100.0%(84),100.0%(84),97.62%(82),合格
250307163627_B137_SKII13657-YY2-250307163628,B137,LC002134-S01-D01-LPD-D503D721,1082564,956444,0.8835,0.1444,143,129,0.98,0.96,0.52,998206,0.9695,0.997,2796.17,0.8968,0.4774,0.2838,0.0364,0.0421,0.9481,0.9408,1,1,1,0.9986,1,0.9997,1,0.9994,1,0.934,84,0,100.0%(84),100.0%(84),100.0%(84),100.0%(84),100.0%(84),100.0%(84),98.81%(83),94.05%(79),合格
250307163627_B137_SKII13657-YY2-250307163628,B137,LC002136-S01-D01-LPD-D503D722,1039410,916234,0.8815,0.1498,144,129,0.98,0.96,0.51,959555,0.9784,0.9962,2737.77,0.9096,0.4734,0.3039,0.0393,0.0432,0.9434,0.8184,1,1,0.9998,0.9968,1,0.9997,1,0.999,0.9966,0.9324,84,0,100.0%(84),100.0%(84),100.0%(84),100.0%(84),100.0%(84),100.0%(84),98.81%(83),94.05%(79),合格
250307163627_B137_SKII13657-YY2-250307163628,B137,LC002325-S01-D01-LPD-D503D725,1116538,986310,0.8834,0.166,144,126,0.98,0.96,0.51,1086965,0.998,0.9961,3120.44,0.9501,0.4363,0.3787,0.0641,0.0372,0.9227,0.8008,1,1,1,0.9992,1,0.9997,1,0.9949,0.9832,0.9304,84,0,100.0%(84),100.0%(84),100.0%(84),100.0%(84),100.0%(84),100.0%(84),98.81%(83),96.43%(81),合格
250307163627_B137_SKII13657-YY2-250307163628,B137,LC002328-S01-D01-LPD-D503D726,1112532,981142,0.8819,0.1607,142,126,0.98,0.96,0.51,1077497,0.9979,0.9965,3111.01,0.955,0.4288,0.3753,0.0742,0.0382,0.9282,0.7967,1,1,1,0.9991,1,0.9939,1,0.9898,0.9992,0.9298,84,0,100.0%(84),100.0%(84),100.0%(84),100.0%(84),100.0%(84),100.0%(84),98.81%(83),95.24%(80),合格
250307163627_B137_SKII13657-YY2-250307163628,B137,LC002331-S01-D01-LPD-D503D727,972052,863410,0.8882,0.1541,144,128,0.98,0.96,0.51,968022,0.9986,0.9902,2769.09,0.9502,0.4136,0.3952,0.0663,0.0428,0.9122,0.735,1,1,1,0.9908,1,0.9997,1,0.9885,0.9354,0.9307,84,0,100.0%(84),100.0%(84),100.0%(84),100.0%(84),100.0%(84),100.0%(84),97.62%(82),91.67%(77),合格
250307163627_B137_SKII13657-YY2-250307163628,B137,LC002348-S01-D01-LPD-D503D728,1040338,925734,0.8898,0.1303,144,131,0.98,0.96,0.51,996914,0.9893,0.9939,2806.99,0.8787,0.5619,0.2231,0.0295,0.0275,0.9577,0.9093,1,1,1,0.9986,1,0.9997,0.9994,0.9907,0.9729,0.9321,84,0,100.0%(84),100.0%(84),100.0%(84),100.0%(84),100.0%(84),100.0%(84),100.0%(84),97.62%(82),合格
250314152904_B096_SKII13727-QC6-100M-1-250314152905,B096,LC002351-S01-D01-LPD-D503D729,909058,811980,0.8932,0.1525,143,127,0.98,0.95,0.51,871893,0.9834,0.9921,2440.92,0.9162,0.4524,0.31,0.0382,0.0561,0.9531,0.9369,1,1,0.9999,0.998,1,0.9945,1,0.999,0.9416,0.9315,84,0,100.0%(84),100.0%(84),100.0%(84),100.0%(84),100.0%(84),100.0%(84),100.0%(84),94.05%(79),合格
250314152904_B096_SKII13727-QC6-100M-1-250314152905,B096,LC002375-S01-D01-LPD-D503D730,948992,840306,0.8855,0.1618,143,127,0.98,0.96,0.51,857355,0.9597,0.9949,2384.19,0.9181,0.4635,0.3533,0.0264,0.0395,0.9537,0.7001,1,1,0.9998,0.9946,1,0.9936,1,0.9588,0.983,0.9321,84,0,100.0%(84),100.0%(84),100.0%(84),100.0%(84),100.0%(84),100.0%(84),100.0%(84),94.05%(79),合格
250314152904_B096_SKII13727-QC6-100M-1-250314152905,B096,LC002394-S01-D01-LPD-D503D731,1038142,937718,0.9033,0.1527,143,127,0.98,0.95,0.52,1029252,0.9933,0.9962,2958.61,0.9482,0.4422,0.3487,0.0657,0.0429,0.9401,0.8566,1,1,1,0.9991,1,0.9997,1,0.9952,0.9958,0.8563,84,0,100.0%(84),100.0%(84),100.0%(84),100.0%(84),100.0%(84),100.0%(84),100.0%(84),95.24%(80),合格
250314152904_B096_SKII13727-QC6-100M-1-250314152905,B096,LC002395-S01-D01-LPD-D503D732,907834,816372,0.8993,0.1627,143,126,0.98,0.96,0.51,882731,0.9896,0.9958,2555.12,0.9572,0.4299,0.3858,0.0739,0.0377,0.9389,0.7639,1,1,1,0.9992,1,0.9997,1,0.9195,0.9902,0.9329,84,0,100.0%(84),100.0%(84),100.0%(84),100.0%(84),100.0%(84),100.0%(84),98.81%(83),91.67%(77),合格
250314152904_B096_SKII13727-QC6-100M-1-250314152905,B096,LC002653-S01-D01-LPD-D503D733,925366,833490,0.9007,0.1324,143,130,0.98,0.96,0.51,886657,0.982,0.9993,2551.58,0.9071,0.5566,0.2331,0.0407,0.0363,0.9612,0.9157,1,1,1,0.9984,1,0.9997,1,0.9981,1,0.9315,84,0,100.0%(84),100.0%(84),100.0%(84),100.0%(84),100.0%(84),100.0%(84),100.0%(84),96.43%(81),合格
250314152904_B096_SKII13727-QC6-100M-1-250314152905,B096,LC002657-S01-D01-LPD-D503D734,760144,669556,0.8808,0.1489,142,128,0.98,0.96,0.51,690310,0.965,0.9906,1907.1,0.9098,0.5771,0.2455,0.0231,0.0376,0.9678,0.6879,1,0.9709,0.9996,0.9273,1,0.9991,0.9997,0.9271,0.941,0.9363,84,0,100.0%(84),100.0%(84),100.0%(84),100.0%(84),100.0%(84),100.0%(84),100.0%(84),94.05%(79),合格
250314152904_B096_SKII13727-QC6-100M-1-250314152905,B096,LC002659-S01-D01-LPD-D503D735,1005900,907984,0.9027,0.147,144,129,0.98,0.96,0.51,982195,0.9915,0.994,2878.81,0.941,0.5889,0.2435,0.0425,0.0335,0.9622,0.7518,1,1,1,0.9988,1,0.9905,1,0.9565,0.974,0.9315,84,0,100.0%(84),100.0%(84),100.0%(84),100.0%(84),100.0%(84),100.0%(84),100.0%(84),97.62%(82),合格
250314152904_B096_SKII13727-QC6-100M-1-250314152905,B096,LC002978-S01-D01-LPD-D503D737,1137200,1022906,0.8995,0.1418,142,128,0.98,0.95,0.51,1092647,0.9929,0.9979,3180.4,0.945,0.4974,0.3202,0.0518,0.0361,0.9572,0.8782,1,1,1,0.999,1,0.9997,1,0.9978,0.9994,0.9318,84,0,100.0%(84),100.0%(84),100.0%(84),100.0%(84),100.0%(84),100.0%(84),100.0%(84),96.43%(81),合格
250314152904_B096_SKII13727-QC6-100M-1-250314152905,B096,LC003171-S01-D01-LPD-D503D738,870222,783782,0.9007,0.1461,144,128,0.98,0.95,0.51,844631,0.9919,0.9917,2526.95,0.9632,0.3912,0.4325,0.0782,0.0328,0.9336,0.7936,1,1,1,0.9992,1,0.9997,1,0.9169,0.9508,0.9223,84,0,100.0%(84),100.0%(84),100.0%(84),100.0%(84),100.0%(84),100.0%(84),98.81%(83),94.05%(79),合格
250314152904_B096_SKII13727-QC6-100M-1-250314152905,B096,LC003178-S01-D01-LPD-D503D739,887220,796892,0.8982,0.1562,144,127,0.98,0.96,0.52,868061,0.9933,0.9964,2515.27,0.9484,0.5076,0.3133,0.0492,0.042,0.9489,0.8508,1,1,1,0.999,1,0.9997,1,0.9799,0.9989,0.9315,84,0,100.0%(84),100.0%(84),100.0%(84),100.0%(84),100.0%(84),100.0%(84),98.81%(83),91.67%(77),合格
250314152904_B096_SKII13727-QC6-100M-1-250314152905,B096,CN001477-S09-D03-LPD-D502D733,678184,612354,0.9029,0.1325,144,130,0.98,0.96,0.52,665528,0.9817,0.9964,1860.99,0.9122,0.4696,0.31,0.0399,0.0206,0.9156,0.8417,1,1,0.9998,0.9952,1,0.9969,0.9997,0.9067,1,0.9617,84,0,100.0%(84),100.0%(84),100.0%(84),100.0%(84),100.0%(84),100.0%(84),96.43%(81),88.1%(74),合格
250314152904_B096_SKII13727-QC6-100M-1-250314152905,B096,LC003179-S01-D01-LPD-D503D740,893384,803464,0.8993,0.1525,143,128,0.98,0.95,0.51,848409,0.9828,0.9966,2513.52,0.9512,0.4377,0.3643,0.0733,0.0366,0.9437,0.7978,1,1,1,0.9987,1,0.9997,1,0.9923,1,0.9298,84,0,100.0%(84),100.0%(84),100.0%(84),100.0%(84),100.0%(84),100.0%(84),98.81%(83),94.05%(79),合格
250314152904_B096_SKII13727-QC6-100M-1-250314152905,B096,LC003181-S01-D01-LPD-D503D741,931618,838706,0.9003,0.1646,142,125,0.98,0.95,0.52,912775,0.9936,0.9946,2568.06,0.9367,0.5626,0.2502,0.0475,0.0375,0.9484,0.8508,1,1,1,0.9986,1,0.9997,1,0.969,0.9802,0.9315,84,0,100.0%(84),100.0%(84),100.0%(84),100.0%(84),100.0%(84),100.0%(84),98.81%(83),95.24%(80),合格
250314152904_B096_SKII13727-QC6-100M-1-250314152905,B096,LC003182-S01-D01-LPD-D503D742,909214,817576,0.8992,0.1505,143,128,0.98,0.96,0.51,862625,0.9824,0.9966,2555.3,0.9522,0.4028,0.3991,0.0746,0.04,0.9441,0.8288,1,1,1,0.999,1,0.9997,1,0.9914,1,0.9307,84,0,100.0%(84),100.0%(84),100.0%(84),100.0%(84),100.0%(84),100.0%(84),98.81%(83),92.86%(78),合格
250314152904_B096_SKII13727-QC6-100M-1-250314152905,B096,LC001881-S02-D01-LPD-D503D744,957374,853398,0.8914,0.1581,143,126,0.98,0.96,0.51,880787,0.9697,0.9932,2463.22,0.9153,0.4498,0.3454,0.0279,0.0363,0.9517,0.7668,1,1,0.9999,0.9951,1,0.9997,0.999,0.9156,0.95,0.931,84,0,100.0%(84),100.0%(84),100.0%(84),100.0%(84),100.0%(84),100.0%(84),100.0%(84),92.86%(78),合格
250314152904_B096_SKII13727-QC6-100M-1-250314152905,B096,LC002160-S01-D01-LPD-D502D741,774356,700942,0.9052,0.1476,144,128,0.98,0.96,0.5,772920,0.9806,0.9994,2070.64,0.9041,0.5502,0.2804,0.0199,0.0141,0.9374,0.6986,1,1,0.9996,0.992,0.9997,0.9853,0.999,0.8849,0.9994,0.9296,84,0,100.0%(84),100.0%(84),100.0%(84),100.0%(84),100.0%(84),100.0%(84),98.81%(83),91.67%(77),合格
250314152904_B096_SKII13727-QC6-100M-1-250314152905,B096,LC002397-S01-D01-LPD-D503D720,1121068,1013552,0.9041,0.1431,142,128,0.98,0.96,0.51,1079017,0.9903,0.9966,3112,0.9297,0.5624,0.2536,0.0402,0.0347,0.9589,0.9176,1,1,1,0.9988,1,0.9997,1,0.9978,1,0.9324,84,0,100.0%(84),100.0%(84),100.0%(84),100.0%(84),100.0%(84),100.0%(84),100.0%(84),98.81%(83),合格
250314152904_B096_SKII13727-QC6-100M-1-250314152905,B096,LC002134-S01-D01-LPD-D503D721,939468,843562,0.8979,0.1463,142,127,0.98,0.95,0.53,867110,0.9546,0.9984,2376.74,0.8936,0.4702,0.2788,0.0374,0.0432,0.9569,0.9401,1,1,1,0.9978,1,0.9997,1,0.999,1,0.934,84,0,100.0%(84),100.0%(84),100.0%(84),100.0%(84),100.0%(84),100.0%(84),100.0%(84),91.67%(77),合格
250314152904_B096_SKII13727-QC6-100M-1-250314152905,B096,LC002136-S01-D01-LPD-D503D722,916174,817990,0.8928,0.1544,142,127,0.98,0.96,0.52,845458,0.9653,0.9986,2350.28,0.9052,0.4738,0.2903,0.0413,0.0475,0.9529,0.8075,1,1,0.9999,0.9968,1,0.9997,1,0.999,1,0.9315,84,0,100.0%(84),100.0%(84),100.0%(84),100.0%(84),100.0%(84),100.0%(84),100.0%(84),94.05%(79),合格
250314152904_B096_SKII13727-QC6-100M-1-250314152905,B096,LC002325-S01-D01-LPD-D503D725,1021342,913078,0.894,0.1711,143,124,0.98,0.95,0.52,1000567,0.9929,0.9936,2803.42,0.9481,0.4336,0.3688,0.0677,0.0394,0.9242,0.8114,1,1,1,0.9991,1,0.9997,1,0.9588,0.969,0.931,84,0,100.0%(84),100.0%(84),100.0%(84),100.0%(84),100.0%(84),100.0%(84),100.0%(84),95.24%(80),合格
250314152904_B096_SKII13727-QC6-100M-1-250314152905,B096,LC002328-S01-D01-LPD-D503D726,930934,834134,0.896,0.1639,141,125,0.98,0.96,0.52,912056,0.9924,0.9935,2588.47,0.9516,0.4285,0.358,0.0787,0.0438,0.9281,0.7836,1,1,1,0.9991,1,0.993,1,0.9901,0.9693,0.9307,84,0,100.0%(84),100.0%(84),100.0%(84),100.0%(84),100.0%(84),100.0%(84),98.81%(83),90.48%(76),合格
250314152904_B096_SKII13727-QC6-100M-1-250314152905,B096,LC002331-S01-D01-LPD-D503D727,813336,728294,0.8954,0.1547,142,126,0.98,0.95,0.52,813478,0.9935,0.9901,2281.93,0.9479,0.4153,0.3793,0.0715,0.048,0.9107,0.7355,1,1,1,0.9826,1,0.9997,1,0.9645,0.9349,0.931,84,0,100.0%(84),100.0%(84),100.0%(84),100.0%(84),100.0%(84),100.0%(84),95.24%(80),89.29%(75),合格
250314152904_B096_SKII13727-QC6-100M-1-250314152905,B096,LC002348-S01-D01-LPD-D503D728,863072,780994,0.9049,0.1341,143,130,0.98,0.96,0.51,831401,0.9797,0.9948,2308.2,0.8772,0.5635,0.2138,0.0311,0.03,0.9671,0.9158,1,1,1,0.9988,1,0.9997,0.9997,0.968,0.9653,0.9321,84,0,100.0%(84),100.0%(84),100.0%(84),100.0%(84),100.0%(84),100.0%(84),100.0%(84),98.81%(83),合格
250315103452_B097_SKII13731-QC6-100M-1-250315103453,B097,LC002351-S01-D01-LPD-D503D729,1068876,976368,0.9135,0.1512,141,127,0.98,0.95,0.51,1058820,0.9875,0.9941,2969.24,0.9137,0.4516,0.3158,0.0369,0.0539,0.9437,0.9236,1,1,0.9997,0.998,1,0.9942,1,0.999,0.9595,0.9324,84,0,100.0%(84),100.0%(84),100.0%(84),100.0%(84),100.0%(84),100.0%(84),98.81%(83),95.24%(80),合格
250315103452_B097_SKII13731-QC6-100M-1-250315103453,B097,LC002375-S01-D01-LPD-D503D730,1112096,1003462,0.9023,0.1613,141,126,0.98,0.96,0.51,1028045,0.963,0.9933,2870.8,0.9164,0.463,0.3524,0.0253,0.0388,0.9481,0.6972,1,1,0.9994,0.9929,1,0.9942,1,0.9795,0.969,0.9324,84,0,100.0%(84),100.0%(84),100.0%(84),100.0%(84),100.0%(84),100.0%(84),98.81%(83),94.05%(79),合格
250315103452_B097_SKII13731-QC6-100M-1-250315103453,B097,LC002394-S01-D01-LPD-D503D731,1223072,1118046,0.9141,0.1532,141,126,0.98,0.95,0.52,1107347,0.9966,0.996,3216.05,0.9539,0.454,0.3546,0.059,0.0399,0.9396,0.8417,1,1,1,0.9988,1,0.9997,1,0.999,0.9944,0.8563,84,0,100.0%(84),100.0%(84),100.0%(84),100.0%(84),100.0%(84),100.0%(84),98.81%(83),95.24%(80),合格
250315103452_B097_SKII13731-QC6-100M-1-250315103453,B097,LC002395-S01-D01-LPD-D503D732,1060660,970208,0.9147,0.1621,141,126,0.98,0.96,0.51,1057404,0.9932,0.9958,3092.14,0.957,0.4342,0.3897,0.069,0.0351,0.9315,0.7524,1,1,1,0.9988,1,0.9997,0.9994,0.9556,0.9922,0.9335,84,0,100.0%(84),100.0%(84),100.0%(84),100.0%(84),100.0%(84),100.0%(84),97.62%(82),95.24%(80),合格
250315103452_B097_SKII13731-QC6-100M-1-250315103453,B097,LC002653-S01-D01-LPD-D503D733,1089018,999824,0.9181,0.1302,141,130,0.98,0.96,0.52,1071224,0.9844,0.9966,3108.05,0.9079,0.5651,0.2329,0.0377,0.0318,0.9567,0.9008,1,1,0.9998,0.9986,1,0.9997,1,0.9946,0.9832,0.9321,84,0,100.0%(84),100.0%(84),100.0%(84),100.0%(84),100.0%(84),100.0%(84),98.81%(83),98.81%(83),合格
250315103452_B097_SKII13731-QC6-100M-1-250315103453,B097,LC002657-S01-D01-LPD-D503D734,900444,815280,0.9054,0.1483,140,128,0.98,0.96,0.51,848228,0.9703,0.9926,2372.41,0.9123,0.5822,0.2471,0.0212,0.0361,0.9587,0.6678,1,0.9903,0.9992,0.9702,1,0.9997,1,0.9243,0.9413,0.9368,84,0,100.0%(84),100.0%(84),100.0%(84),100.0%(84),100.0%(84),100.0%(84),98.81%(83),96.43%(81),合格
250315103452_B097_SKII13731-QC6-100M-1-250315103453,B097,LC002659-S01-D01-LPD-D503D735,1203906,1107326,0.9198,0.148,141,128,0.98,0.96,0.51,1091341,0.9954,0.9915,3217.81,0.9433,0.5962,0.2408,0.0412,0.0321,0.9551,0.7581,1,1,0.9999,0.9982,1,0.9899,1,0.993,0.9494,0.9318,84,0,100.0%(84),100.0%(84),100.0%(84),100.0%(84),100.0%(84),100.0%(84),98.81%(83),97.62%(82),合格
250315103452_B097_SKII13731-QC6-100M-1-250315103453,B097,LC002978-S01-D01-LPD-D503D737,1361594,1247992,0.9166,0.1439,140,127,0.98,0.96,0.51,1100482,0.9961,0.9941,3224.2,0.9453,0.5036,0.3169,0.0493,0.0346,0.9517,0.8745,1,1,1,0.9988,1,0.9997,1,0.999,0.9754,0.9318,84,0,100.0%(84),100.0%(84),100.0%(84),100.0%(84),100.0%(84),100.0%(84),98.81%(83),97.62%(82),合格
250315103452_B097_SKII13731-QC6-100M-1-250315103453,B097,LC003171-S01-D01-LPD-D503D738,1057138,965780,0.9136,0.1513,140,127,0.98,0.95,0.51,1048367,0.9955,0.9958,3153.45,0.9652,0.4012,0.4324,0.0739,0.0301,0.9164,0.7838,1,1,1,0.9989,1,0.9997,1,0.9485,0.9925,0.9301,84,0,100.0%(84),100.0%(84),100.0%(84),100.0%(84),100.0%(84),100.0%(84),98.81%(83),95.24%(80),合格
250315103452_B097_SKII13731-QC6-100M-1-250315103453,B097,LC003178-S01-D01-LPD-D503D739,1044546,959832,0.9189,0.154,142,127,0.98,0.96,0.52,1053367,0.9971,0.9965,3083.33,0.9478,0.5165,0.3079,0.0472,0.0419,0.946,0.8453,1,1,1,0.9988,1,0.9997,1,0.999,0.9989,0.9318,84,0,100.0%(84),100.0%(84),100.0%(84),100.0%(84),100.0%(84),100.0%(84),97.62%(82),96.43%(81),合格
250315103452_B097_SKII13731-QC6-100M-1-250315103453,B097,CN001477-S09-D03-LPD-D502D733,814688,747124,0.9171,0.1327,141,129,0.98,0.96,0.52,816185,0.9849,0.9962,2309.64,0.9157,0.4788,0.3078,0.0388,0.0194,0.9023,0.8318,1,1,0.9996,0.996,1,0.9973,0.9997,0.9182,1,0.9592,84,0,100.0%(84),100.0%(84),100.0%(84),100.0%(84),100.0%(84),98.81%(83),95.24%(80),91.67%(77),合格
250315103452_B097_SKII13731-QC6-100M-1-250315103453,B097,LC003179-S01-D01-LPD-D503D740,1061862,971488,0.9149,0.151,141,127,0.98,0.95,0.51,1034139,0.9857,0.9931,3092.49,0.9571,0.4496,0.3662,0.0696,0.0346,0.9406,0.8064,1,1,1,0.9983,1,0.9997,1,0.9926,0.9349,0.9307,84,0,100.0%(84),100.0%(84),100.0%(84),100.0%(84),100.0%(84),100.0%(84),98.81%(83),96.43%(81),合格
250315103452_B097_SKII13731-QC6-100M-1-250315103453,B097,LC003181-S01-D01-LPD-D503D741,1102832,1011110,0.9168,0.163,140,125,0.98,0.96,0.52,1099240,0.9966,0.9967,3128.72,0.9394,0.5682,0.2531,0.044,0.0354,0.9487,0.8612,1,1,1,0.9977,1,0.9997,1,0.9946,0.9997,0.9318,84,0,100.0%(84),100.0%(84),100.0%(84),100.0%(84),100.0%(84),100.0%(84),98.81%(83),95.24%(80),合格
250315103452_B097_SKII13731-QC6-100M-1-250315103453,B097,LC003182-S01-D01-LPD-D503D742,1089924,992568,0.9107,0.1526,140,127,0.98,0.96,0.51,1056023,0.9877,0.9955,3153.39,0.9531,0.4054,0.3998,0.0703,0.0395,0.9375,0.8298,1,1,1,0.9987,1,0.9997,1,0.9981,0.9662,0.931,84,0,100.0%(84),100.0%(84),100.0%(84),100.0%(84),100.0%(84),98.81%(83),98.81%(83),95.24%(80),合格
250315103452_B097_SKII13731-QC6-100M-1-250315103453,B097,LC001881-S02-D01-LPD-D503D744,1118856,1013706,0.906,0.1555,140,126,0.98,0.96,0.51,1038727,0.9709,0.992,2933.17,0.9138,0.4501,0.3488,0.0278,0.035,0.9443,0.7568,1,1,0.9995,0.9952,1,0.9997,0.9987,0.9732,0.955,0.9315,84,0,100.0%(84),100.0%(84),100.0%(84),100.0%(84),100.0%(84),100.0%(84),98.81%(83),95.24%(80),合格
250315103452_B097_SKII13731-QC6-100M-1-250315103453,B097,LC002160-S01-D01-LPD-D502D741,954912,881036,0.9226,0.1515,142,127,0.98,0.96,0.51,976022,0.9831,0.997,2626.99,0.9041,0.5526,0.2782,0.0194,0.0141,0.9302,0.6903,1,1,0.9992,0.9943,1,0.9884,1,0.914,1,0.9301,84,0,100.0%(84),100.0%(84),100.0%(84),100.0%(84),100.0%(84),100.0%(84),97.62%(82),95.24%(80),合格
250315103452_B097_SKII13731-QC6-100M-1-250315103453,B097,LC002397-S01-D01-LPD-D503D720,1303326,1195878,0.9176,0.1387,141,128,0.98,0.96,0.51,1088742,0.9932,0.9965,3161.53,0.9278,0.5637,0.2533,0.0391,0.0334,0.9549,0.8837,1,1,1,0.9982,1,0.9997,1,0.999,0.9994,0.9315,84,0,100.0%(84),100.0%(84),100.0%(84),100.0%(84),100.0%(84),100.0%(84),98.81%(83),97.62%(82),合格
250315103452_B097_SKII13731-QC6-100M-1-250315103453,B097,LC002134-S01-D01-LPD-D503D721,1141296,1039406,0.9107,0.1453,139,127,0.98,0.95,0.53,1034465,0.9573,0.9966,2865.21,0.8943,0.4767,0.2772,0.0367,0.0431,0.9498,0.9336,1,1,1,0.9978,1,0.9997,1,0.9994,1,0.9343,84,0,100.0%(84),100.0%(84),100.0%(84),100.0%(84),100.0%(84),100.0%(84),97.62%(82),94.05%(79),合格
250315103452_B097_SKII13731-QC6-100M-1-250315103453,B097,LC002136-S01-D01-LPD-D503D722,1085956,988180,0.91,0.1508,140,127,0.98,0.96,0.52,1029605,0.9692,0.9991,2901.99,0.9058,0.475,0.2925,0.0393,0.0462,0.9445,0.8163,1,1,0.9998,0.9967,1,0.9997,1,0.9978,1,0.9315,84,0,100.0%(84),100.0%(84),100.0%(84),100.0%(84),100.0%(84),100.0%(84),97.62%(82),95.24%(80),合格
250315103452_B097_SKII13731-QC6-100M-1-250315103453,B097,LC002325-S01-D01-LPD-D503D725,1163264,1059584,0.9109,0.1686,141,124,0.98,0.95,0.51,1105818,0.9962,0.9907,3141.41,0.9494,0.4392,0.3733,0.0646,0.037,0.9141,0.7969,1,1,1,0.9989,1,0.9997,1,0.9869,0.9402,0.9315,84,0,100.0%(84),100.0%(84),100.0%(84),100.0%(84),100.0%(84),100.0%(84),98.81%(83),96.43%(81),合格
250315103452_B097_SKII13731-QC6-100M-1-250315103453,B097,LC002328-S01-D01-LPD-D503D726,1100920,1001900,0.9101,0.1653,139,124,0.98,0.96,0.51,1103647,0.9959,0.9947,3159.28,0.9551,0.4303,0.3675,0.0758,0.0395,0.9223,0.7911,1,1,1,0.999,1,0.9936,1,0.9891,0.9793,0.9315,84,0,100.0%(84),100.0%(84),100.0%(84),100.0%(84),100.0%(84),100.0%(84),97.62%(82),95.24%(80),合格
250315103452_B097_SKII13731-QC6-100M-1-250315103453,B097,LC002331-S01-D01-LPD-D503D727,975494,889678,0.912,0.1571,139,125,0.98,0.95,0.52,1001867,0.997,0.9903,2832.44,0.9506,0.4165,0.389,0.0676,0.0438,0.904,0.7279,1,1,1,0.9847,1,0.9997,1,0.9837,0.9352,0.9315,84,0,100.0%(84),100.0%(84),100.0%(84),100.0%(84),100.0%(84),100.0%(84),97.62%(82),92.86%(78),合格
250315103452_B097_SKII13731-QC6-100M-1-250315103453,B097,LC002348-S01-D01-LPD-D503D728,1047318,963580,0.92,0.1346,141,129,0.98,0.96,0.51,1036765,0.9846,0.9964,2888.11,0.8763,0.5614,0.2186,0.0294,0.0282,0.959,0.9017,1,1,1,0.9979,1,0.9997,1,0.9853,0.9888,0.9318,84,0,100.0%(84),100.0%(84),100.0%(84),100.0%(84),100.0%(84),100.0%(84),100.0%(84),97.62%(82),合格
250506154409_B085_SK13920_RPA-B-YY2-250506154409,B085,LC002351-S01-D01-LPD-D503D729,418248,374542,0.8955,0.1487,137,125,0.98,0.96,0.52,400116,0.9809,0.9971,1086.86,0.9112,0.4419,0.3015,0.0428,0.0649,0.9566,0.9484,1,1,1,0.9965,0.9997,0.985,0.9997,0.9482,0.9869,0.9312,84,0,100.0%(84),100.0%(84),100.0%(84),100.0%(84),100.0%(84),100.0%(84),94.05%(79),76.19%(64),合格
250506154409_B085_SK13920_RPA-B-YY2-250506154409,B085,LC002375-S01-D01-LPD-D503D730,428312,382766,0.8937,0.1536,138,124,0.98,0.96,0.52,387788,0.9577,0.995,1045.22,0.9087,0.4455,0.341,0.03,0.0499,0.956,0.7069,1,0.9903,0.999,0.9651,1,0.9869,0.9997,0.9051,0.9651,0.9307,84,0,100.0%(84),100.0%(84),100.0%(84),100.0%(84),100.0%(84),100.0%(84),91.67%(77),77.38%(65),合格
250506154409_B085_SK13920_RPA-B-YY2-250506154409,B085,LC002394-S01-D01-LPD-D503D731,470398,425076,0.9037,0.1467,138,125,0.98,0.96,0.53,466930,0.9969,0.9892,1324.94,0.954,0.445,0.3349,0.0712,0.0478,0.9432,0.8703,1,1,1,0.9982,1,0.9997,1,0.9613,0.9259,0.8561,84,0,100.0%(84),100.0%(84),100.0%(84),100.0%(84),100.0%(84),98.81%(83),95.24%(80),82.14%(69),合格
250506154409_B085_SK13920_RPA-B-YY2-250506154409,B085,LC002395-S01-D01-LPD-D503D732,413864,374312,0.9044,0.1576,138,124,0.98,0.96,0.52,404822,0.9932,0.9899,1152.87,0.9571,0.4239,0.3684,0.0868,0.0445,0.9384,0.7421,1,1,1,0.9986,1,0.9994,0.9994,0.559,0.9343,0.9307,84,0,100.0%(84),100.0%(84),100.0%(84),100.0%(84),100.0%(84),98.81%(83),91.67%(77),73.81%(62),合格
250506154409_B085_SK13920_RPA-B-YY2-250506154409,B085,LC002653-S01-D01-LPD-D503D733,415216,375468,0.9043,0.1285,138,127,0.98,0.96,0.52,397904,0.9818,0.9946,1114.63,0.9065,0.5501,0.2271,0.0457,0.0394,0.9654,0.9324,1,1,1,0.9977,1,0.9994,1,0.9303,0.9804,0.9312,84,0,100.0%(84),100.0%(84),100.0%(84),100.0%(84),100.0%(84),100.0%(84),98.81%(83),86.9%(73),合格
250506154409_B085_SK13920_RPA-B-YY2-250506154409,B085,LC002657-S01-D01-LPD-D503D734,350874,312618,0.891,0.1427,137,126,0.98,0.96,0.52,321349,0.9656,0.9905,867.91,0.9049,0.5647,0.2431,0.0233,0.0469,0.969,0.6982,1,0.9515,0.9995,0.8133,1,0.9832,1,0.9009,0.9405,0.9287,84,0,100.0%(84),100.0%(84),100.0%(84),100.0%(84),100.0%(84),100.0%(84),94.05%(79),78.57%(66),合格
250506154409_B085_SK13920_RPA-B-YY2-250506154409,B085,LC002659-S01-D01-LPD-D503D735,467486,422598,0.904,0.1458,137,125,0.98,0.96,0.52,457030,0.9953,0.9899,1298.62,0.9368,0.5739,0.2303,0.0508,0.0424,0.9701,0.7919,1,1,1,0.9977,0.9991,0.963,1,0.9268,0.9343,0.9298,84,0,100.0%(84),100.0%(84),100.0%(84),100.0%(84),100.0%(84),100.0%(84),97.62%(82),88.1%(74),合格
250506154409_B085_SK13920_RPA-B-YY2-250506154409,B085,LC002978-S01-D01-LPD-D503D737,515596,466080,0.904,0.1403,137,125,0.98,0.96,0.52,508325,0.9963,0.9967,1446.07,0.9463,0.4846,0.3039,0.066,0.045,0.9625,0.8998,1,1,1,0.9986,1,0.9994,1,0.9511,1,0.9307,84,0,100.0%(84),100.0%(84),100.0%(84),100.0%(84),100.0%(84),100.0%(84),96.43%(81),90.48%(76),合格
250506154409_B085_SK13920_RPA-B-YY2-250506154409,B085,LC003171-S01-D01-LPD-D503D738,416812,374406,0.8983,0.1437,138,126,0.98,0.96,0.52,403348,0.9966,0.9954,1180.67,0.9624,0.383,0.4131,0.0931,0.0393,0.9274,0.7922,1,1,1,0.9987,1,0.9988,0.9997,0.7603,0.9897,0.9164,84,0,100.0%(84),100.0%(84),100.0%(84),100.0%(84),100.0%(84),100.0%(84),92.86%(78),72.62%(61),合格
250506154409_B085_SK13920_RPA-B-YY2-250506154409,B085,LC003178-S01-D01-LPD-D503D739,406236,366046,0.9011,0.152,138,124,0.98,0.96,0.52,398006,0.9977,0.9991,1131.48,0.949,0.5087,0.2941,0.0586,0.0529,0.9518,0.8583,1,1,1,0.9979,1,0.9991,1,0.9306,0.9994,0.9279,84,0,100.0%(84),100.0%(84),100.0%(84),100.0%(84),100.0%(84),100.0%(84),92.86%(78),76.19%(64),合格
250506154409_B085_SK13920_RPA-B-YY2-250506154409,B085,CN001477-S09-D03-LPD-D502D733,312586,281406,0.9003,0.1264,137,127,0.98,0.96,0.53,304882,0.9829,0.9957,836.38,0.915,0.4692,0.294,0.0479,0.023,0.9217,0.8413,1,1,0.9995,0.9873,1,0.9951,0.9997,0.6686,1,0.9321,84,0,100.0%(84),100.0%(84),100.0%(84),100.0%(84),100.0%(84),96.43%(81),86.9%(73),72.62%(61),合格
250506154409_B085_SK13920_RPA-B-YY2-250506154409,B085,LC003179-S01-D01-LPD-D503D740,413714,374864,0.9061,0.1482,138,125,0.98,0.96,0.52,396743,0.9858,0.9933,1152.93,0.9563,0.4426,0.3393,0.0917,0.0417,0.9381,0.8036,1,1,0.9999,0.9987,1,0.9988,1,0.9163,0.9679,0.9296,84,0,100.0%(84),100.0%(84),100.0%(84),100.0%(84),100.0%(84),98.81%(83),91.67%(77),77.38%(65),合格
250506154409_B085_SK13920_RPA-B-YY2-250506154409,B085,LC003181-S01-D01-LPD-D503D741,432552,389992,0.9016,0.1573,137,123,0.98,0.96,0.53,424956,0.997,0.9964,1176.04,0.937,0.5531,0.2418,0.0543,0.0423,0.9527,0.8683,1,1,0.9999,0.9952,1,0.9976,1,0.9297,0.9986,0.931,84,0,100.0%(84),100.0%(84),100.0%(84),100.0%(84),100.0%(84),100.0%(84),96.43%(81),79.76%(67),合格
250506154409_B085_SK13920_RPA-B-YY2-250506154409,B085,LC003182-S01-D01-LPD-D503D742,419022,374980,0.8949,0.1485,137,124,0.98,0.96,0.52,392715,0.9813,0.9943,1134.19,0.9519,0.3949,0.3825,0.0839,0.049,0.943,0.8408,1,1,1,0.9982,1,0.9994,1,0.9166,0.9776,0.9298,84,0,100.0%(84),100.0%(84),100.0%(84),100.0%(84),100.0%(84),100.0%(84),92.86%(78),70.24%(59),合格
250506154409_B085_SK13920_RPA-B-YY2-250506154409,B085,LC001881-S02-D01-LPD-D503D744,449086,400036,0.8908,0.15,137,124,0.98,0.96,0.52,411282,0.9689,0.9919,1120.16,0.9097,0.4414,0.3317,0.0351,0.0468,0.9536,0.7818,1,1,0.9996,0.9915,1,0.9985,0.9987,0.9054,0.9558,0.9301,84,0,100.0%(84),100.0%(84),100.0%(84),100.0%(84),100.0%(84),100.0%(84),92.86%(78),79.76%(67),合格
250506154409_B085_SK13920_RPA-B-YY2-250506154409,B085,LC002160-S01-D01-LPD-D502D741,366358,331616,0.9052,0.1437,138,125,0.98,0.96,0.51,361462,0.9784,0.9951,949.72,0.9038,0.5509,0.2697,0.023,0.0166,0.941,0.7128,1,1,0.9992,0.9857,0.9985,0.9777,0.999,0.5113,0.9975,0.9164,84,0,100.0%(84),100.0%(84),100.0%(84),100.0%(84),100.0%(84),100.0%(84),92.86%(78),78.57%(66),合格
250506154409_B085_SK13920_RPA-B-YY2-250506154409,B085,LC002397-S01-D01-LPD-D503D720,502518,455390,0.9062,0.1373,137,126,0.98,0.96,0.52,490540,0.9918,0.9964,1376.26,0.9223,0.5432,0.2431,0.0485,0.0424,0.9665,0.926,1,1,1,0.998,1,0.9997,1,0.984,0.9989,0.931,84,0,100.0%(84),100.0%(84),100.0%(84),100.0%(84),100.0%(84),100.0%(84),98.81%(83),90.48%(76),合格
250506154409_B085_SK13920_RPA-B-YY2-250506154409,B085,LC002134-S01-D01-LPD-D503D721,442358,397750,0.8992,0.1398,137,126,0.98,0.96,0.54,403897,0.9481,0.9965,1077.83,0.8835,0.4584,0.2652,0.0434,0.0499,0.9576,0.9535,1,1,1,0.9964,1,0.9994,1,0.9572,1,0.934,84,0,100.0%(84),100.0%(84),100.0%(84),100.0%(84),100.0%(84),100.0%(84),92.86%(78),83.33%(70),合格
250506154409_B085_SK13920_RPA-B-YY2-250506154409,B085,LC002136-S01-D01-LPD-D503D722,429176,385820,0.899,0.1459,138,125,0.98,0.96,0.53,396471,0.9615,0.9962,1071.24,0.8944,0.4568,0.2711,0.0457,0.0582,0.9595,0.8044,1,0.9903,0.9998,0.9853,1,0.9994,1,0.9636,0.9966,0.931,84,0,100.0%(84),100.0%(84),100.0%(84),100.0%(84),100.0%(84),100.0%(84),94.05%(79),79.76%(67),合格
250506154409_B085_SK13920_RPA-B-YY2-250506154409,B085,LC002325-S01-D01-LPD-D503D725,466474,416452,0.8928,0.1669,138,123,0.98,0.96,0.53,455411,0.9955,0.9945,1258.53,0.9462,0.4234,0.3483,0.0827,0.0496,0.93,0.8127,1,1,1,0.9984,1,0.9985,1,0.9441,0.9776,0.9108,84,0,100.0%(84),100.0%(84),100.0%(84),100.0%(84),100.0%(84),100.0%(84),92.86%(78),80.95%(68),合格
250506154409_B085_SK13920_RPA-B-YY2-250506154409,B085,LC002328-S01-D01-LPD-D503D726,435072,389332,0.8949,0.1609,135,122,0.98,0.96,0.52,426134,0.996,0.9947,1181.07,0.9513,0.412,0.3496,0.0901,0.0512,0.929,0.7895,1,1,1,0.9986,0.9997,0.9856,0.9997,0.914,0.9818,0.917,84,0,100.0%(84),100.0%(84),100.0%(84),100.0%(84),100.0%(84),98.81%(83),91.67%(77),70.24%(59),合格
250506154409_B085_SK13920_RPA-B-YY2-250506154409,B085,LC002331-S01-D01-LPD-D503D727,387698,350752,0.9047,0.1498,138,125,0.98,0.96,0.53,392773,0.9974,0.99,1084.17,0.9502,0.4026,0.3711,0.0809,0.0598,0.9058,0.7374,1,0.9903,1,0.9492,1,0.9988,0.9997,0.9159,0.9349,0.9304,84,0,100.0%(84),100.0%(84),100.0%(84),100.0%(84),100.0%(84),97.62%(82),89.29%(75),66.67%(56),合格
250506154409_B085_SK13920_RPA-B-YY2-250506154409,B085,LC002348-S01-D01-LPD-D503D728,395642,357800,0.9044,0.1326,137,126,0.98,0.96,0.52,380812,0.9837,0.9933,1018.11,0.869,0.5483,0.2085,0.0335,0.0338,0.9679,0.9296,1,1,0.9999,0.9971,1,0.9994,1,0.9246,0.9681,0.9301,84,0,100.0%(84),100.0%(84),100.0%(84),100.0%(84),100.0%(84),100.0%(84),98.81%(83),84.52%(71),合格
250508152712_B094_SKII13926-RPA-B-YY2-250508152713,B094,LC002351-S01-D01-LPD-D503D729,1113236,1028660,0.924,0.146,141,128,0.98,0.96,0.52,1088502,0.9875,0.9935,3065.45,0.9121,0.4393,0.311,0.0418,0.0596,0.9544,0.9428,1,1,1,0.9983,1,0.9936,1,0.999,0.953,0.9326,84,0,100.0%(84),100.0%(84),100.0%(84),100.0%(84),100.0%(84),100.0%(84),100.0%(84),97.62%(82),合格
250508152712_B094_SKII13926-RPA-B-YY2-250508152713,B094,LC002375-S01-D01-LPD-D503D730,1155558,1055692,0.9136,0.1556,141,127,0.98,0.96,0.51,1029841,0.9626,0.9993,2886.52,0.9147,0.4574,0.348,0.0277,0.0432,0.9555,0.7217,1,1,1,0.9956,0.9997,0.9945,1,0.993,0.9997,0.9324,84,0,100.0%(84),100.0%(84),100.0%(84),100.0%(84),100.0%(84),100.0%(84),100.0%(84),96.43%(81),合格
250508152712_B094_SKII13926-RPA-B-YY2-250508152713,B094,LC002394-S01-D01-LPD-D503D731,1263578,1171422,0.9271,0.1482,141,127,0.98,0.95,0.52,1112261,0.9967,0.9967,3241.7,0.9508,0.4391,0.3455,0.0675,0.0466,0.9425,0.8619,1,1,1,0.9992,1,0.9997,1,0.9984,0.9994,0.8566,84,0,100.0%(84),100.0%(84),100.0%(84),100.0%(84),100.0%(84),100.0%(84),100.0%(84),95.24%(80),合格
250508152712_B094_SKII13926-RPA-B-YY2-250508152713,B094,LC002395-S01-D01-LPD-D503D732,1111038,1029466,0.9266,0.1589,142,126,0.98,0.96,0.52,1094740,0.9931,0.9923,3215.63,0.9572,0.4217,0.3801,0.0822,0.0407,0.9424,0.7639,1,1,1,0.9994,1,0.9994,1,0.9361,0.9564,0.9332,84,0,100.0%(84),100.0%(84),100.0%(84),100.0%(84),100.0%(84),100.0%(84),100.0%(84),94.05%(79),合格
250508152712_B094_SKII13926-RPA-B-YY2-250508152713,B094,LC002653-S01-D01-LPD-D503D733,1142388,1058564,0.9266,0.1271,141,130,0.98,0.96,0.52,1075192,0.9848,0.998,3133.67,0.907,0.5549,0.2286,0.0431,0.0372,0.9608,0.9377,1,1,1,0.9989,1,0.9997,1,0.9978,0.9992,0.9321,84,0,100.0%(84),100.0%(84),100.0%(84),100.0%(84),100.0%(84),100.0%(84),100.0%(84),98.81%(83),合格
250508152712_B094_SKII13926-RPA-B-YY2-250508152713,B094,LC002657-S01-D01-LPD-D503D734,943832,862602,0.9139,0.1433,141,128,0.98,0.96,0.51,899809,0.9702,0.9907,2525.6,0.9094,0.5744,0.2406,0.0241,0.0418,0.9671,0.6954,1,0.9903,1,0.982,1,0.9997,1,0.9444,0.9405,0.9368,84,0,100.0%(84),100.0%(84),100.0%(84),100.0%(84),100.0%(84),100.0%(84),100.0%(84),98.81%(83),合格
250508152712_B094_SKII13926-RPA-B-YY2-250508152713,B094,LC002659-S01-D01-LPD-D503D735,1229222,1143708,0.9304,0.1443,142,128,0.98,0.96,0.51,1094813,0.9959,0.9946,3248.81,0.9426,0.5889,0.2349,0.0474,0.0364,0.9654,0.7841,1,1,1,0.9989,1,0.9936,1,0.9978,0.9799,0.9315,84,0,100.0%(84),100.0%(84),100.0%(84),100.0%(84),100.0%(84),100.0%(84),100.0%(84),97.62%(82),合格
250508152712_B094_SKII13926-RPA-B-YY2-250508152713,B094,LC002978-S01-D01-LPD-D503D737,1417996,1313772,0.9265,0.1399,140,128,0.98,0.96,0.52,1104217,0.9962,0.9983,3239.46,0.9425,0.4893,0.3126,0.0568,0.0397,0.957,0.9037,1,1,1,0.9992,1,0.9997,1,0.999,0.9994,0.9321,84,0,100.0%(84),100.0%(84),100.0%(84),100.0%(84),100.0%(84),100.0%(84),100.0%(84),98.81%(83),合格
250508152712_B094_SKII13926-RPA-B-YY2-250508152713,B094,LC003171-S01-D01-LPD-D503D738,1126722,1041720,0.9246,0.1463,142,128,0.98,0.95,0.52,1091101,0.9962,0.9948,3308.78,0.9647,0.3882,0.4247,0.0878,0.0344,0.9279,0.7933,1,1,1,0.9994,1,0.9997,1,0.9696,0.9807,0.9301,84,0,100.0%(84),100.0%(84),100.0%(84),100.0%(84),100.0%(84),100.0%(84),100.0%(84),95.24%(80),合格
250508152712_B094_SKII13926-RPA-B-YY2-250508152713,B094,LC003178-S01-D01-LPD-D503D739,1074360,996210,0.9273,0.152,142,127,0.98,0.96,0.52,1099025,0.9974,0.9967,3217.57,0.9454,0.5058,0.3008,0.0549,0.0473,0.9509,0.8702,1,1,1,0.9991,1,0.9997,1,0.9955,0.9997,0.9315,84,0,100.0%(84),100.0%(84),100.0%(84),100.0%(84),100.0%(84),100.0%(84),100.0%(84),96.43%(81),合格
250508152712_B094_SKII13926-RPA-B-YY2-250508152713,B094,CN001477-S09-D03-LPD-D502D733,862808,797684,0.9245,0.1301,140,129,0.98,0.95,0.52,873221,0.9842,0.9997,2469.11,0.9122,0.4723,0.3014,0.0425,0.021,0.9149,0.8424,1,1,0.9999,0.9959,1,0.9985,0.9997,0.9201,1,0.9396,84,0,100.0%(84),100.0%(84),100.0%(84),100.0%(84),100.0%(84),100.0%(84),98.81%(83),94.05%(79),合格
250508152712_B094_SKII13926-RPA-B-YY2-250508152713,B094,LC003179-S01-D01-LPD-D503D740,1120812,1039568,0.9275,0.1461,142,128,0.98,0.95,0.51,1067588,0.9858,0.9933,3213.02,0.9558,0.4404,0.3537,0.0812,0.0404,0.9467,0.8123,1,1,1,0.999,1,0.9997,1,0.9981,0.9667,0.931,84,0,100.0%(84),100.0%(84),100.0%(84),100.0%(84),100.0%(84),100.0%(84),100.0%(84),96.43%(81),合格
250508152712_B094_SKII13926-RPA-B-YY2-250508152713,B094,LC003181-S01-D01-LPD-D503D741,1143174,1059910,0.9272,0.158,141,126,0.98,0.96,0.52,1104605,0.9971,0.9965,3161.25,0.9387,0.5606,0.2449,0.0521,0.0397,0.9512,0.8931,1,1,1,0.9989,1,0.9997,1,0.9939,0.9994,0.9321,84,0,100.0%(84),100.0%(84),100.0%(84),100.0%(84),100.0%(84),100.0%(84),100.0%(84),95.24%(80),合格
250508152712_B094_SKII13926-RPA-B-YY2-250508152713,B094,LC003182-S01-D01-LPD-D503D742,1107838,1021956,0.9225,0.1473,141,128,0.98,0.96,0.51,1067660,0.9871,0.9976,3207.03,0.9515,0.3991,0.388,0.0796,0.0449,0.9454,0.8383,1,1,1,0.9992,1,0.9997,1,0.9994,0.9771,0.9315,84,0,100.0%(84),100.0%(84),100.0%(84),100.0%(84),100.0%(84),100.0%(84),98.81%(83),95.24%(80),合格
250508152712_B094_SKII13926-RPA-B-YY2-250508152713,B094,LC001881-S02-D01-LPD-D503D744,1178972,1079040,0.9152,0.1532,140,127,0.98,0.96,0.52,1041193,0.9709,0.9942,2953.2,0.9114,0.441,0.3432,0.0312,0.0405,0.9539,0.7967,1,1,0.9998,0.9966,1,0.9997,0.9987,0.9652,0.9774,0.9315,84,0,100.0%(84),100.0%(84),100.0%(84),100.0%(84),100.0%(84),100.0%(84),100.0%(84),96.43%(81),合格
250508152712_B094_SKII13926-RPA-B-YY2-250508152713,B094,LC002160-S01-D01-LPD-D502D741,1024352,948662,0.9261,0.1483,141,127,0.98,0.96,0.51,1055168,0.983,0.996,2841.86,0.9036,0.548,0.276,0.0212,0.0161,0.9409,0.7233,1,1,0.9998,0.9944,1,0.9902,0.9994,0.9099,0.9994,0.9301,84,0,100.0%(84),100.0%(84),100.0%(84),100.0%(84),100.0%(84),100.0%(84),100.0%(84),96.43%(81),合格
250508152712_B094_SKII13926-RPA-B-YY2-250508152713,B094,LC002397-S01-D01-LPD-D503D720,1346694,1249648,0.9279,0.1366,141,128,0.98,0.96,0.51,1092207,0.9931,0.9966,3175.54,0.9247,0.5533,0.2462,0.0454,0.0384,0.9593,0.9355,1,1,1,0.999,1,0.9997,1,0.999,1,0.9326,84,0,100.0%(84),100.0%(84),100.0%(84),100.0%(84),100.0%(84),100.0%(84),100.0%(84),98.81%(83),合格
250508152712_B094_SKII13926-RPA-B-YY2-250508152713,B094,LC002134-S01-D01-LPD-D503D721,1180068,1088970,0.9228,0.1424,140,127,0.98,0.95,0.53,1035050,0.9551,0.9966,2865.26,0.8898,0.4653,0.2714,0.0405,0.0477,0.9574,0.9559,1,1,1,0.9986,1,0.9997,1,0.999,1,0.9343,84,0,100.0%(84),100.0%(84),100.0%(84),100.0%(84),100.0%(84),100.0%(84),100.0%(84),95.24%(80),合格
250508152712_B094_SKII13926-RPA-B-YY2-250508152713,B094,LC002136-S01-D01-LPD-D503D722,1134200,1045690,0.922,0.1465,141,128,0.98,0.96,0.52,1045541,0.9694,0.997,2958.02,0.9048,0.4672,0.286,0.0437,0.0519,0.956,0.8175,1,1,1,0.9976,1,0.9997,1,0.9984,0.9992,0.9318,84,0,100.0%(84),100.0%(84),100.0%(84),100.0%(84),100.0%(84),100.0%(84),100.0%(84),97.62%(82),合格
250508152712_B094_SKII13926-RPA-B-YY2-250508152713,B094,LC002325-S01-D01-LPD-D503D725,1239672,1143292,0.9223,0.1644,141,125,0.98,0.95,0.52,1111400,0.9963,0.9961,3173.25,0.9491,0.4307,0.3613,0.0756,0.0429,0.9253,0.813,1,1,1,0.9995,1,0.9997,1,0.9879,0.9939,0.9312,84,0,100.0%(84),100.0%(84),100.0%(84),100.0%(84),100.0%(84),100.0%(84),100.0%(84),97.62%(82),合格
250508152712_B094_SKII13926-RPA-B-YY2-250508152713,B094,LC002328-S01-D01-LPD-D503D726,1140962,1049754,0.9201,0.1613,139,125,0.98,0.96,0.52,1109342,0.9968,0.9954,3195.27,0.9547,0.4223,0.3552,0.0876,0.0457,0.9217,0.7988,1,1,1,0.9994,1,0.9936,1,0.9904,0.9874,0.931,84,0,100.0%(84),100.0%(84),100.0%(84),100.0%(84),100.0%(84),100.0%(84),100.0%(84),94.05%(79),合格
250508152712_B094_SKII13926-RPA-B-YY2-250508152713,B094,LC002331-S01-D01-LPD-D503D727,1028082,948546,0.9226,0.1529,141,127,0.98,0.95,0.52,1073987,0.9974,0.9902,3059.98,0.9498,0.4075,0.378,0.0787,0.0499,0.9137,0.7393,1,1,1,0.9904,1,0.9997,1,0.999,0.9354,0.9321,84,0,100.0%(84),100.0%(84),100.0%(84),100.0%(84),100.0%(84),100.0%(84),97.62%(82),94.05%(79),合格
250508152712_B094_SKII13926-RPA-B-YY2-250508152713,B094,LC002348-S01-D01-LPD-D503D728,1053000,980318,0.931,0.1311,141,130,0.98,0.96,0.52,1058168,0.9845,0.9933,2954.56,0.8741,0.5526,0.2169,0.0335,0.0309,0.9674,0.9329,1,1,1,0.9989,1,0.9997,1,0.9891,0.9667,0.9324,84,0,100.0%(84),100.0%(84),100.0%(84),100.0%(84),100.0%(84),100.0%(84),100.0%(84),98.81%(83),合格
251225113322_B121_SKII1477-PABD,B121,LC002351-S01-D01-LPD-D503D729,2878726,2556022,0.8879,0.142,147,132,0.97,0.96,0.51,1063113,0.9566,0.9963,3193.07,0.9223,0.444,0.3268,0.0394,0.0547,0.9501,0.9435,1,1,1,0.9989,1,0.9957,1,0.999,0.9969,0.9326,84,0,100.0%(84),100.0%(84),100.0%(84),100.0%(84),100.0%(84),100.0%(84),100.0%(84),96.43%(81),合格
251225113322_B121_SKII1477-PABD,B121,LC002375-S01-D01-LPD-D503D730,2972350,2615492,0.8799,0.1526,146,131,0.97,0.96,0.5,982816,0.9125,0.9939,3028.68,0.9397,0.4777,0.358,0.0272,0.0404,0.9505,0.7103,1,1,0.9999,0.9961,1,0.9973,1,0.9962,0.9715,0.9315,84,0,100.0%(84),100.0%(84),100.0%(84),100.0%(84),100.0%(84),100.0%(84),98.81%(83),96.43%(81),合格
251225113322_B121_SKII1477-PABD,B121,LC002394-S01-D01-LPD-D503D731,3287426,2928276,0.8908,0.145,146,131,0.97,0.96,0.51,1094239,0.9708,0.9987,3366.57,0.9566,0.4466,0.3585,0.0626,0.0408,0.9409,0.8587,1,1,1,0.9997,1,0.9997,1,0.9987,0.9869,0.8563,84,0,100.0%(84),100.0%(84),100.0%(84),100.0%(84),100.0%(84),100.0%(84),98.81%(83),95.24%(80),合格
251225113322_B121_SKII1477-PABD,B121,LC002395-S01-D01-LPD-D503D732,2892260,2570548,0.8888,0.1559,147,130,0.97,0.96,0.51,1075439,0.9687,0.9937,3328.67,0.9626,0.4284,0.3955,0.0735,0.0366,0.9409,0.7741,1,1,1,0.9997,1,0.9997,1,0.9594,0.9497,0.9332,84,0,100.0%(84),100.0%(84),100.0%(84),100.0%(84),100.0%(84),100.0%(84),98.81%(83),95.24%(80),合格
251225113322_B121_SKII1477-PABD,B121,LC002653-S01-D01-LPD-D503D733,2920656,2609822,0.8936,0.1222,146,135,0.97,0.96,0.51,1052979,0.9562,0.9949,3253.22,0.9167,0.5635,0.2365,0.0414,0.0344,0.9594,0.9364,1,1,1,0.9996,1,0.9997,1,0.9952,0.9598,0.9321,84,0,100.0%(84),100.0%(84),100.0%(84),100.0%(84),100.0%(84),100.0%(84),100.0%(84),97.62%(82),合格
251225113322_B121_SKII1477-PABD,B121,LC002657-S01-D01-LPD-D503D734,2458408,2164950,0.8806,0.1401,145,132,0.97,0.96,0.51,992949,0.918,0.9908,3043.45,0.9314,0.5998,0.2435,0.0236,0.0384,0.9615,0.6989,1,0.9903,1,0.9883,1,0.9997,1,0.9738,0.9407,0.9366,84,0,100.0%(84),100.0%(84),100.0%(84),100.0%(84),100.0%(84),100.0%(84),100.0%(84),98.81%(83),合格
251225113322_B121_SKII1477-PABD,B121,LC002659-S01-D01-LPD-D503D735,3234790,2901270,0.8969,0.1437,147,132,0.98,0.96,0.51,1076306,0.9721,0.994,3347.82,0.9458,0.5959,0.2418,0.0431,0.0331,0.9613,0.7824,1,1,1,0.9993,1,0.9902,1,0.9971,0.9603,0.9315,84,0,100.0%(84),100.0%(84),100.0%(84),100.0%(84),100.0%(84),100.0%(84),100.0%(84),97.62%(82),合格
251225113322_B121_SKII1477-PABD,B121,LC002978-S01-D01-LPD-D503D737,3558272,3177280,0.8929,0.1347,146,132,0.97,0.96,0.51,1085917,0.9698,0.9965,3370.74,0.948,0.4979,0.3206,0.0518,0.0369,0.9552,0.914,1,1,1,0.9997,1,0.9997,1,0.9978,0.9986,0.9318,84,0,100.0%(84),100.0%(84),100.0%(84),100.0%(84),100.0%(84),100.0%(84),100.0%(84),97.62%(82),合格
251225113322_B121_SKII1477-PABD,B121,LC003171-S01-D01-LPD-D503D738,2883920,2563224,0.8888,0.1401,147,133,0.97,0.96,0.51,1074624,0.9737,0.9929,3433.57,0.9686,0.3881,0.4432,0.078,0.0316,0.922,0.799,1,1,1,0.9997,1,0.9997,1,0.9719,0.9614,0.9296,84,0,100.0%(84),100.0%(84),100.0%(84),100.0%(84),100.0%(84),100.0%(84),98.81%(83),95.24%(80),合格
251225113322_B121_SKII1477-PABD,B121,LC003178-S01-D01-LPD-D503D739,2731450,2447752,0.8961,0.1448,147,132,0.98,0.96,0.51,1084985,0.9728,0.9966,3357.27,0.9497,0.5097,0.3138,0.0504,0.0419,0.9508,0.8706,1,1,1,0.9997,1,0.9997,1,0.9984,0.9992,0.9315,84,0,100.0%(84),100.0%(84),100.0%(84),100.0%(84),100.0%(84),100.0%(84),100.0%(84),95.24%(80),合格
251225113322_B121_SKII1477-PABD,B121,CN001477-S09-D03-LPD-D502D733,2262484,2024402,0.8948,0.125,147,134,0.97,0.96,0.51,1076370,0.9553,0.9989,3229.36,0.922,0.4775,0.3115,0.0403,0.0194,0.9131,0.8423,1,1,1,0.9973,1,0.9985,1,0.9214,0.9997,0.9458,84,0,100.0%(84),100.0%(84),100.0%(84),100.0%(84),100.0%(84),100.0%(84),97.62%(82),95.24%(80),合格
251225113322_B121_SKII1477-PABD,B121,LC003179-S01-D01-LPD-D503D740,2903490,2580032,0.8886,0.1436,146,131,0.97,0.96,0.5,1047126,0.9597,0.9944,3334.13,0.9654,0.4442,0.3749,0.0736,0.0361,0.9421,0.8106,1,1,1,0.9995,1,0.9997,1,0.9981,0.9774,0.9304,84,0,100.0%(84),100.0%(84),100.0%(84),100.0%(84),100.0%(84),100.0%(84),98.81%(83),96.43%(81),合格
251225113322_B121_SKII1477-PABD,B121,LC003181-S01-D01-LPD-D503D741,2891606,2576400,0.891,0.1538,145,129,0.97,0.96,0.52,1085430,0.9716,0.9966,3261.89,0.9403,0.5605,0.2582,0.0468,0.0367,0.9527,0.8958,1,1,1,0.9997,1,0.9997,0.9997,0.9958,0.9997,0.9321,84,0,100.0%(84),100.0%(84),100.0%(84),100.0%(84),100.0%(84),100.0%(84),100.0%(84),94.05%(79),合格
251225113322_B121_SKII1477-PABD,B121,LC003182-S01-D01-LPD-D503D742,2888406,2568016,0.8891,0.1422,145,132,0.97,0.96,0.51,1045760,0.9603,0.9963,3323.59,0.9611,0.4002,0.4085,0.0748,0.0408,0.9414,0.8366,1,1,1,0.9997,1,0.9997,1,0.999,0.9964,0.9312,84,0,100.0%(84),100.0%(84),100.0%(84),100.0%(84),100.0%(84),100.0%(84),98.81%(83),95.24%(80),合格
251225113322_B121_SKII1477-PABD,B121,LC001881-S02-D01-LPD-D503D744,2978546,2639472,0.8862,0.1449,146,132,0.97,0.96,0.51,1008759,0.932,0.9927,3098.07,0.9314,0.4525,0.3594,0.0305,0.0379,0.9516,0.7824,1,1,1,0.9966,1,0.9997,0.9984,0.9377,0.9349,0.9312,84,0,100.0%(84),100.0%(84),100.0%(84),100.0%(84),100.0%(84),100.0%(84),98.81%(83),95.24%(80),合格
251225113322_B121_SKII1477-PABD,B121,LC002160-S01-D01-LPD-D502D741,2593420,2327254,0.8974,0.1408,147,132,0.97,0.96,0.5,1087993,0.9487,0.9969,3125.82,0.9144,0.5538,0.2869,0.0204,0.0138,0.9369,0.7108,1,1,0.9997,0.995,1,0.9914,1,0.9105,0.9997,0.9307,84,0,100.0%(84),100.0%(84),100.0%(84),100.0%(84),100.0%(84),100.0%(84),98.81%(83),97.62%(82),合格
251225113322_B121_SKII1477-PABD,B121,LC002397-S01-D01-LPD-D503D720,3471598,3100714,0.8932,0.134,146,132,0.97,0.96,0.51,1073081,0.9671,0.9979,3306.04,0.932,0.5564,0.2594,0.0433,0.0352,0.9553,0.9312,1,1,1,0.9997,1,0.9997,1,0.9978,1,0.9321,84,0,100.0%(84),100.0%(84),100.0%(84),100.0%(84),100.0%(84),100.0%(84),100.0%(84),97.62%(82),合格
251225113322_B121_SKII1477-PABD,B121,LC002134-S01-D01-LPD-D503D721,3054178,2705644,0.8859,0.1385,145,131,0.97,0.96,0.52,998265,0.9141,0.9999,3005.91,0.9182,0.4822,0.2896,0.0395,0.0457,0.9565,0.9542,1,1,1,0.9993,1,0.9997,1,0.999,1,0.9343,84,0,100.0%(84),100.0%(84),100.0%(84),100.0%(84),100.0%(84),100.0%(84),98.81%(83),95.24%(80),合格
251225113322_B121_SKII1477-PABD,B121,LC002136-S01-D01-LPD-D503D722,2966212,2627980,0.886,0.143,146,132,0.97,0.96,0.52,1011085,0.9311,0.9997,3088.38,0.926,0.4776,0.3031,0.0422,0.0499,0.951,0.8161,1,1,0.9998,0.9982,1,0.9997,1,0.999,0.9994,0.9321,84,0,100.0%(84),100.0%(84),100.0%(84),100.0%(84),100.0%(84),100.0%(84),98.81%(83),96.43%(81),合格
251225113322_B121_SKII1477-PABD,B121,LC002325-S01-D01-LPD-D503D725,3123608,2771864,0.8874,0.1601,146,129,0.97,0.96,0.51,1092033,0.9685,0.9966,3292.97,0.9536,0.433,0.3781,0.0687,0.0394,0.918,0.8031,1,1,1,0.9997,1,0.9997,1,0.9978,0.9986,0.9304,84,0,100.0%(84),100.0%(84),100.0%(84),100.0%(84),100.0%(84),100.0%(84),98.81%(83),96.43%(81),合格
251225113322_B121_SKII1477-PABD,B121,LC002328-S01-D01-LPD-D503D726,2914042,2595882,0.8908,0.1549,144,129,0.98,0.96,0.51,1088326,0.9689,0.9966,3310.08,0.9589,0.428,0.3702,0.079,0.0408,0.9239,0.7989,1,1,1,0.9997,1,0.9948,1,0.9978,0.9997,0.931,84,0,100.0%(84),100.0%(84),100.0%(84),100.0%(84),100.0%(84),100.0%(84),98.81%(83),95.24%(80),合格
251225113322_B121_SKII1477-PABD,B121,LC002331-S01-D01-LPD-D503D727,2648588,2352294,0.8881,0.1491,145,130,0.97,0.96,0.52,1111812,0.9688,0.9902,3324.19,0.9522,0.4149,0.3895,0.0705,0.0447,0.9077,0.7415,1,1,1,0.9942,1,0.9997,0.9997,0.9926,0.9343,0.9315,84,0,100.0%(84),100.0%(84),100.0%(84),100.0%(84),100.0%(84),100.0%(84),98.81%(83),92.86%(78),合格
251225113322_B121_SKII1477-PABD,B121,LC002348-S01-D01-LPD-D503D728,2749548,2461334,0.8952,0.1254,147,134,0.97,0.96,0.51,1056528,0.9557,0.9948,3134.92,0.8843,0.5591,0.2262,0.0314,0.0294,0.9609,0.9289,1,1,1,0.9996,1,0.9997,0.9997,0.9898,0.9737,0.9321,84,0,100.0%(84),100.0%(84),100.0%(84),100.0%(84),100.0%(84),100.0%(84),100.0%(84),97.62%(82),合格
260321141809_B157_09509B0317N3-YY2-260321141812,B157,LC002351-S01-D01-LPD-D503D729,1645614,1629832,0.9904,0.1352,148,128,0.91,0.88,0.51,1042089,0.9576,0.9914,3050.33,0.922,0.4418,0.3245,0.0401,0.0575,0.9603,0.95,1,1,1,0.9995,1,0.9942,1,0.999,0.9475,0.9324,84,0,100.0%(84),100.0%(84),100.0%(84),100.0%(84),100.0%(84),100.0%(84),100.0%(84),97.62%(82),合格
260321141809_B157_09509B0317N3-YY2-260321141812,B157,LC002375-S01-D01-LPD-D503D730,1673430,1637048,0.9783,0.1489,148,127,0.91,0.88,0.5,967764,0.9154,0.9933,2897.07,0.9384,0.47,0.3622,0.0274,0.0418,0.9618,0.7191,1,1,1,0.9984,1,0.9939,1,0.9984,0.9665,0.9324,84,0,100.0%(84),100.0%(84),100.0%(84),100.0%(84),100.0%(84),100.0%(84),100.0%(84),96.43%(81),合格
260321141809_B157_09509B0317N3-YY2-260321141812,B157,LC002394-S01-D01-LPD-D503D731,1948692,1937912,0.9945,0.137,148,128,0.91,0.88,0.52,1070627,0.9709,0.9953,3219.73,0.9559,0.4421,0.3553,0.0652,0.0446,0.9438,0.8668,1,1,1,0.9997,1,0.9997,1,0.9984,0.9866,0.8563,84,0,100.0%(84),100.0%(84),100.0%(84),100.0%(84),100.0%(84),100.0%(84),98.81%(83),96.43%(81),合格
260321141809_B157_09509B0317N3-YY2-260321141812,B157,LC002395-S01-D01-LPD-D503D732,1670144,1659136,0.9934,0.1462,148,126,0.91,0.88,0.51,1053169,0.9685,0.9933,3179.43,0.9611,0.4236,0.3926,0.076,0.0388,0.9535,0.7802,1,1,1,0.9997,1,0.9997,1,0.9422,0.9667,0.9338,84,0,100.0%(84),100.0%(84),100.0%(84),100.0%(84),100.0%(84),100.0%(84),98.81%(83),96.43%(81),合格
260321141809_B157_09509B0317N3-YY2-260321141812,B157,LC002653-S01-D01-LPD-D503D733,1648514,1641148,0.9955,0.1088,148,132,0.91,0.88,0.51,1035244,0.9576,0.9966,3118.05,0.9156,0.5628,0.2342,0.0415,0.0365,0.9738,0.9475,1,1,1,0.9995,1,0.9997,1,0.999,1,0.9321,84,0,100.0%(84),100.0%(84),100.0%(84),100.0%(84),100.0%(84),100.0%(84),100.0%(84),97.62%(82),合格
260321141809_B157_09509B0317N3-YY2-260321141812,B157,LC002657-S01-D01-LPD-D503D734,1387166,1359566,0.9801,0.133,148,130,0.91,0.88,0.51,977492,0.9203,0.9908,2932.2,0.9302,0.5908,0.2475,0.0234,0.0418,0.9759,0.7071,1,1,1,0.998,1,0.9991,1,0.9393,0.941,0.9368,84,0,100.0%(84),100.0%(84),100.0%(84),100.0%(84),100.0%(84),100.0%(84),100.0%(84),98.81%(83),合格
260321141809_B157_09509B0317N3-YY2-260321141812,B157,LC002659-S01-D01-LPD-D503D735,1882182,1871426,0.9943,0.1267,148,129,0.91,0.88,0.51,1055896,0.9732,0.9966,3210.49,0.9435,0.5884,0.243,0.0445,0.0343,0.9734,0.7727,1,1,1,0.9995,1,0.9908,1,0.9866,0.9997,0.9321,84,0,100.0%(84),100.0%(84),100.0%(84),100.0%(84),100.0%(84),100.0%(84),100.0%(84),97.62%(82),合格
260321141809_B157_09509B0317N3-YY2-260321141812,B157,LC002978-S01-D01-LPD-D503D737,1291282,1281844,0.9927,0.1421,148,127,0.91,0.89,0.51,1058040,0.9725,0.9966,3181.33,0.9473,0.4962,0.3152,0.0543,0.0399,0.971,0.9176,1,1,1,0.9997,1,0.9997,1,0.999,1,0.9321,84,0,100.0%(84),100.0%(84),100.0%(84),100.0%(84),100.0%(84),100.0%(84),100.0%(84),97.62%(82),合格
260321141809_B157_09509B0317N3-YY2-260321141812,B157,LC003171-S01-D01-LPD-D503D738,1649012,1639300,0.9941,0.1285,148,129,0.91,0.88,0.51,1054075,0.9746,0.9965,3278.29,0.9673,0.3901,0.4346,0.0818,0.0337,0.9519,0.7941,1,1,1,0.9997,1,0.9997,1,0.9294,0.9997,0.9304,84,0,100.0%(84),100.0%(84),100.0%(84),100.0%(84),100.0%(84),100.0%(84),98.81%(83),98.81%(83),合格
260321141809_B157_09509B0317N3-YY2-260321141812,B157,LC003178-S01-D01-LPD-D503D739,1617518,1609126,0.9948,0.133,148,128,0.91,0.88,0.51,1065503,0.974,0.9966,3212.64,0.9477,0.5074,0.3105,0.051,0.0441,0.9582,0.8787,1,1,1,0.9997,1,0.9997,1,0.9987,1,0.9318,84,0,100.0%(84),100.0%(84),100.0%(84),100.0%(84),100.0%(84),100.0%(84),100.0%(84),96.43%(81),合格
260321141809_B157_09509B0317N3-YY2-260321141812,B157,CN001477-S09-D03-LPD-D502D733,1187770,1183442,0.9964,0.1184,148,130,0.91,0.88,0.51,1048327,0.9575,0.9972,3093.92,0.9211,0.4762,0.3128,0.0412,0.0207,0.913,0.8441,1,1,0.9999,0.9977,1,0.9985,0.9994,0.9243,1,0.9972,84,0,100.0%(84),100.0%(84),100.0%(84),100.0%(84),100.0%(84),100.0%(84),100.0%(84),96.43%(81),合格
260321141809_B157_09509B0317N3-YY2-260321141812,B157,LC003179-S01-D01-LPD-D503D740,1718940,1707840,0.9935,0.1347,148,128,0.91,0.88,0.5,1026960,0.9598,0.9932,3185.3,0.9647,0.44,0.3713,0.0764,0.0392,0.9512,0.8089,1,1,1,0.9995,1,0.9997,1,0.999,0.9651,0.931,84,0,100.0%(84),100.0%(84),100.0%(84),100.0%(84),100.0%(84),100.0%(84),98.81%(83),97.62%(82),合格
260321141809_B157_09509B0317N3-YY2-260321141812,B157,LC003181-S01-D01-LPD-D503D741,1752190,1738848,0.9924,0.1469,148,127,0.91,0.88,0.52,1066067,0.9723,0.9982,3134.17,0.9388,0.5592,0.2517,0.0487,0.0398,0.9606,0.9069,1,1,1,0.9994,1,0.9997,1,0.9923,0.9994,0.9318,84,0,100.0%(84),100.0%(84),100.0%(84),100.0%(84),100.0%(84),100.0%(84),100.0%(84),96.43%(81),合格
260321141809_B157_09509B0317N3-YY2-260321141812,B157,LC003182-S01-D01-LPD-D503D742,1414480,1398240,0.9885,0.1429,148,127,0.91,0.89,0.51,1025892,0.9629,0.9963,3161.75,0.961,0.4028,0.4015,0.0753,0.0436,0.95,0.8353,1,1,1,0.9997,1,0.9997,1,0.999,0.9969,0.9312,84,0,100.0%(84),100.0%(84),100.0%(84),100.0%(84),100.0%(84),100.0%(84),98.81%(83),96.43%(81),合格
260321141809_B157_09509B0317N3-YY2-260321141812,B157,LC001881-S02-D01-LPD-D503D744,1651614,1623760,0.9831,0.1408,148,128,0.91,0.88,0.51,993135,0.936,0.9975,2973.79,0.9324,0.4467,0.3629,0.0303,0.0416,0.9612,0.7834,1,1,1,0.9994,1,0.9997,0.999,0.9271,0.979,0.931,84,0,100.0%(84),100.0%(84),100.0%(84),100.0%(84),100.0%(84),100.0%(84),98.81%(83),96.43%(81),合格
260321141809_B157_09509B0317N3-YY2-260321141812,B157,LC002160-S01-D01-LPD-D502D741,1436280,1429186,0.9951,0.136,148,128,0.91,0.89,0.5,1057213,0.95,0.9997,2990.42,0.9141,0.5501,0.2884,0.0207,0.0148,0.9426,0.7143,1,1,0.9998,0.9976,1,0.9911,0.9997,0.914,0.9994,0.9298,84,0,100.0%(84),100.0%(84),100.0%(84),100.0%(84),100.0%(84),100.0%(84),100.0%(84),97.62%(82),合格
260321141809_B157_09509B0317N3-YY2-260321141812,B157,LC002397-S01-D01-LPD-D503D720,1874118,1864616,0.9949,0.1291,148,129,0.91,0.89,0.51,1052207,0.9688,0.9966,3152.84,0.9306,0.5559,0.2539,0.044,0.0376,0.9681,0.9473,1,1,1,0.9997,1,0.9997,1,0.9994,1,0.9321,84,0,100.0%(84),100.0%(84),100.0%(84),100.0%(84),100.0%(84),100.0%(84),100.0%(84),97.62%(82),合格
260321141809_B157_09509B0317N3-YY2-260321141812,B157,LC002134-S01-D01-LPD-D503D721,1783814,1766694,0.9904,0.1328,148,129,0.91,0.88,0.52,982083,0.9145,0.9977,2887.77,0.9179,0.4784,0.2885,0.0409,0.047,0.9614,0.9618,1,1,1,0.9995,1,0.9997,1,0.999,1,0.9343,84,0,100.0%(84),100.0%(84),100.0%(84),100.0%(84),100.0%(84),100.0%(84),100.0%(84),96.43%(81),合格
260321141809_B157_09509B0317N3-YY2-260321141812,B157,LC002136-S01-D01-LPD-D503D722,1700056,1678190,0.9871,0.1355,148,129,0.91,0.88,0.51,995584,0.933,0.9966,2959.84,0.9248,0.4756,0.3032,0.0424,0.0495,0.9642,0.824,1,1,1,0.9986,1,0.9997,1,0.9987,0.9997,0.9321,84,0,100.0%(84),100.0%(84),100.0%(84),100.0%(84),100.0%(84),100.0%(84),100.0%(84),98.81%(83),合格
260321141809_B157_09509B0317N3-YY2-260321141812,B157,LC002325-S01-D01-LPD-D503D725,1803466,1790092,0.9926,0.1514,148,126,0.91,0.88,0.52,1067400,0.9689,0.9927,3148.81,0.9523,0.4272,0.3741,0.0724,0.0428,0.9428,0.8092,1,1,1,0.9997,1,0.9997,1,0.9952,0.9606,0.931,84,0,100.0%(84),100.0%(84),100.0%(84),100.0%(84),100.0%(84),100.0%(84),98.81%(83),97.62%(82),合格
260321141809_B157_09509B0317N3-YY2-260321141812,B157,LC002328-S01-D01-LPD-D503D726,1145148,1134186,0.9904,0.1621,148,124,0.91,0.89,0.52,1063177,0.9709,0.9963,3140.98,0.9579,0.426,0.3627,0.0822,0.0458,0.9499,0.7982,1,1,1,0.9997,1,0.9942,1,0.9984,0.9969,0.9312,84,0,100.0%(84),100.0%(84),100.0%(84),100.0%(84),100.0%(84),100.0%(84),98.81%(83),95.24%(80),合格
260321141809_B157_09509B0317N3-YY2-260321141812,B157,LC002331-S01-D01-LPD-D503D727,1542572,1532372,0.9934,0.1395,148,128,0.91,0.88,0.52,1085528,0.9685,0.9931,3190.47,0.9507,0.407,0.3855,0.0751,0.0499,0.9297,0.7359,1,1,1,0.999,1,0.9997,1,0.9987,0.9648,0.9321,84,0,100.0%(84),100.0%(84),100.0%(84),100.0%(84),100.0%(84),100.0%(84),98.81%(83),95.24%(80),合格
260321141809_B157_09509B0317N3-YY2-260321141812,B157,LC002348-S01-D01-LPD-D503D728,1645224,1636914,0.9949,0.1142,148,131,0.91,0.88,0.51,1037246,0.9562,0.9953,3000.22,0.8836,0.5605,0.222,0.0323,0.0307,0.9757,0.9448,1,1,1,0.9995,1,0.9997,1,0.9926,0.9765,0.9324,84,0,100.0%(84),100.0%(84),100.0%(84),100.0%(84),100.0%(84),100.0%(84),100.0%(84),97.62%(82),合格
260404153205_B170_SKII15168-YY2-1-260404153205,B170,LC002351-S01-D01-LPD-D503D729,2189630,2168450,0.9903,0.1291,148,129,0.95,0.91,0.52,1047334,0.9561,0.9993,3177.95,0.92,0.4372,0.3187,0.0418,0.0619,0.9656,0.9546,1,1,1,0.9995,1,0.9936,1,0.999,0.9933,0.9324,84,0,100.0%(84),100.0%(84),100.0%(84),100.0%(84),100.0%(84),100.0%(84),100.0%(84),98.81%(83),合格
260404153205_B170_SKII15168-YY2-1-260404153205,B170,LC002375-S01-D01-LPD-D503D730,2209558,2161200,0.9781,0.1432,148,128,0.95,0.91,0.51,966970,0.9106,0.9956,2997.98,0.9358,0.467,0.3553,0.0289,0.046,0.9677,0.7336,1,1,1,0.9984,1,0.9945,1,0.9984,0.9771,0.9324,84,0,100.0%(84),100.0%(84),100.0%(84),100.0%(84),100.0%(84),100.0%(84),98.81%(83),97.62%(82),合格
260404153205_B170_SKII15168-YY2-1-260404153205,B170,LC002394-S01-D01-LPD-D503D731,2537348,2523712,0.9946,0.1314,148,129,0.95,0.91,0.52,1076787,0.9701,0.9978,3351.39,0.9539,0.4365,0.351,0.0681,0.0474,0.9459,0.8691,1,1,1,0.9997,1,0.9997,1,0.9987,0.9955,0.8563,84,0,100.0%(84),100.0%(84),100.0%(84),100.0%(84),100.0%(84),100.0%(84),98.81%(83),96.43%(81),合格
260404153205_B170_SKII15168-YY2-1-260404153205,B170,LC002395-S01-D01-LPD-D503D732,2193606,2179030,0.9934,0.1407,148,127,0.95,0.91,0.51,1058093,0.9671,0.9928,3309.94,0.9603,0.4188,0.3881,0.08,0.0419,0.9597,0.7818,1,1,1,0.9997,1,0.9997,1,0.9728,0.9614,0.9338,84,0,100.0%(84),100.0%(84),100.0%(84),100.0%(84),100.0%(84),100.0%(84),98.81%(83),98.81%(83),合格
260404153205_B170_SKII15168-YY2-1-260404153205,B170,LC002653-S01-D01-LPD-D503D733,2173884,2163594,0.9953,0.1046,148,133,0.94,0.91,0.52,1038387,0.9558,0.9967,3244.92,0.9128,0.5561,0.2315,0.0431,0.0389,0.9758,0.9508,1,1,1,0.9995,1,0.9997,1,0.999,1,0.9321,84,0,100.0%(84),100.0%(84),100.0%(84),100.0%(84),100.0%(84),100.0%(84),100.0%(84),98.81%(83),合格
260404153205_B170_SKII15168-YY2-1-260404153205,B170,LC002657-S01-D01-LPD-D503D734,1847292,1811812,0.9808,0.1277,148,130,0.95,0.91,0.51,979532,0.9176,0.9908,3044.21,0.9281,0.5858,0.2426,0.0245,0.0469,0.9765,0.7313,1,1,0.9999,0.9945,1,0.9997,1,0.9859,0.9419,0.9368,84,0,100.0%(84),100.0%(84),100.0%(84),100.0%(84),100.0%(84),100.0%(84),100.0%(84),98.81%(83),合格
260404153205_B170_SKII15168-YY2-1-260404153205,B170,LC002659-S01-D01-LPD-D503D735,2449262,2435376,0.9943,0.1222,148,130,0.95,0.91,0.51,1061682,0.9716,0.9944,3344.84,0.9425,0.5836,0.2383,0.0473,0.0378,0.9742,0.8235,1,1,1,0.9995,1,0.9918,1,0.9978,0.9768,0.9321,84,0,100.0%(84),100.0%(84),100.0%(84),100.0%(84),100.0%(84),100.0%(84),100.0%(84),98.81%(83),合格
260404153205_B170_SKII15168-YY2-1-260404153205,B170,LC002978-S01-D01-LPD-D503D737,2538470,2524322,0.9944,0.1217,148,130,0.95,0.91,0.52,1069712,0.9696,0.9966,3358.74,0.9457,0.4884,0.3142,0.0566,0.0428,0.9717,0.9392,1,1,1,0.9997,1,0.9997,1,0.999,1,0.9321,84,0,100.0%(84),100.0%(84),100.0%(84),100.0%(84),100.0%(84),100.0%(84),100.0%(84),98.81%(83),合格
260404153205_B170_SKII15168-YY2-1-260404153205,B170,LC003171-S01-D01-LPD-D503D738,2199376,2186754,0.9943,0.1232,148,130,0.95,0.91,0.52,1060017,0.9736,0.9939,3419.58,0.9671,0.3864,0.4303,0.0859,0.0361,0.9501,0.7956,1,1,1,0.9997,1,0.9997,1,0.9799,0.9723,0.9304,84,0,100.0%(84),100.0%(84),100.0%(84),100.0%(84),100.0%(84),100.0%(84),98.81%(83),97.62%(82),合格
260404153205_B170_SKII15168-YY2-1-260404153205,B170,LC003178-S01-D01-LPD-D503D739,2123642,2112628,0.9948,0.1283,148,129,0.95,0.91,0.52,1070491,0.9725,0.9963,3346.78,0.9471,0.5033,0.3053,0.0546,0.0482,0.963,0.8974,1,1,1,0.9997,1,0.9997,1,0.9984,0.9966,0.9321,84,0,100.0%(84),100.0%(84),100.0%(84),100.0%(84),100.0%(84),100.0%(84),100.0%(84),98.81%(83),合格
260404153205_B170_SKII15168-YY2-1-260404153205,B170,CN001477-S09-D03-LPD-D502D733,1651840,1645534,0.9962,0.1139,148,131,0.95,0.91,0.52,1053431,0.9553,0.998,3215.99,0.9193,0.4714,0.3072,0.043,0.0223,0.9219,0.845,1,1,0.9999,0.9978,1,0.9985,1,0.9335,1,0.974,84,0,100.0%(84),100.0%(84),100.0%(84),100.0%(84),100.0%(84),100.0%(84),100.0%(84),96.43%(81),合格
260404153205_B170_SKII15168-YY2-1-260404153205,B170,LC003179-S01-D01-LPD-D503D740,2263834,2249186,0.9935,0.1297,148,129,0.95,0.91,0.51,1030422,0.9585,0.9963,3310.97,0.9639,0.4361,0.3639,0.0814,0.0422,0.9605,0.8131,1,1,1,0.9996,1,0.9997,1,0.9981,0.9975,0.931,84,0,100.0%(84),100.0%(84),100.0%(84),100.0%(84),100.0%(84),100.0%(84),98.81%(83),97.62%(82),合格
260404153205_B170_SKII15168-YY2-1-260404153205,B170,LC003181-S01-D01-LPD-D503D741,2238700,2223156,0.9931,0.1412,148,127,0.95,0.91,0.52,1071613,0.9712,0.9966,3268.35,0.938,0.5523,0.2497,0.0513,0.0427,0.9593,0.9297,1,1,1,0.9995,1,0.9997,1,0.9952,0.9992,0.9324,84,0,100.0%(84),100.0%(84),100.0%(84),100.0%(84),100.0%(84),100.0%(84),100.0%(84),96.43%(81),合格
260404153205_B170_SKII15168-YY2-1-260404153205,B170,LC003182-S01-D01-LPD-D503D742,2201216,2177726,0.9893,0.1304,148,129,0.95,0.91,0.51,1031005,0.9605,0.9966,3309.27,0.96,0.3962,0.3972,0.0796,0.047,0.9614,0.8508,1,1,1,0.9997,1,0.9997,1,0.999,1,0.931,84,0,100.0%(84),100.0%(84),100.0%(84),100.0%(84),100.0%(84),100.0%(84),100.0%(84),96.43%(81),合格
260404153205_B170_SKII15168-YY2-1-260404153205,B170,LC001881-S02-D01-LPD-D503D744,2221326,2184862,0.9836,0.1349,148,129,0.95,0.91,0.51,993533,0.9315,0.9912,3080.54,0.9295,0.4433,0.3543,0.0319,0.045,0.9663,0.7994,1,1,1,0.9994,1,0.9997,0.999,0.9693,0.9354,0.9318,84,0,100.0%(84),100.0%(84),100.0%(84),100.0%(84),100.0%(84),100.0%(84),98.81%(83),97.62%(82),合格
260404153205_B170_SKII15168-YY2-1-260404153205,B170,LC002160-S01-D01-LPD-D502D741,1927654,1918046,0.995,0.1302,148,129,0.95,0.91,0.5,1063805,0.9483,0.9964,3102.14,0.9109,0.546,0.2846,0.0215,0.0162,0.9512,0.7406,1,1,0.9999,0.9975,1,0.9911,0.9994,0.9214,1,0.9304,84,0,100.0%(84),100.0%(84),100.0%(84),100.0%(84),100.0%(84),100.0%(84),100.0%(84),97.62%(82),合格
260404153205_B170_SKII15168-YY2-1-260404153205,B170,LC002397-S01-D01-LPD-D503D720,2621162,2608762,0.9953,0.1205,148,130,0.95,0.91,0.51,1057377,0.9669,0.9966,3286.06,0.9281,0.5483,0.2519,0.046,0.0409,0.974,0.9564,1,1,1,0.9996,1,0.9997,1,0.999,1,0.9321,84,0,100.0%(84),100.0%(84),100.0%(84),100.0%(84),100.0%(84),100.0%(84),100.0%(84),98.81%(83),合格
260404153205_B170_SKII15168-YY2-1-260404153205,B170,LC002134-S01-D01-LPD-D503D721,2313158,2291842,0.9908,0.1272,148,130,0.95,0.91,0.53,983221,0.9114,0.9984,2993.81,0.9149,0.4711,0.2823,0.0435,0.0514,0.9715,0.9682,1,1,1,0.9995,1,0.9997,1,0.999,1,0.9343,84,0,100.0%(84),100.0%(84),100.0%(84),100.0%(84),100.0%(84),100.0%(84),100.0%(84),97.62%(82),合格
260404153205_B170_SKII15168-YY2-1-260404153205,B170,LC002136-S01-D01-LPD-D503D722,2244224,2214748,0.9869,0.1311,148,129,0.95,0.91,0.52,997545,0.9298,0.9966,3068.26,0.9223,0.4699,0.297,0.0446,0.0542,0.9649,0.8397,1,1,1,0.9984,1,0.9997,1,0.999,0.9994,0.9318,84,0,100.0%(84),100.0%(84),100.0%(84),100.0%(84),100.0%(84),100.0%(84),100.0%(84),98.81%(83),合格
260404153205_B170_SKII15168-YY2-1-260404153205,B170,LC002325-S01-D01-LPD-D503D725,2376298,2358964,0.9927,0.1455,148,127,0.95,0.91,0.52,1074032,0.968,0.9959,3280.32,0.9515,0.4228,0.3672,0.0763,0.0471,0.9371,0.8149,1,1,1,0.9997,1,0.9997,0.9997,0.9984,0.9925,0.9315,84,0,100.0%(84),100.0%(84),100.0%(84),100.0%(84),100.0%(84),100.0%(84),98.81%(83),97.62%(82),合格
260404153205_B170_SKII15168-YY2-1-260404153205,B170,LC002328-S01-D01-LPD-D503D726,2091846,2074166,0.9915,0.1451,148,127,0.95,0.91,0.52,1073951,0.969,0.9966,3304.46,0.9567,0.4166,0.3609,0.0874,0.0479,0.9531,0.8066,1,1,1,0.9997,1,0.9939,1,0.9974,0.9994,0.9315,84,0,100.0%(84),100.0%(84),100.0%(84),100.0%(84),100.0%(84),100.0%(84),98.81%(83),97.62%(82),合格
260404153205_B170_SKII15168-YY2-1-260404153205,B170,LC002331-S01-D01-LPD-D503D727,2029364,2016622,0.9937,0.133,148,128,0.95,0.91,0.52,1092462,0.9675,0.9903,3332.49,0.951,0.4019,0.3828,0.0776,0.0534,0.929,0.7606,1,1,1,0.9991,1,0.9997,1,0.999,0.9352,0.9321,84,0,100.0%(84),100.0%(84),100.0%(84),100.0%(84),100.0%(84),100.0%(84),98.81%(83),96.43%(81),合格
260404153205_B170_SKII15168-YY2-1-260404153205,B170,LC002348-S01-D01-LPD-D503D728,2112578,2102718,0.9953,0.1087,148,132,0.95,0.91,0.52,1041563,0.9548,0.9984,3120.15,0.8812,0.553,0.2206,0.0337,0.0333,0.9765,0.9545,1,1,1,0.9994,1,0.9997,1,0.9987,0.9843,0.9321,84,0,100.0%(84),100.0%(84),100.0%(84),100.0%(84),100.0%(84),100.0%(84),100.0%(84),98.81%(83),合格
260413181025_B170_SKII15205-YY2-2-260413181024,B170,LC002351-S01-D01-LPD-D503D729,1351120,1337598,0.99,0.13,148,129,0.87,0.79,0.52,1039088,0.9547,0.9967,3175.91,0.9219,0.4408,0.3213,0.0401,0.0593,0.9636,0.9509,1,1,1,0.9995,1,0.9933,1,0.9994,0.9994,0.9326,84,0,100.0%(84),100.0%(84),100.0%(84),100.0%(84),100.0%(84),100.0%(84),98.81%(83),98.81%(83),合格
260413181025_B170_SKII15205-YY2-2-260413181024,B170,LC002375-S01-D01-LPD-D503D730,1341732,1311184,0.9772,0.1442,148,128,0.87,0.79,0.51,965372,0.9127,0.9951,3008.59,0.938,0.4702,0.3579,0.0278,0.044,0.9668,0.7189,1,1,1,0.9986,1,0.9945,1,0.9952,0.9754,0.9324,84,0,100.0%(84),100.0%(84),100.0%(84),100.0%(84),100.0%(84),100.0%(84),98.81%(83),96.43%(81),合格
260413181025_B170_SKII15205-YY2-2-260413181024,B170,LC002394-S01-D01-LPD-D503D731,1536094,1527332,0.9943,0.1331,148,128,0.87,0.79,0.52,1067594,0.9674,0.9966,3343.08,0.9555,0.4421,0.3505,0.0653,0.0465,0.9433,0.8693,1,1,1,0.9998,1,0.9997,1,0.999,1,0.8563,84,0,100.0%(84),100.0%(84),100.0%(84),100.0%(84),100.0%(84),100.0%(84),98.81%(83),96.43%(81),合格
260413181025_B170_SKII15205-YY2-2-260413181024,B170,LC002395-S01-D01-LPD-D503D732,1309858,1300110,0.9926,0.1427,148,127,0.87,0.79,0.52,1050285,0.9661,0.9961,3304.18,0.9616,0.4273,0.3874,0.0752,0.0406,0.9564,0.7745,1,1,1,0.9997,1,0.9997,1,0.9466,0.9941,0.9338,84,0,100.0%(84),100.0%(84),100.0%(84),100.0%(84),100.0%(84),100.0%(84),98.81%(83),96.43%(81),合格
260413181025_B170_SKII15205-YY2-2-260413181024,B170,LC002653-S01-D01-LPD-D503D733,1313190,1306458,0.9949,0.106,148,132,0.87,0.79,0.52,1031714,0.9546,0.998,3241.78,0.9151,0.5606,0.233,0.0416,0.0372,0.969,0.9516,1,1,1,0.9994,1,0.9997,1,0.9974,1,0.9321,84,0,100.0%(84),100.0%(84),100.0%(84),100.0%(84),100.0%(84),100.0%(84),100.0%(84),98.81%(83),合格
260413181025_B170_SKII15205-YY2-2-260413181024,B170,LC002657-S01-D01-LPD-D503D734,1106922,1084514,0.9798,0.1291,148,130,0.87,0.79,0.51,975835,0.9186,0.9908,3049.35,0.9305,0.5906,0.2449,0.0232,0.0442,0.9696,0.7278,1,1,1,0.9981,1,0.9997,1,0.9444,0.9413,0.938,84,0,100.0%(84),100.0%(84),100.0%(84),100.0%(84),100.0%(84),100.0%(84),100.0%(84),98.81%(83),合格
260413181025_B170_SKII15205-YY2-2-260413181024,B170,LC002659-S01-D01-LPD-D503D735,1479968,1471358,0.9942,0.1238,148,130,0.87,0.79,0.52,1052468,0.9697,0.9967,3333.39,0.9437,0.5876,0.2395,0.0452,0.0362,0.9675,0.7927,1,1,1,0.9994,1,0.9918,1,0.993,0.998,0.9321,84,0,100.0%(84),100.0%(84),100.0%(84),100.0%(84),100.0%(84),100.0%(84),100.0%(84),97.62%(82),合格
260413181025_B170_SKII15205-YY2-2-260413181024,B170,LC002978-S01-D01-LPD-D503D737,1472458,1463082,0.9936,0.1272,148,129,0.87,0.8,0.52,1060056,0.9683,0.9966,3335.29,0.9465,0.4947,0.3142,0.0544,0.0399,0.9657,0.9295,1,1,1,0.9998,1,0.9997,1,0.999,1,0.9321,84,0,100.0%(84),100.0%(84),100.0%(84),100.0%(84),100.0%(84),100.0%(84),98.81%(83),98.81%(83),合格
260413181025_B170_SKII15205-YY2-2-260413181024,B170,LC003171-S01-D01-LPD-D503D738,1323810,1315332,0.9936,0.1252,148,130,0.87,0.79,0.52,1051196,0.9722,0.9943,3408.22,0.968,0.3917,0.4319,0.0811,0.0351,0.9503,0.7959,1,1,1,0.9997,1,0.9997,1,0.9824,0.9771,0.9307,84,0,100.0%(84),100.0%(84),100.0%(84),100.0%(84),100.0%(84),100.0%(84),98.81%(83),98.81%(83),合格
260413181025_B170_SKII15205-YY2-2-260413181024,B170,LC003178-S01-D01-LPD-D503D739,1289522,1282662,0.9947,0.1302,148,129,0.87,0.79,0.52,1061513,0.9708,0.9966,3336.8,0.9487,0.5076,0.3078,0.0514,0.0459,0.9627,0.9081,1,1,1,0.9997,1,0.9997,1,0.999,1,0.9321,84,0,100.0%(84),100.0%(84),100.0%(84),100.0%(84),100.0%(84),100.0%(84),98.81%(83),97.62%(82),合格
260413181025_B170_SKII15205-YY2-2-260413181024,B170,CN001477-S09-D03-LPD-D502D733,1016422,1012070,0.9957,0.1155,148,131,0.87,0.79,0.52,1044988,0.9543,0.9987,3215,0.9218,0.4751,0.308,0.0415,0.0216,0.912,0.8432,1,1,0.9997,0.9982,1,0.9982,1,0.9367,1,0.9645,84,0,100.0%(84),100.0%(84),100.0%(84),100.0%(84),100.0%(84),100.0%(84),98.81%(83),96.43%(81),合格
260413181025_B170_SKII15205-YY2-2-260413181024,B170,LC003179-S01-D01-LPD-D503D740,1369670,1360062,0.993,0.1324,148,129,0.87,0.79,0.51,1023002,0.9567,0.9914,3301.37,0.9649,0.442,0.3647,0.0772,0.0407,0.9592,0.8237,1,1,1,0.9996,1,0.9997,1,0.9984,0.9477,0.9315,84,0,100.0%(84),100.0%(84),100.0%(84),100.0%(84),100.0%(84),100.0%(84),98.81%(83),97.62%(82),合格
260413181025_B170_SKII15205-YY2-2-260413181024,B170,LC003181-S01-D01-LPD-D503D741,1359066,1348436,0.9922,0.1447,148,127,0.87,0.79,0.53,1061671,0.9689,0.9994,3253.5,0.9398,0.5602,0.2479,0.0491,0.0415,0.9617,0.9226,1,1,1,0.9995,1,0.9997,1,0.9978,1,0.9321,84,0,100.0%(84),100.0%(84),100.0%(84),100.0%(84),100.0%(84),100.0%(84),98.81%(83),96.43%(81),合格
260413181025_B170_SKII15205-YY2-2-260413181024,B170,LC003182-S01-D01-LPD-D503D742,1307338,1291948,0.9882,0.1321,148,129,0.87,0.79,0.51,1025762,0.9596,0.9965,3304.61,0.9608,0.4011,0.4001,0.0753,0.0448,0.9573,0.8524,1,1,1,0.9997,1,0.9997,1,0.999,0.9992,0.9321,84,0,100.0%(84),100.0%(84),100.0%(84),100.0%(84),100.0%(84),100.0%(84),98.81%(83),96.43%(81),合格
260413181025_B170_SKII15205-YY2-2-260413181024,B170,LC001881-S02-D01-LPD-D503D744,1329496,1306346,0.9826,0.1366,148,129,0.87,0.79,0.51,988896,0.9318,0.9944,3084.02,0.9313,0.4464,0.3573,0.0306,0.0438,0.962,0.7978,1,1,1,0.9993,1,0.9997,0.999,0.9562,0.9771,0.9321,84,0,100.0%(84),100.0%(84),100.0%(84),100.0%(84),100.0%(84),100.0%(84),98.81%(83),97.62%(82),合格
260413181025_B170_SKII15205-YY2-2-260413181024,B170,LC002160-S01-D01-LPD-D502D741,1186314,1179784,0.9945,0.1326,148,128,0.87,0.79,0.51,1053577,0.9469,0.9965,3099.15,0.9142,0.5498,0.2862,0.0212,0.0152,0.9407,0.7284,1,1,0.9998,0.9975,1,0.9911,0.9987,0.9262,0.9994,0.931,84,0,100.0%(84),100.0%(84),100.0%(84),100.0%(84),100.0%(84),100.0%(84),98.81%(83),97.62%(82),合格
260413181025_B170_SKII15205-YY2-2-260413181024,B170,LC002397-S01-D01-LPD-D503D720,1609090,1600634,0.9947,0.1228,148,130,0.87,0.79,0.52,1049565,0.9651,0.9966,3282.27,0.9307,0.5552,0.2517,0.0447,0.0387,0.9667,0.9539,1,1,1,0.9996,1,0.9997,1,0.999,1,0.9324,84,0,100.0%(84),100.0%(84),100.0%(84),100.0%(84),100.0%(84),100.0%(84),100.0%(84),98.81%(83),合格
260413181025_B170_SKII15205-YY2-2-260413181024,B170,LC002134-S01-D01-LPD-D503D721,1382606,1369360,0.9904,0.1289,148,129,0.87,0.79,0.53,978009,0.9111,0.9999,2997.08,0.9179,0.4762,0.2843,0.0415,0.0497,0.9665,0.9625,1,1,1,0.9995,1,0.9997,1,0.999,0.9989,0.9343,84,0,100.0%(84),100.0%(84),100.0%(84),100.0%(84),100.0%(84),100.0%(84),98.81%(83),96.43%(81),合格
260413181025_B170_SKII15205-YY2-2-260413181024,B170,LC002136-S01-D01-LPD-D503D722,1342492,1324124,0.9863,0.1326,148,129,0.87,0.79,0.52,991749,0.9297,0.9974,3070.98,0.9252,0.4754,0.2986,0.0434,0.0514,0.9628,0.8278,1,1,0.9999,0.9991,1,0.9997,1,0.999,1,0.9321,84,0,100.0%(84),100.0%(84),100.0%(84),100.0%(84),100.0%(84),100.0%(84),98.81%(83),97.62%(82),合格
260413181025_B170_SKII15205-YY2-2-260413181024,B170,LC002325-S01-D01-LPD-D503D725,1443418,1431894,0.992,0.1482,148,126,0.87,0.79,0.52,1063210,0.9655,0.9966,3265.38,0.9523,0.4294,0.3682,0.0721,0.0455,0.9439,0.8163,1,1,1,0.9997,1,0.9997,0.9997,0.9942,0.9997,0.9318,84,0,100.0%(84),100.0%(84),100.0%(84),100.0%(84),100.0%(84),100.0%(84),98.81%(83),98.81%(83),合格
260413181025_B170_SKII15205-YY2-2-260413181024,B170,LC002328-S01-D01-LPD-D503D726,1180748,1169430,0.9904,0.1509,148,126,0.88,0.8,0.52,1063123,0.9666,0.9924,3275.46,0.9567,0.4225,0.3605,0.0835,0.0481,0.9507,0.8035,1,1,1,0.9997,1,0.9936,1,0.9984,0.9564,0.9321,84,0,100.0%(84),100.0%(84),100.0%(84),100.0%(84),100.0%(84),100.0%(84),98.81%(83),96.43%(81),合格
260413181025_B170_SKII15205-YY2-2-260413181024,B170,LC002331-S01-D01-LPD-D503D727,1217068,1208852,0.9932,0.1366,148,128,0.87,0.79,0.53,1082292,0.965,0.9902,3310.68,0.9514,0.4092,0.3828,0.0745,0.0503,0.932,0.763,1,1,1,0.9989,1,0.9997,1,0.9907,0.9352,0.9321,84,0,100.0%(84),100.0%(84),100.0%(84),100.0%(84),100.0%(84),98.81%(83),98.81%(83),95.24%(80),合格
260413181025_B170_SKII15205-YY2-2-260413181024,B170,LC002348-S01-D01-LPD-D503D728,1281352,1274684,0.9948,0.1112,148,132,0.87,0.79,0.52,1033845,0.9536,0.9948,3113.95,0.8836,0.5586,0.2208,0.0324,0.0322,0.9734,0.949,1,1,1,0.9994,1,0.9997,1,0.9946,0.9734,0.9324,84,0,100.0%(84),100.0%(84),100.0%(84),100.0%(84),100.0%(84),100.0%(84),100.0%(84),98.81%(83),合格
260428162711_B162_SKII5264-YY2-CLK-A-260428162711,B162,LC002351-S01-D01-LPD-D503D729,1112726,1101340,0.9898,0.1303,150,131,0.94,0.9,0.52,1050838,0.9533,0.9959,3182.95,0.914,0.4336,0.3111,0.0424,0.064,0.967,0.9534,1,1,1,0.9995,1,0.9942,1,0.9994,0.9925,0.9326,84,0,100.0%(84),100.0%(84),100.0%(84),100.0%(84),100.0%(84),100.0%(84),100.0%(84),98.81%(83),合格
260428162711_B162_SKII5264-YY2-CLK-A-260428162711,B162,LC002375-S01-D01-LPD-D503D730,1124530,1099470,0.9777,0.1435,150,130,0.94,0.9,0.51,969956,0.9079,0.9944,3000.46,0.9295,0.4664,0.3458,0.0289,0.0488,0.9706,0.7364,1,1,1,0.9984,1,0.9945,1,0.9971,0.9762,0.9321,84,0,100.0%(84),100.0%(84),100.0%(84),100.0%(84),100.0%(84),100.0%(84),100.0%(84),97.62%(82),合格
260428162711_B162_SKII5264-YY2-CLK-A-260428162711,B162,LC002394-S01-D01-LPD-D503D731,1290328,1283088,0.9944,0.1328,150,130,0.94,0.9,0.52,1082446,0.9682,0.9966,3366.43,0.9493,0.4338,0.3432,0.0691,0.0496,0.9534,0.87,1,1,1,0.9997,1,0.9997,1,0.999,0.9992,0.8566,84,0,100.0%(84),100.0%(84),100.0%(84),100.0%(84),100.0%(84),100.0%(84),100.0%(84),96.43%(81),合格
260428162711_B162_SKII5264-YY2-CLK-A-260428162711,B162,LC002395-S01-D01-LPD-D503D732,1108944,1101424,0.9932,0.1411,150,129,0.94,0.9,0.52,1063722,0.9657,0.9968,3332.21,0.9568,0.4183,0.3782,0.083,0.0445,0.9593,0.7784,1,1,1,0.9998,1,0.9997,0.9997,0.9386,0.9994,0.9335,84,0,100.0%(84),100.0%(84),100.0%(84),100.0%(84),100.0%(84),100.0%(84),100.0%(84),97.62%(82),合格
260428162711_B162_SKII5264-YY2-CLK-A-260428162711,B162,LC002653-S01-D01-LPD-D503D733,1113704,1108076,0.9949,0.1062,150,134,0.94,0.9,0.52,1043013,0.9536,0.9991,3255.08,0.908,0.5526,0.2275,0.0434,0.0404,0.9759,0.9497,1,1,1,0.9995,1,0.9997,1,0.9981,0.9994,0.9321,84,0,100.0%(84),100.0%(84),100.0%(84),100.0%(84),100.0%(84),100.0%(84),100.0%(84),100.0%(84),合格
260428162711_B162_SKII5264-YY2-CLK-A-260428162711,B162,LC002657-S01-D01-LPD-D503D734,933102,915420,0.9811,0.128,150,132,0.94,0.9,0.51,897792,0.9136,0.9938,2788.91,0.9228,0.5844,0.2364,0.0249,0.0482,0.9779,0.728,1,1,0.9998,0.9892,1,0.9997,0.9997,0.961,0.941,0.9374,84,0,100.0%(84),100.0%(84),100.0%(84),100.0%(84),100.0%(84),100.0%(84),100.0%(84),98.81%(83),合格
260428162711_B162_SKII5264-YY2-CLK-A-260428162711,B162,LC002659-S01-D01-LPD-D503D735,1244068,1236444,0.9939,0.1228,150,132,0.94,0.9,0.51,1066517,0.9702,0.9932,3358.01,0.9368,0.5789,0.2344,0.0482,0.0394,0.9753,0.8226,1,1,1,0.9996,1,0.9914,1,0.9958,0.9516,0.9318,84,0,100.0%(84),100.0%(84),100.0%(84),100.0%(84),100.0%(84),100.0%(84),100.0%(84),100.0%(84),合格
260428162711_B162_SKII5264-YY2-CLK-A-260428162711,B162,LC002978-S01-D01-LPD-D503D737,1147330,1140376,0.9939,0.1272,150,131,0.95,0.9,0.52,1071501,0.9687,0.9966,3361.35,0.942,0.4877,0.3077,0.0569,0.0445,0.9697,0.9326,1,1,1,0.9997,1,0.9997,1,0.999,0.9994,0.9321,84,0,100.0%(84),100.0%(84),100.0%(84),100.0%(84),100.0%(84),100.0%(84),100.0%(84),100.0%(84),合格
260428162711_B162_SKII5264-YY2-CLK-A-260428162711,B162,LC003171-S01-D01-LPD-D503D738,1101414,1094282,0.9935,0.1249,150,132,0.94,0.9,0.52,1064751,0.972,0.9934,3433,0.9621,0.3848,0.4219,0.0885,0.0375,0.9456,0.7969,1,1,1,0.9998,1,0.9997,0.9997,0.9725,0.9676,0.9307,84,0,100.0%(84),100.0%(84),100.0%(84),100.0%(84),100.0%(84),100.0%(84),100.0%(84),96.43%(81),合格
260428162711_B162_SKII5264-YY2-CLK-A-260428162711,B162,LC003178-S01-D01-LPD-D503D739,1088898,1083260,0.9948,0.1312,150,131,0.94,0.9,0.52,1074732,0.971,0.9964,3355.05,0.9422,0.499,0.3013,0.0553,0.0496,0.966,0.9025,1,1,1,0.9997,1,0.9997,1,0.999,0.9972,0.9321,84,0,100.0%(84),100.0%(84),100.0%(84),100.0%(84),100.0%(84),100.0%(84),100.0%(84),98.81%(83),合格
260428162711_B162_SKII5264-YY2-CLK-A-260428162711,B162,CN001477-S09-D03-LPD-D502D733,837516,834144,0.996,0.1131,150,133,0.94,0.9,0.52,883740,0.9527,0.9994,2691.06,0.9129,0.4674,0.301,0.0432,0.0232,0.9323,0.8454,1,1,0.9996,0.9979,1,0.9976,0.9994,0.9281,1,0.976,84,0,100.0%(84),100.0%(84),100.0%(84),100.0%(84),100.0%(84),100.0%(84),100.0%(84),94.05%(79),合格
260428162711_B162_SKII5264-YY2-CLK-A-260428162711,B162,LC003179-S01-D01-LPD-D503D740,1147820,1139938,0.9931,0.1313,150,131,0.94,0.9,0.51,1034185,0.9557,0.9966,3322.78,0.9591,0.4348,0.3543,0.0831,0.045,0.9592,0.8082,1,1,1,0.9997,1,0.9997,1,0.999,0.9994,0.931,84,0,100.0%(84),100.0%(84),100.0%(84),100.0%(84),100.0%(84),100.0%(84),100.0%(84),97.62%(82),合格
260428162711_B162_SKII5264-YY2-CLK-A-260428162711,B162,LC003181-S01-D01-LPD-D503D741,1154094,1145398,0.9925,0.1437,150,129,0.94,0.9,0.52,1075790,0.9698,0.9956,3275.61,0.9334,0.5501,0.244,0.0524,0.0447,0.9606,0.9211,1,1,1,0.9995,1,0.9997,1,0.9914,0.9894,0.9321,84,0,100.0%(84),100.0%(84),100.0%(84),100.0%(84),100.0%(84),100.0%(84),100.0%(84),96.43%(81),合格
260428162711_B162_SKII5264-YY2-CLK-A-260428162711,B162,LC003182-S01-D01-LPD-D503D742,1118346,1105362,0.9884,0.1323,150,131,0.94,0.9,0.51,1035283,0.9576,0.9966,3317.28,0.9544,0.3955,0.3882,0.0807,0.0487,0.961,0.8525,1,1,1,0.9997,1,0.9997,1,0.9984,1,0.9315,84,0,100.0%(84),100.0%(84),100.0%(84),100.0%(84),100.0%(84),100.0%(84),100.0%(84),96.43%(81),合格
260428162711_B162_SKII5264-YY2-CLK-A-260428162711,B162,LC001881-S02-D01-LPD-D503D744,1138196,1119296,0.9834,0.1357,150,131,0.94,0.9,0.51,995341,0.9281,0.9945,3086.41,0.924,0.4432,0.3447,0.0317,0.0484,0.968,0.8005,1,1,1,0.9994,1,0.9997,0.999,0.9901,0.9575,0.9318,84,0,100.0%(84),100.0%(84),100.0%(84),100.0%(84),100.0%(84),100.0%(84),100.0%(84),97.62%(82),合格
260428162711_B162_SKII5264-YY2-CLK-A-260428162711,B162,LC002160-S01-D01-LPD-D502D741,982066,976670,0.9945,0.1313,150,131,0.94,0.9,0.51,1042306,0.9454,0.9977,3027.8,0.9045,0.5473,0.2751,0.022,0.0171,0.9506,0.7382,1,1,0.9998,0.9973,1,0.9914,0.9987,0.9259,0.9994,0.9304,84,0,100.0%(84),100.0%(84),100.0%(84),100.0%(84),100.0%(84),100.0%(84),100.0%(84),97.62%(82),合格
260428162711_B162_SKII5264-YY2-CLK-A-260428162711,B162,LC002397-S01-D01-LPD-D503D720,1327066,1320770,0.9953,0.122,150,132,0.94,0.9,0.51,1062535,0.9648,0.9966,3301.21,0.9239,0.5464,0.2457,0.0469,0.042,0.9735,0.9571,1,1,1,0.9997,1,0.9997,1,0.999,1,0.9324,84,0,100.0%(84),100.0%(84),100.0%(84),100.0%(84),100.0%(84),100.0%(84),100.0%(84),100.0%(84),合格
260428162711_B162_SKII5264-YY2-CLK-A-260428162711,B162,LC002134-S01-D01-LPD-D503D721,1180978,1169958,0.9907,0.1284,150,131,0.94,0.9,0.53,984328,0.9064,0.9966,2987.8,0.9099,0.4689,0.2742,0.0436,0.0538,0.9713,0.968,1,1,1,0.9996,1,0.9997,1,0.999,0.9994,0.9343,84,0,100.0%(84),100.0%(84),100.0%(84),100.0%(84),100.0%(84),100.0%(84),100.0%(84),98.81%(83),合格
260428162711_B162_SKII5264-YY2-CLK-A-260428162711,B162,LC002136-S01-D01-LPD-D503D722,1152184,1137302,0.9871,0.1322,150,131,0.94,0.9,0.52,999200,0.9262,0.9999,3065.96,0.9158,0.4675,0.2884,0.0449,0.0569,0.9666,0.8427,1,1,1,0.9987,1,0.9997,1,0.999,0.9994,0.9324,84,0,100.0%(84),100.0%(84),100.0%(84),100.0%(84),100.0%(84),100.0%(84),100.0%(84),98.81%(83),合格
260428162711_B162_SKII5264-YY2-CLK-A-260428162711,B162,LC002325-S01-D01-LPD-D503D725,1205592,1196226,0.9922,0.1473,150,128,0.94,0.9,0.52,1079128,0.9661,0.9931,3290.79,0.947,0.423,0.3579,0.0781,0.0487,0.9439,0.8173,1,1,1,0.9997,1,0.9997,1,0.999,0.9639,0.9315,84,0,100.0%(84),100.0%(84),100.0%(84),100.0%(84),100.0%(84),100.0%(84),100.0%(84),97.62%(82),合格
260428162711_B162_SKII5264-YY2-CLK-A-260428162711,B162,LC002328-S01-D01-LPD-D503D726,1008680,999214,0.9906,0.1481,150,128,0.94,0.9,0.52,1076716,0.9668,0.9966,3308.62,0.9521,0.415,0.3513,0.0903,0.0504,0.9425,0.8058,1,1,1,0.9997,1,0.9933,1,0.999,1,0.9315,84,0,100.0%(84),100.0%(84),100.0%(84),100.0%(84),100.0%(84),100.0%(84),100.0%(84),95.24%(80),合格
260428162711_B162_SKII5264-YY2-CLK-A-260428162711,B162,LC002331-S01-D01-LPD-D503D727,1040614,1033632,0.9933,0.135,150,130,0.94,0.9,0.52,1098378,0.9659,0.9903,3345.73,0.9468,0.4015,0.3749,0.0794,0.0554,0.9248,0.7556,1,1,1,0.9989,1,0.9997,1,0.999,0.9352,0.9321,84,0,100.0%(84),100.0%(84),100.0%(84),100.0%(84),100.0%(84),100.0%(84),100.0%(84),96.43%(81),合格
260428162711_B162_SKII5264-YY2-CLK-A-260428162711,B162,LC002348-S01-D01-LPD-D503D728,1074724,1069732,0.9954,0.11,150,134,0.94,0.9,0.52,1045422,0.9519,0.9958,3126.52,0.8758,0.551,0.2151,0.0343,0.0341,0.9791,0.9539,1,1,1,0.9997,1,0.9997,1,0.9946,0.9913,0.9326,84,0,100.0%(84),100.0%(84),100.0%(84),100.0%(84),100.0%(84),100.0%(84),100.0%(84),100.0%(84),合格
260429170714_B141_SKII15265-YY223-CTRL-260429170714,B141,LC002351-S01-D01-LPD-D503D729,812842,803720,0.9888,0.1505,150,128,0.93,0.87,0.51,838505,0.9623,0.9945,2530.68,0.9187,0.4445,0.328,0.0381,0.053,0.9592,0.9502,1,1,1,0.9995,1,0.9936,1,0.999,0.9785,0.9324,84,0,100.0%(84),100.0%(84),100.0%(84),100.0%(84),100.0%(84),100.0%(84),100.0%(84),96.43%(81),合格
260429170714_B141_SKII15265-YY223-CTRL-260429170714,B141,LC002375-S01-D01-LPD-D503D730,849202,827302,0.9742,0.1656,150,127,0.93,0.88,0.5,807113,0.9231,0.9938,2487.71,0.9357,0.4692,0.3676,0.0258,0.0382,0.9578,0.7004,1,1,0.9998,0.998,1,0.9936,1,0.9971,0.9718,0.9321,84,0,100.0%(84),100.0%(84),100.0%(84),100.0%(84),100.0%(84),100.0%(84),98.81%(83),95.24%(80),合格
260429170714_B141_SKII15265-YY223-CTRL-260429170714,B141,LC002394-S01-D01-LPD-D503D731,979660,973512,0.9937,0.1526,150,127,0.93,0.87,0.51,1040039,0.9737,0.994,3215.43,0.9519,0.4465,0.36,0.0592,0.0405,0.944,0.8643,1,1,1,0.9997,1,0.9997,1,0.9978,0.9734,0.8563,84,0,100.0%(84),100.0%(84),100.0%(84),100.0%(84),100.0%(84),100.0%(84),97.62%(82),96.43%(81),合格
260429170714_B141_SKII15265-YY223-CTRL-260429170714,B141,LC002395-S01-D01-LPD-D503D732,844968,838186,0.992,0.1613,150,126,0.93,0.87,0.5,883193,0.9711,0.9928,2736.95,0.9571,0.4229,0.4003,0.0704,0.0351,0.9542,0.7746,1,1,1,0.9997,1,0.9994,1,0.923,0.9623,0.9335,84,0,100.0%(84),100.0%(84),100.0%(84),100.0%(84),100.0%(84),100.0%(84),98.81%(83),94.05%(79),合格
260429170714_B141_SKII15265-YY223-CTRL-260429170714,B141,LC002653-S01-D01-LPD-D503D733,822722,818076,0.9944,0.1225,150,132,0.93,0.87,0.51,849525,0.9628,0.9976,2646.38,0.9127,0.5642,0.2384,0.038,0.0333,0.9718,0.945,1,1,1,0.9994,1,0.9997,1,0.9994,0.9997,0.9318,84,0,100.0%(84),100.0%(84),100.0%(84),100.0%(84),100.0%(84),100.0%(84),100.0%(84),97.62%(82),合格
260429170714_B141_SKII15265-YY223-CTRL-260429170714,B141,LC002657-S01-D01-LPD-D503D734,704462,688312,0.9771,0.1474,150,129,0.93,0.88,0.5,675775,0.9253,0.9907,2095.65,0.9278,0.5895,0.2537,0.0216,0.0382,0.9763,0.6961,1,0.9709,0.9999,0.9479,1,0.9991,0.9997,0.9386,0.9416,0.9366,84,0,100.0%(84),100.0%(84),100.0%(84),100.0%(84),100.0%(84),100.0%(84),98.81%(83),97.62%(82),合格
260429170714_B141_SKII15265-YY223-CTRL-260429170714,B141,LC002659-S01-D01-LPD-D503D735,952550,946362,0.9935,0.1407,150,129,0.93,0.88,0.5,999054,0.9752,0.9961,3130.59,0.9403,0.5875,0.2488,0.0411,0.0314,0.9751,0.7532,1,1,1,0.9995,1,0.9905,0.9997,0.9949,0.9955,0.9321,84,0,100.0%(84),100.0%(84),100.0%(84),100.0%(84),100.0%(84),100.0%(84),100.0%(84),98.81%(83),合格
260429170714_B141_SKII15265-YY223-CTRL-260429170714,B141,LC002978-S01-D01-LPD-D503D737,900842,894634,0.9931,0.1451,150,129,0.93,0.88,0.5,950204,0.9742,0.9988,2961.28,0.9442,0.4968,0.323,0.0485,0.0364,0.9688,0.9199,1,1,1,0.9997,1,0.9997,0.9997,0.999,0.9997,0.9324,84,0,100.0%(84),100.0%(84),100.0%(84),100.0%(84),100.0%(84),100.0%(84),100.0%(84),97.62%(82),合格
260429170714_B141_SKII15265-YY223-CTRL-260429170714,B141,LC003171-S01-D01-LPD-D503D738,799222,793688,0.9931,0.1436,150,129,0.93,0.88,0.5,836092,0.9774,0.9964,2679.17,0.9649,0.3943,0.443,0.0726,0.0299,0.9526,0.7896,1,1,1,0.9997,1,0.9997,1,0.9655,0.9989,0.9268,84,0,100.0%(84),100.0%(84),100.0%(84),100.0%(84),100.0%(84),100.0%(84),98.81%(83),95.24%(80),合格
260429170714_B141_SKII15265-YY223-CTRL-260429170714,B141,LC003178-S01-D01-LPD-D503D739,812910,808166,0.9942,0.1488,150,128,0.93,0.87,0.51,858808,0.9757,0.9967,2667.59,0.9447,0.5101,0.3136,0.0476,0.0413,0.9603,0.8879,1,1,1,0.9996,1,0.9997,1,0.9974,1,0.9315,84,0,100.0%(84),100.0%(84),100.0%(84),100.0%(84),100.0%(84),100.0%(84),98.81%(83),96.43%(81),合格
260429170714_B141_SKII15265-YY223-CTRL-260429170714,B141,CN001477-S09-D03-LPD-D502D733,595664,593012,0.9955,0.133,150,130,0.93,0.87,0.51,623582,0.9638,0.9975,1897.62,0.9173,0.4792,0.3154,0.038,0.0185,0.9161,0.8454,1,1,0.9999,0.9972,1,0.9976,0.999,0.9169,1,0.9329,84,0,100.0%(84),100.0%(84),100.0%(84),100.0%(84),100.0%(84),100.0%(84),96.43%(81),94.05%(79),合格
260429170714_B141_SKII15265-YY223-CTRL-260429170714,B141,LC003179-S01-D01-LPD-D503D740,868670,861968,0.9923,0.1494,150,128,0.93,0.87,0.5,886840,0.9642,0.9928,2829.68,0.9619,0.4397,0.3797,0.0706,0.036,0.9445,0.8061,1,1,0.9999,0.9995,1,0.9997,1,0.9984,0.9634,0.9304,84,0,100.0%(84),100.0%(84),100.0%(84),100.0%(84),100.0%(84),100.0%(84),98.81%(83),96.43%(81),合格
260429170714_B141_SKII15265-YY223-CTRL-260429170714,B141,LC003181-S01-D01-LPD-D503D741,876078,868484,0.9913,0.163,150,126,0.93,0.87,0.51,923099,0.9745,0.9993,2792.83,0.9358,0.5618,0.2544,0.0458,0.0366,0.9679,0.9057,1,1,1,0.9995,1,0.9997,1,0.9984,0.9994,0.9315,84,0,100.0%(84),100.0%(84),100.0%(84),100.0%(84),100.0%(84),100.0%(84),100.0%(84),96.43%(81),合格
260429170714_B141_SKII15265-YY223-CTRL-260429170714,B141,LC003182-S01-D01-LPD-D503D742,859816,848438,0.9868,0.1517,150,128,0.93,0.87,0.5,873810,0.9662,0.9935,2781.27,0.9581,0.4025,0.4132,0.069,0.0382,0.9494,0.8445,1,1,1,0.9997,1,0.9997,1,0.999,0.9693,0.931,84,0,100.0%(84),100.0%(84),100.0%(84),100.0%(84),100.0%(84),100.0%(84),98.81%(83),95.24%(80),合格
260429170714_B141_SKII15265-YY223-CTRL-260429170714,B141,LC001881-S02-D01-LPD-D503D744,845522,827982,0.9793,0.1583,150,128,0.93,0.87,0.5,826060,0.9418,0.99,2547.52,0.9297,0.448,0.3694,0.0282,0.0368,0.9597,0.7551,1,1,0.9999,0.9992,1,0.9997,0.999,0.9284,0.9352,0.9312,84,0,100.0%(84),100.0%(84),100.0%(84),100.0%(84),100.0%(84),100.0%(84),98.81%(83),95.24%(80),合格
260429170714_B141_SKII15265-YY223-CTRL-260429170714,B141,LC002160-S01-D01-LPD-D502D741,717146,712636,0.9937,0.1513,150,128,0.93,0.88,0.49,754958,0.9567,0.996,2200.04,0.911,0.5475,0.2936,0.019,0.0133,0.9367,0.6835,1,1,0.9996,0.997,1,0.9859,0.9987,0.9038,0.9992,0.9298,84,0,100.0%(84),100.0%(84),100.0%(84),100.0%(84),100.0%(84),100.0%(84),98.81%(83),94.05%(79),合格
260429170714_B141_SKII15265-YY223-CTRL-260429170714,B141,LC002397-S01-D01-LPD-D503D720,1018048,1012120,0.9942,0.1409,150,129,0.93,0.87,0.5,1052881,0.9711,0.9963,3249.26,0.9267,0.5544,0.2592,0.0408,0.0349,0.9662,0.9471,1,1,1,0.9995,1,0.9997,1,0.999,0.9961,0.9324,84,0,100.0%(84),100.0%(84),100.0%(84),100.0%(84),100.0%(84),100.0%(84),100.0%(84),97.62%(82),合格
260429170714_B141_SKII15265-YY223-CTRL-260429170714,B141,LC002134-S01-D01-LPD-D503D721,862094,852000,0.9883,0.1483,150,128,0.92,0.87,0.52,847605,0.9262,0.9966,2566.16,0.9144,0.4794,0.2922,0.0383,0.0443,0.9593,0.9594,1,1,1,0.9995,1,0.9997,1,0.9994,1,0.9343,84,0,100.0%(84),100.0%(84),100.0%(84),100.0%(84),100.0%(84),100.0%(84),98.81%(83),96.43%(81),合格
260429170714_B141_SKII15265-YY223-CTRL-260429170714,B141,LC002136-S01-D01-LPD-D503D722,858486,844902,0.9842,0.1527,150,128,0.93,0.87,0.51,846096,0.9403,0.9966,2588.16,0.9213,0.4759,0.3088,0.0401,0.0455,0.9692,0.8298,1,1,1,0.9991,1,0.9997,1,0.999,1,0.9321,84,0,100.0%(84),100.0%(84),100.0%(84),100.0%(84),100.0%(84),100.0%(84),100.0%(84),97.62%(82),不合格
260429170714_B141_SKII15265-YY223-CTRL-260429170714,B141,LC002325-S01-D01-LPD-D503D725,899588,891836,0.9914,0.1676,150,125,0.93,0.87,0.51,950023,0.9719,0.9966,2883.15,0.9499,0.4301,0.3797,0.0662,0.04,0.9475,0.815,1,1,1,0.9997,1,0.9997,1,0.9805,0.9997,0.9312,84,0,100.0%(84),100.0%(84),100.0%(84),100.0%(84),100.0%(84),100.0%(84),98.81%(83),96.43%(81),合格
260429170714_B141_SKII15265-YY223-CTRL-260429170714,B141,LC002328-S01-D01-LPD-D503D726,777570,769832,0.99,0.167,150,125,0.93,0.88,0.51,819858,0.9723,0.9925,2503.22,0.954,0.4241,0.3751,0.0761,0.0406,0.9429,0.8045,1,1,1,0.9996,1,0.9918,1,0.9958,0.9589,0.931,84,0,100.0%(84),100.0%(84),100.0%(84),100.0%(84),100.0%(84),100.0%(84),98.81%(83),91.67%(77),合格
260429170714_B141_SKII15265-YY223-CTRL-260429170714,B141,LC002331-S01-D01-LPD-D503D727,775534,769962,0.9928,0.1536,150,127,0.93,0.87,0.51,834795,0.9715,0.9901,2530.73,0.9484,0.4121,0.3924,0.0678,0.0444,0.9276,0.7395,1,1,1,0.9978,1,0.9997,1,0.9655,0.9346,0.931,84,0,100.0%(84),100.0%(84),100.0%(84),100.0%(84),100.0%(84),100.0%(84),98.81%(83),92.86%(78),合格
260429170714_B141_SKII15265-YY223-CTRL-260429170714,B141,LC002348-S01-D01-LPD-D503D728,813908,809300,0.9943,0.1274,150,131,0.93,0.87,0.5,842052,0.9617,0.9944,2517.79,0.8817,0.5632,0.2236,0.0294,0.0287,0.976,0.9403,1,1,1,0.9994,1,0.9997,0.9994,0.9837,0.9771,0.9318,84,0,100.0%(84),100.0%(84),100.0%(84),100.0%(84),100.0%(84),100.0%(84),100.0%(84),96.43%(81),合格
260429170625_B143_SKII15266-YY2-23-DN-260429170627,B143,LC002351-S01-D01-LPD-D503D729,1322026,1306918,0.9886,0.1404,150,130,0.96,0.92,0.52,1046901,0.9565,0.9996,3173.8,0.9196,0.437,0.3166,0.042,0.063,0.9703,0.9542,1,1,1,0.9995,1,0.9936,1,0.999,0.9994,0.9324,84,0,100.0%(84),100.0%(84),100.0%(84),100.0%(84),100.0%(84),100.0%(84),100.0%(84),98.81%(83),合格
260429170625_B143_SKII15266-YY2-23-DN-260429170627,B143,LC002375-S01-D01-LPD-D503D730,1340636,1305812,0.974,0.1564,150,128,0.96,0.92,0.51,965240,0.9089,0.9935,2987.83,0.9351,0.4668,0.3534,0.0285,0.0471,0.9684,0.739,1,1,0.9999,0.9984,1,0.9945,1,0.9917,0.9681,0.9321,84,0,100.0%(84),100.0%(84),100.0%(84),100.0%(84),100.0%(84),100.0%(84),98.81%(83),98.81%(83),合格
260429170625_B143_SKII15266-YY2-23-DN-260429170627,B143,LC002394-S01-D01-LPD-D503D731,1561366,1551734,0.9938,0.1437,150,129,0.96,0.92,0.52,1076650,0.9714,0.9965,3349.8,0.9542,0.4344,0.3505,0.0692,0.0478,0.9551,0.8705,1,1,1,0.9998,1,0.9997,1,0.999,0.9989,0.8566,84,0,100.0%(84),100.0%(84),100.0%(84),100.0%(84),100.0%(84),100.0%(84),98.81%(83),96.43%(81),合格
260429170625_B143_SKII15266-YY2-23-DN-260429170627,B143,LC002395-S01-D01-LPD-D503D732,1331854,1320908,0.9918,0.1525,150,128,0.96,0.92,0.52,1058902,0.9687,0.9974,3311.97,0.9606,0.4177,0.386,0.0818,0.043,0.9592,0.7707,1,1,1,0.9998,1,0.9997,1,0.9693,0.9743,0.9338,84,0,100.0%(84),100.0%(84),100.0%(84),100.0%(84),100.0%(84),100.0%(84),98.81%(83),98.81%(83),合格
260429170625_B143_SKII15266-YY2-23-DN-260429170627,B143,LC002653-S01-D01-LPD-D503D733,1333356,1325518,0.9941,0.1151,150,133,0.96,0.92,0.52,1038960,0.9563,0.9966,3246.31,0.9126,0.5533,0.2315,0.0443,0.0398,0.9762,0.9502,1,1,1,0.9996,1,0.9997,1,0.9914,1,0.9321,84,0,100.0%(84),100.0%(84),100.0%(84),100.0%(84),100.0%(84),100.0%(84),100.0%(84),98.81%(83),合格
260429170625_B143_SKII15266-YY2-23-DN-260429170627,B143,LC002657-S01-D01-LPD-D503D734,1113724,1088532,0.9774,0.1395,150,131,0.96,0.92,0.51,977276,0.9152,0.9943,3037.48,0.9277,0.5871,0.2404,0.0245,0.0472,0.9706,0.7244,1,1,0.9999,0.9901,1,0.9997,1,0.9891,0.9765,0.9366,84,0,100.0%(84),100.0%(84),100.0%(84),100.0%(84),100.0%(84),100.0%(84),100.0%(84),98.81%(83),合格
260429170625_B143_SKII15266-YY2-23-DN-260429170627,B143,LC002659-S01-D01-LPD-D503D735,1499574,1489796,0.9935,0.1329,150,130,0.96,0.92,0.51,1061861,0.9729,0.9963,3344.49,0.9417,0.5822,0.2384,0.0476,0.0385,0.9741,0.8013,1,1,0.9999,0.9995,1,0.989,1,0.9978,0.9969,0.9315,84,0,100.0%(84),100.0%(84),100.0%(84),100.0%(84),100.0%(84),100.0%(84),100.0%(84),98.81%(83),合格
260429170625_B143_SKII15266-YY2-23-DN-260429170627,B143,LC002978-S01-D01-LPD-D503D737,1483298,1473564,0.9934,0.1344,150,130,0.96,0.93,0.52,1069294,0.9708,0.9965,3354.28,0.9456,0.4851,0.3149,0.0573,0.0435,0.9696,0.9321,1,1,1,0.9997,1,0.9997,1,0.999,0.9994,0.9326,84,0,100.0%(84),100.0%(84),100.0%(84),100.0%(84),100.0%(84),100.0%(84),100.0%(84),98.81%(83),合格
260429170625_B143_SKII15266-YY2-23-DN-260429170627,B143,LC003171-S01-D01-LPD-D503D738,1306432,1297144,0.9929,0.1342,150,130,0.96,0.92,0.52,1060428,0.9742,0.9964,3419.77,0.9669,0.3832,0.4304,0.0871,0.0376,0.9508,0.7977,1,1,1,0.9997,1,0.9997,0.9997,0.9783,0.9983,0.9307,84,0,100.0%(84),100.0%(84),100.0%(84),100.0%(84),100.0%(84),100.0%(84),98.81%(83),98.81%(83),合格
260429170625_B143_SKII15266-YY2-23-DN-260429170627,B143,LC003178-S01-D01-LPD-D503D739,1295242,1287068,0.9937,0.1407,150,129,0.96,0.92,0.52,1070537,0.9736,0.9966,3343.65,0.9475,0.5012,0.3075,0.054,0.0483,0.9643,0.8892,1,1,1,0.9998,1,0.9997,1,0.999,0.9994,0.9321,84,0,100.0%(84),100.0%(84),100.0%(84),100.0%(84),100.0%(84),100.0%(84),100.0%(84),98.81%(83),合格
260429170625_B143_SKII15266-YY2-23-DN-260429170627,B143,CN001477-S09-D03-LPD-D502D733,999252,994690,0.9954,0.1234,150,132,0.96,0.92,0.52,1048625,0.9557,0.9963,3199.07,0.9182,0.4702,0.3058,0.0429,0.0232,0.9373,0.8458,1,1,0.9997,0.9979,1,0.9985,1,0.9367,0.9997,0.9894,84,0,100.0%(84),100.0%(84),100.0%(84),100.0%(84),100.0%(84),100.0%(84),100.0%(84),96.43%(81),合格
260429170625_B143_SKII15266-YY2-23-DN-260429170627,B143,LC003179-S01-D01-LPD-D503D740,1377882,1367764,0.9927,0.1418,150,129,0.96,0.92,0.51,1030163,0.9587,0.9902,3305.27,0.9636,0.437,0.3596,0.0822,0.044,0.9621,0.8158,1,1,1,0.9997,1,0.9997,1,0.999,0.9346,0.9304,84,0,100.0%(84),100.0%(84),100.0%(84),100.0%(84),100.0%(84),100.0%(84),100.0%(84),98.81%(83),合格
260429170625_B143_SKII15266-YY2-23-DN-260429170627,B143,LC003181-S01-D01-LPD-D503D741,1392876,1381022,0.9915,0.154,150,127,0.96,0.92,0.52,1070855,0.9718,0.9989,3261.45,0.9383,0.5511,0.25,0.052,0.0429,0.9623,0.9074,1,1,1,0.9995,1,0.9997,1,0.9936,0.9994,0.9321,84,0,100.0%(84),100.0%(84),100.0%(84),100.0%(84),100.0%(84),100.0%(84),100.0%(84),97.62%(82),合格
260429170625_B143_SKII15266-YY2-23-DN-260429170627,B143,LC003182-S01-D01-LPD-D503D742,1353730,1336496,0.9873,0.1422,150,129,0.96,0.92,0.51,1032286,0.9611,0.9917,3307.61,0.9592,0.395,0.3963,0.0797,0.0473,0.9627,0.8599,1,1,1,0.9998,1,0.9997,0.9997,0.9978,0.9516,0.9315,84,0,100.0%(84),100.0%(84),100.0%(84),100.0%(84),100.0%(84),100.0%(84),98.81%(83),98.81%(83),合格
260429170625_B143_SKII15266-YY2-23-DN-260429170627,B143,LC001881-S02-D01-LPD-D503D744,1352558,1325890,0.9803,0.1473,150,129,0.96,0.92,0.51,992084,0.9308,0.9938,3079.03,0.9298,0.441,0.3555,0.0314,0.0467,0.9664,0.7949,1,1,1,0.9993,1,0.9997,1,0.9639,0.9712,0.9321,84,0,100.0%(84),100.0%(84),100.0%(84),100.0%(84),100.0%(84),100.0%(84),98.81%(83),97.62%(82),合格
260429170625_B143_SKII15266-YY2-23-DN-260429170627,B143,LC002160-S01-D01-LPD-D502D741,1173192,1166252,0.9941,0.143,150,129,0.96,0.92,0.5,1063647,0.9493,0.9996,3091.57,0.9104,0.5465,0.2827,0.0218,0.0165,0.9528,0.7462,1,1,0.9998,0.9973,1,0.9921,0.999,0.9348,0.9997,0.9298,84,0,100.0%(84),100.0%(84),100.0%(84),100.0%(84),100.0%(84),100.0%(84),100.0%(84),97.62%(82),合格
260429170625_B143_SKII15266-YY2-23-DN-260429170627,B143,LC002397-S01-D01-LPD-D503D720,1599458,1590644,0.9945,0.132,150,130,0.96,0.92,0.51,1058504,0.9677,0.9967,3284.61,0.928,0.5471,0.2521,0.0465,0.041,0.9749,0.9516,1,1,1,0.9996,1,0.9997,1,0.999,1,0.9324,84,0,100.0%(84),100.0%(84),100.0%(84),100.0%(84),100.0%(84),100.0%(84),100.0%(84),98.81%(83),合格
260429170625_B143_SKII15266-YY2-23-DN-260429170627,B143,LC002134-S01-D01-LPD-D503D721,1424054,1408768,0.9893,0.139,150,130,0.96,0.92,0.53,982406,0.9106,1,2982.82,0.9136,0.4712,0.2803,0.0425,0.0519,0.9752,0.9698,1,1,1,0.9995,1,0.9997,1,0.9994,1,0.9343,84,0,100.0%(84),100.0%(84),100.0%(84),100.0%(84),100.0%(84),100.0%(84),100.0%(84),97.62%(82),合格
260429170625_B143_SKII15266-YY2-23-DN-260429170627,B143,LC002136-S01-D01-LPD-D503D722,1377798,1356668,0.9847,0.1433,150,129,0.96,0.92,0.52,996712,0.9297,0.9966,3062.85,0.9219,0.4676,0.2967,0.0449,0.0552,0.9639,0.8415,1,1,1,0.999,1,0.9997,1,0.9978,1,0.9324,84,0,100.0%(84),100.0%(84),100.0%(84),100.0%(84),100.0%(84),100.0%(84),100.0%(84),97.62%(82),合格
260429170625_B143_SKII15266-YY2-23-DN-260429170627,B143,LC002325-S01-D01-LPD-D503D725,1440608,1427910,0.9912,0.1582,150,127,0.96,0.92,0.52,1075156,0.9692,0.9949,3275.68,0.9512,0.4213,0.3676,0.077,0.0474,0.9367,0.8008,1,1,1,0.9998,1,0.9997,1,0.9949,0.9827,0.9312,84,0,100.0%(84),100.0%(84),100.0%(84),100.0%(84),100.0%(84),100.0%(84),98.81%(83),97.62%(82),合格
260429170625_B143_SKII15266-YY2-23-DN-260429170627,B143,LC002328-S01-D01-LPD-D503D726,1255346,1243142,0.9903,0.1578,150,127,0.96,0.93,0.52,1073362,0.97,0.9964,3298.29,0.9566,0.416,0.3599,0.0877,0.0497,0.952,0.8022,1,1,1,0.9997,1,0.9939,1,0.9984,0.998,0.931,84,0,100.0%(84),100.0%(84),100.0%(84),100.0%(84),100.0%(84),100.0%(84),98.81%(83),98.81%(83),合格
260429170625_B143_SKII15266-YY2-23-DN-260429170627,B143,LC002331-S01-D01-LPD-D503D727,1239914,1230546,0.9924,0.1451,150,129,0.96,0.92,0.52,1092385,0.9681,0.99,3327.86,0.9506,0.4015,0.3804,0.0778,0.0547,0.929,0.7571,1,1,1,0.9977,1,0.9997,1,0.9987,0.9338,0.9324,84,0,100.0%(84),100.0%(84),100.0%(84),100.0%(84),100.0%(84),100.0%(84),98.81%(83),96.43%(81),合格
260429170625_B143_SKII15266-YY2-23-DN-260429170627,B143,LC002348-S01-D01-LPD-D503D728,1303854,1296926,0.9947,0.1189,150,132,0.96,0.92,0.52,1042109,0.9554,0.9987,3118.11,0.8801,0.5533,0.2192,0.0329,0.0332,0.977,0.9451,1,1,1,0.9995,1,0.9997,1,0.9978,0.998,0.9324,84,0,100.0%(84),100.0%(84),100.0%(84),100.0%(84),100.0%(84),100.0%(84),100.0%(84),98.81%(83),合格
260508151426_B172_SKII15277-YY2-WBhot-260508151422,B172,LC002351-S01-D01-LPD-D503D729,1107152,1094296,0.9884,0.1394,148,128,0.94,0.89,0.51,1040223,0.9565,0.9966,3138.81,0.9203,0.4389,0.3206,0.0411,0.0604,0.9645,0.9526,1,1,1,0.9995,1,0.9921,1,0.9994,0.9997,0.9321,84,0,100.0%(84),100.0%(84),100.0%(84),100.0%(84),100.0%(84),100.0%(84),98.81%(83),98.81%(83),合格
260508151426_B172_SKII15277-YY2-WBhot-260508151422,B172,LC002375-S01-D01-LPD-D503D730,1127670,1097146,0.9729,0.1567,148,127,0.94,0.9,0.5,960158,0.9088,0.9935,2954.4,0.9365,0.4637,0.3616,0.0282,0.0449,0.968,0.7348,1,1,0.9998,0.9984,1,0.9945,1,0.9984,0.9659,0.9324,84,0,100.0%(84),100.0%(84),100.0%(84),100.0%(84),100.0%(84),100.0%(84),98.81%(83),98.81%(83),合格
260508151426_B172_SKII15277-YY2-WBhot-260508151422,B172,LC002394-S01-D01-LPD-D503D731,1311696,1302912,0.9933,0.1416,148,127,0.94,0.9,0.52,1069151,0.9709,0.9966,3310.47,0.9538,0.4396,0.3519,0.0657,0.0464,0.9487,0.8672,1,1,1,0.9997,1,0.9997,1,0.9955,0.9983,0.8566,84,0,100.0%(84),100.0%(84),100.0%(84),100.0%(84),100.0%(84),100.0%(84),98.81%(83),96.43%(81),合格
260508151426_B172_SKII15277-YY2-WBhot-260508151422,B172,LC002395-S01-D01-LPD-D503D732,1122410,1113522,0.9921,0.1516,148,126,0.94,0.9,0.51,1052162,0.9687,0.9966,3267.61,0.9603,0.4186,0.3912,0.0785,0.0414,0.9595,0.7752,1,1,1,0.9997,1,0.9997,0.9997,0.9626,1,0.934,84,0,100.0%(84),100.0%(84),100.0%(84),100.0%(84),100.0%(84),100.0%(84),98.81%(83),97.62%(82),合格
260508151426_B172_SKII15277-YY2-WBhot-260508151422,B172,LC002653-S01-D01-LPD-D503D733,1114178,1107466,0.994,0.1132,148,131,0.94,0.89,0.51,1033990,0.9576,0.9966,3216.98,0.9143,0.5569,0.234,0.0424,0.0382,0.9751,0.9552,1,1,1,0.9996,1,0.9997,1,0.9984,1,0.9324,84,0,100.0%(84),100.0%(84),100.0%(84),100.0%(84),100.0%(84),100.0%(84),100.0%(84),98.81%(83),合格
260508151426_B172_SKII15277-YY2-WBhot-260508151422,B172,LC002657-S01-D01-LPD-D503D734,938930,917848,0.9775,0.1392,148,129,0.94,0.9,0.51,892587,0.9158,0.9908,2754.91,0.9281,0.5868,0.2453,0.0235,0.0457,0.9755,0.7142,1,1,0.9998,0.9934,1,0.9997,1,0.9815,0.9413,0.9368,84,0,100.0%(84),100.0%(84),100.0%(84),100.0%(84),100.0%(84),100.0%(84),100.0%(84),98.81%(83),合格
260508151426_B172_SKII15277-YY2-WBhot-260508151422,B172,LC002659-S01-D01-LPD-D503D735,1257284,1248820,0.9933,0.131,148,129,0.94,0.9,0.51,1056437,0.9727,0.9948,3307.59,0.9419,0.5844,0.2405,0.0454,0.0371,0.9739,0.7805,1,1,1,0.9995,1,0.9893,0.9997,0.9968,0.9821,0.9315,84,0,100.0%(84),100.0%(84),100.0%(84),100.0%(84),100.0%(84),100.0%(84),100.0%(84),98.81%(83),合格
260508151426_B172_SKII15277-YY2-WBhot-260508151422,B172,LC002978-S01-D01-LPD-D503D737,1308960,1299842,0.993,0.1316,148,129,0.94,0.9,0.51,1063627,0.9707,0.9965,3324.3,0.9463,0.4885,0.3188,0.0547,0.0415,0.9665,0.9266,1,1,1,0.9996,1,0.9997,1,0.9994,0.9994,0.9324,84,0,100.0%(84),100.0%(84),100.0%(84),100.0%(84),100.0%(84),100.0%(84),100.0%(84),98.81%(83),合格
260508151426_B172_SKII15277-YY2-WBhot-260508151422,B172,LC003171-S01-D01-LPD-D503D738,1101322,1093520,0.9929,0.1329,148,128,0.94,0.89,0.51,1053417,0.9749,0.9952,3379.29,0.9673,0.3863,0.4346,0.0833,0.0355,0.9474,0.7965,1,1,1,0.9997,1,0.9997,0.9997,0.9789,0.9857,0.9307,84,0,100.0%(84),100.0%(84),100.0%(84),100.0%(84),100.0%(84),100.0%(84),98.81%(83),98.81%(83),合格
260508151426_B172_SKII15277-YY2-WBhot-260508151422,B172,LC003178-S01-D01-LPD-D503D739,1096594,1089828,0.9938,0.1392,148,128,0.94,0.9,0.52,1063631,0.9738,0.9966,3301.7,0.9469,0.5047,0.3077,0.052,0.0466,0.9636,0.8925,1,1,1,0.9997,1,0.9997,1,0.9898,0.9997,0.9321,84,0,100.0%(84),100.0%(84),100.0%(84),100.0%(84),100.0%(84),100.0%(84),98.81%(83),98.81%(83),合格
260508151426_B172_SKII15277-YY2-WBhot-260508151422,B172,CN001477-S09-D03-LPD-D502D733,811732,807784,0.9951,0.1243,148,130,0.94,0.89,0.51,845523,0.9565,0.9964,2565.68,0.9193,0.4713,0.3102,0.0419,0.022,0.9226,0.8455,1,1,0.9997,0.998,1,0.9979,1,0.9358,0.9994,0.9335,84,0,100.0%(84),100.0%(84),100.0%(84),100.0%(84),100.0%(84),100.0%(84),98.81%(83),95.24%(80),合格
260508151426_B172_SKII15277-YY2-WBhot-260508151422,B172,LC003179-S01-D01-LPD-D503D740,1157716,1148752,0.9923,0.1403,148,127,0.94,0.9,0.51,1024613,0.9594,0.9938,3272.78,0.9643,0.4348,0.3689,0.0792,0.0421,0.961,0.8097,1,1,0.9999,0.9996,1,0.9997,1,0.999,0.9729,0.931,84,0,100.0%(84),100.0%(84),100.0%(84),100.0%(84),100.0%(84),100.0%(84),98.81%(83),97.62%(82),合格
260508151426_B172_SKII15277-YY2-WBhot-260508151422,B172,LC003181-S01-D01-LPD-D503D741,1182442,1171904,0.9911,0.1541,148,126,0.94,0.89,0.52,1063925,0.9722,0.9966,3216.54,0.938,0.5537,0.2527,0.0498,0.0415,0.9606,0.9104,1,1,1,0.9997,1,0.9997,1,0.9757,1,0.9321,84,0,100.0%(84),100.0%(84),100.0%(84),100.0%(84),100.0%(84),100.0%(84),100.0%(84),97.62%(82),合格
260508151426_B172_SKII15277-YY2-WBhot-260508151422,B172,LC003182-S01-D01-LPD-D503D742,1147100,1132958,0.9877,0.1412,148,128,0.94,0.9,0.51,1025725,0.9605,0.994,3263.84,0.9595,0.3948,0.4033,0.0761,0.0463,0.9619,0.8439,1,1,1,0.9998,1,0.9997,0.9997,0.993,0.9743,0.9315,84,0,100.0%(84),100.0%(84),100.0%(84),100.0%(84),100.0%(84),100.0%(84),100.0%(84),97.62%(82),合格
260508151426_B172_SKII15277-YY2-WBhot-260508151422,B172,LC001881-S02-D01-LPD-D503D744,1123406,1100546,0.9797,0.1473,148,127,0.94,0.9,0.51,986700,0.9306,0.9917,3042.72,0.9306,0.4449,0.357,0.0309,0.0445,0.9651,0.7861,1,1,0.9999,0.9994,1,0.9997,0.999,0.9585,0.9349,0.9315,84,0,100.0%(84),100.0%(84),100.0%(84),100.0%(84),100.0%(84),100.0%(84),98.81%(83),97.62%(82),合格
260508151426_B172_SKII15277-YY2-WBhot-260508151422,B172,LC002160-S01-D01-LPD-D502D741,972244,966112,0.9937,0.1429,148,127,0.94,0.9,0.5,1018229,0.9492,0.9967,2952.25,0.9122,0.5465,0.288,0.0208,0.0151,0.9519,0.7304,1,1,0.9999,0.9973,1,0.9918,0.9987,0.9112,0.9986,0.9301,84,0,100.0%(84),100.0%(84),100.0%(84),100.0%(84),100.0%(84),100.0%(84),100.0%(84),97.62%(82),合格
260508151426_B172_SKII15277-YY2-WBhot-260508151422,B172,LC002397-S01-D01-LPD-D503D720,1361604,1353662,0.9942,0.1306,148,129,0.94,0.9,0.51,1051480,0.9681,0.9966,3249.94,0.929,0.5466,0.2573,0.0446,0.0401,0.9741,0.9531,1,1,1,0.9996,1,0.9997,1,0.999,1,0.9324,84,0,100.0%(84),100.0%(84),100.0%(84),100.0%(84),100.0%(84),100.0%(84),100.0%(84),98.81%(83),合格
260508151426_B172_SKII15277-YY2-WBhot-260508151422,B172,LC002134-S01-D01-LPD-D503D721,1198712,1184974,0.9885,0.1384,148,128,0.94,0.89,0.53,978624,0.9116,0.9999,2956.93,0.9154,0.4732,0.2856,0.0415,0.0501,0.9738,0.9689,1,1,1,0.9995,1,0.9997,1,0.999,1,0.934,84,0,100.0%(84),100.0%(84),100.0%(84),100.0%(84),100.0%(84),100.0%(84),100.0%(84),98.81%(83),合格
260508151426_B172_SKII15277-YY2-WBhot-260508151422,B172,LC002136-S01-D01-LPD-D503D722,1151520,1132000,0.983,0.1433,148,128,0.94,0.89,0.52,989339,0.9286,0.9965,3022.6,0.9222,0.4695,0.3012,0.0433,0.053,0.9621,0.8303,1,1,0.9998,0.9988,1,0.9997,1,0.9984,0.9997,0.9315,84,0,100.0%(84),100.0%(84),100.0%(84),100.0%(84),100.0%(84),100.0%(84),100.0%(84),98.81%(83),不合格
260508151426_B172_SKII15277-YY2-WBhot-260508151422,B172,LC002325-S01-D01-LPD-D503D725,1214236,1203428,0.9911,0.158,148,125,0.94,0.9,0.52,1067123,0.9691,0.9953,3229.15,0.9506,0.4219,0.372,0.0735,0.0456,0.9391,0.8065,1,1,1,0.9997,1,0.9997,0.9997,0.9994,0.9869,0.931,84,0,100.0%(84),100.0%(84),100.0%(84),100.0%(84),100.0%(84),100.0%(84),98.81%(83),97.62%(82),合格
260508151426_B172_SKII15277-YY2-WBhot-260508151422,B172,LC002328-S01-D01-LPD-D503D726,1089568,1078774,0.9901,0.1556,148,125,0.94,0.9,0.52,1065610,0.9692,0.9966,3260.8,0.9566,0.4164,0.3655,0.0843,0.0483,0.9478,0.8035,1,1,1,0.9996,1,0.9945,1,0.9968,1,0.9315,84,0,100.0%(84),100.0%(84),100.0%(84),100.0%(84),100.0%(84),100.0%(84),98.81%(83),98.81%(83),合格
260508151426_B172_SKII15277-YY2-WBhot-260508151422,B172,LC002331-S01-D01-LPD-D503D727,1044580,1036540,0.9923,0.1447,148,127,0.94,0.89,0.52,1084133,0.9687,0.9902,3282.09,0.95,0.4022,0.3858,0.0761,0.0521,0.932,0.7521,1,1,1,0.9992,1,0.9997,1,0.9744,0.9346,0.9312,84,0,100.0%(84),100.0%(84),100.0%(84),100.0%(84),100.0%(84),100.0%(84),98.81%(83),96.43%(81),合格
260508151426_B172_SKII15277-YY2-WBhot-260508151422,B172,LC002348-S01-D01-LPD-D503D728,1103066,1097122,0.9946,0.1178,148,131,0.94,0.9,0.51,1036465,0.9561,0.9964,3085.86,0.8811,0.5557,0.2208,0.0324,0.0324,0.9759,0.9481,1,1,1,0.9993,1,0.9997,1,0.9987,0.9807,0.9321,84,0,100.0%(84),100.0%(84),100.0%(84),100.0%(84),100.0%(84),100.0%(84),100.0%(84),98.81%(83),合格
260508150833_B162_SKII15275-YY2BRS2hot-260508150833,B162,LC002351-S01-D01-LPD-D503D729,1204262,1190944,0.9889,0.1384,150,130,0.94,0.89,0.52,1044456,0.9556,0.9978,3173.57,0.9201,0.4387,0.3184,0.0408,0.0625,0.9689,0.9598,1,1,1,0.9995,1,0.9945,1,0.9994,1,0.9326,84,0,100.0%(84),100.0%(84),100.0%(84),100.0%(84),100.0%(84),100.0%(84),100.0%(84),98.81%(83),合格
260508150833_B162_SKII15275-YY2BRS2hot-260508150833,B162,LC002375-S01-D01-LPD-D503D730,1228364,1197542,0.9749,0.1536,150,129,0.94,0.9,0.51,964085,0.9092,0.9948,2992.29,0.9356,0.4662,0.356,0.0285,0.0464,0.9679,0.735,1,1,1,0.999,1,0.9954,1,0.9974,0.9818,0.9324,84,0,100.0%(84),100.0%(84),100.0%(84),100.0%(84),100.0%(84),100.0%(84),98.81%(83),98.81%(83),合格
260508150833_B162_SKII15275-YY2BRS2hot-260508150833,B162,LC002394-S01-D01-LPD-D503D731,1436772,1427720,0.9937,0.1404,150,129,0.94,0.9,0.52,1074778,0.9693,0.994,3349.13,0.9542,0.4354,0.3523,0.0678,0.0479,0.9526,0.8669,1,1,1,0.9998,1,0.9997,1,0.999,0.9732,0.8566,84,0,100.0%(84),100.0%(84),100.0%(84),100.0%(84),100.0%(84),100.0%(84),100.0%(84),96.43%(81),合格
260508150833_B162_SKII15275-YY2BRS2hot-260508150833,B162,LC002395-S01-D01-LPD-D503D732,1231278,1221636,0.9922,0.1498,150,128,0.94,0.9,0.51,1055896,0.9666,0.995,3306.48,0.9606,0.4198,0.3874,0.0798,0.0422,0.9604,0.7738,1,1,1,0.9997,1,0.9997,0.9994,0.945,0.9849,0.9335,84,0,100.0%(84),100.0%(84),100.0%(84),100.0%(84),100.0%(84),100.0%(84),98.81%(83),98.81%(83),合格
260508150833_B162_SKII15275-YY2BRS2hot-260508150833,B162,LC002653-S01-D01-LPD-D503D733,1224684,1217646,0.9943,0.1124,150,133,0.94,0.89,0.52,1036924,0.9552,0.9961,3252.75,0.9143,0.5554,0.2336,0.0429,0.0397,0.9759,0.9471,1,1,1,0.9994,1,0.9997,1,0.999,0.9941,0.9321,84,0,100.0%(84),100.0%(84),100.0%(84),100.0%(84),100.0%(84),100.0%(84),100.0%(84),98.81%(83),合格
260508150833_B162_SKII15275-YY2BRS2hot-260508150833,B162,LC002657-S01-D01-LPD-D503D734,1014078,991330,0.9776,0.1368,150,131,0.94,0.9,0.51,967915,0.9156,0.9977,3011.86,0.9272,0.5866,0.2424,0.024,0.0464,0.9768,0.7193,1,1,0.9999,0.9962,1,0.9997,0.9997,0.9393,0.9771,0.9374,84,0,100.0%(84),100.0%(84),100.0%(84),100.0%(84),100.0%(84),100.0%(84),100.0%(84),98.81%(83),合格
260508150833_B162_SKII15275-YY2BRS2hot-260508150833,B162,LC002659-S01-D01-LPD-D503D735,1386922,1377418,0.9931,0.1317,150,131,0.94,0.9,0.51,1060837,0.9722,0.9953,3344.71,0.9427,0.5815,0.2408,0.0472,0.0384,0.975,0.8032,1,1,0.9999,0.9995,1,0.9918,1,0.9952,0.9874,0.9315,84,0,100.0%(84),100.0%(84),100.0%(84),100.0%(84),100.0%(84),100.0%(84),100.0%(84),98.81%(83),合格
260508150833_B162_SKII15275-YY2BRS2hot-260508150833,B162,LC002978-S01-D01-LPD-D503D737,1191792,1183178,0.9928,0.1357,150,130,0.94,0.9,0.51,1066210,0.9707,0.9967,3344.66,0.9457,0.4906,0.3134,0.0556,0.043,0.9706,0.9268,1,1,1,0.9997,1,0.9997,1,0.999,1,0.9324,84,0,100.0%(84),100.0%(84),100.0%(84),100.0%(84),100.0%(84),100.0%(84),100.0%(84),98.81%(83),合格
260508150833_B162_SKII15275-YY2BRS2hot-260508150833,B162,LC003171-S01-D01-LPD-D503D738,1199772,1190902,0.9926,0.1319,150,131,0.94,0.9,0.51,1058239,0.9734,0.9969,3422.01,0.9675,0.3866,0.4327,0.0843,0.036,0.9503,0.7933,1,1,1,0.9997,1,0.9997,0.9997,0.9728,0.9994,0.9298,84,0,100.0%(84),100.0%(84),100.0%(84),100.0%(84),100.0%(84),100.0%(84),98.81%(83),97.62%(82),合格
260508150833_B162_SKII15275-YY2BRS2hot-260508150833,B162,LC003178-S01-D01-LPD-D503D739,1194106,1186642,0.9937,0.1386,150,130,0.94,0.9,0.52,1068063,0.9726,0.9966,3342.1,0.9477,0.5019,0.3079,0.0539,0.0475,0.9637,0.8941,1,1,1,0.9998,1,0.9997,1,0.999,0.9989,0.9321,84,0,100.0%(84),100.0%(84),100.0%(84),100.0%(84),100.0%(84),100.0%(84),100.0%(84),98.81%(83),合格
260508150833_B162_SKII15275-YY2BRS2hot-260508150833,B162,CN001477-S09-D03-LPD-D502D733,917264,912894,0.9952,0.1222,150,132,0.94,0.89,0.52,958993,0.9538,0.9963,2933.66,0.9196,0.4704,0.3081,0.0422,0.0228,0.9306,0.8453,1,1,1,0.9976,1,0.9982,0.9994,0.9345,1,0.9838,84,0,100.0%(84),100.0%(84),100.0%(84),100.0%(84),100.0%(84),100.0%(84),100.0%(84),96.43%(81),合格
260508150833_B162_SKII15275-YY2BRS2hot-260508150833,B162,LC003179-S01-D01-LPD-D503D740,1267604,1258258,0.9926,0.1391,150,130,0.94,0.9,0.51,1028983,0.9583,0.9929,3307.62,0.9637,0.4342,0.3654,0.0809,0.0422,0.9607,0.8174,1,1,1,0.9995,1,0.9997,0.9997,0.999,0.9628,0.9318,84,0,100.0%(84),100.0%(84),100.0%(84),100.0%(84),100.0%(84),100.0%(84),98.81%(83),97.62%(82),合格
260508150833_B162_SKII15275-YY2BRS2hot-260508150833,B162,LC003181-S01-D01-LPD-D503D741,1285556,1274336,0.9913,0.1517,150,128,0.94,0.9,0.52,1069324,0.9707,0.9966,3258.37,0.9378,0.552,0.2492,0.0516,0.0431,0.9621,0.9168,1,1,1,0.9997,1,0.9997,1,0.999,1,0.9324,84,0,100.0%(84),100.0%(84),100.0%(84),100.0%(84),100.0%(84),100.0%(84),100.0%(84),96.43%(81),合格
260508150833_B162_SKII15275-YY2BRS2hot-260508150833,B162,LC003182-S01-D01-LPD-D503D742,1237602,1222106,0.9875,0.1396,150,130,0.94,0.9,0.51,1028887,0.9595,0.9943,3303.4,0.9588,0.3938,0.3995,0.0785,0.0469,0.9614,0.8491,1,1,1,0.9997,1,0.9997,1,0.9971,0.9774,0.9312,84,0,100.0%(84),100.0%(84),100.0%(84),100.0%(84),100.0%(84),100.0%(84),98.81%(83),97.62%(82),合格
260508150833_B162_SKII15275-YY2BRS2hot-260508150833,B162,LC001881-S02-D01-LPD-D503D744,1235452,1210980,0.9802,0.1454,150,130,0.94,0.9,0.51,990124,0.9303,0.9935,3077.54,0.9299,0.4424,0.3552,0.032,0.0462,0.9654,0.7961,1,1,1,0.9993,1,0.9997,0.999,0.931,0.9352,0.9318,84,0,100.0%(84),100.0%(84),100.0%(84),100.0%(84),100.0%(84),100.0%(84),98.81%(83),96.43%(81),合格
260508150833_B162_SKII15275-YY2BRS2hot-260508150833,B162,LC002160-S01-D01-LPD-D502D741,1079322,1072698,0.9939,0.1404,150,129,0.94,0.9,0.5,1060545,0.9478,0.9975,3094.44,0.9119,0.547,0.2852,0.0211,0.0164,0.9531,0.7326,1,1,0.9997,0.9966,0.9997,0.9911,0.9994,0.9252,0.9994,0.9304,84,0,100.0%(84),100.0%(84),100.0%(84),100.0%(84),100.0%(84),100.0%(84),100.0%(84),97.62%(82),合格
260508150833_B162_SKII15275-YY2BRS2hot-260508150833,B162,LC002397-S01-D01-LPD-D503D720,1481576,1473086,0.9943,0.1293,150,131,0.94,0.9,0.51,1055758,0.9664,0.9966,3286.88,0.9285,0.548,0.2518,0.046,0.0415,0.9745,0.9539,1,1,1,0.9996,1,0.9997,1,0.999,1,0.9324,84,0,100.0%(84),100.0%(84),100.0%(84),100.0%(84),100.0%(84),100.0%(84),100.0%(84),98.81%(83),合格
260508150833_B162_SKII15275-YY2BRS2hot-260508150833,B162,LC002134-S01-D01-LPD-D503D721,1299230,1285748,0.9896,0.1366,150,130,0.94,0.89,0.53,983035,0.9115,1,2992.55,0.9144,0.4722,0.2813,0.043,0.0521,0.9745,0.9694,1,1,1,0.9996,1,1,1,0.9997,1,0.9343,84,0,100.0%(84),100.0%(84),100.0%(84),100.0%(84),100.0%(84),100.0%(84),100.0%(84),97.62%(82),合格
260508150833_B162_SKII15275-YY2BRS2hot-260508150833,B162,LC002136-S01-D01-LPD-D503D722,1259320,1239340,0.9841,0.1413,150,130,0.94,0.89,0.52,995733,0.9298,0.9966,3064.52,0.9217,0.4702,0.2966,0.0435,0.0546,0.9679,0.8348,1,1,1,0.9987,1,0.9997,1,0.999,0.9997,0.9326,84,0,100.0%(84),100.0%(84),100.0%(84),100.0%(84),100.0%(84),100.0%(84),100.0%(84),98.81%(83),合格
260508150833_B162_SKII15275-YY2BRS2hot-260508150833,B162,LC002325-S01-D01-LPD-D503D725,1318676,1306762,0.991,0.1557,150,127,0.94,0.9,0.52,1071466,0.9671,0.9932,3269.95,0.951,0.4234,0.3671,0.0755,0.0463,0.9413,0.8034,1,1,1,0.9997,1,0.9997,1,0.999,0.9651,0.931,84,0,100.0%(84),100.0%(84),100.0%(84),100.0%(84),100.0%(84),100.0%(84),98.81%(83),97.62%(82),合格
260508150833_B162_SKII15275-YY2BRS2hot-260508150833,B162,LC002328-S01-D01-LPD-D503D726,1101496,1090476,0.99,0.1576,150,127,0.94,0.9,0.52,1070193,0.9689,0.9966,3285.04,0.9562,0.4171,0.3615,0.0858,0.0488,0.9459,0.8026,1,1,1,0.9997,1,0.9924,1,0.9984,0.9994,0.9318,84,0,100.0%(84),100.0%(84),100.0%(84),100.0%(84),100.0%(84),100.0%(84),98.81%(83),97.62%(82),合格
260508150833_B162_SKII15275-YY2BRS2hot-260508150833,B162,LC002331-S01-D01-LPD-D503D727,1122016,1113972,0.9928,0.1424,150,129,0.94,0.9,0.52,1089897,0.967,0.9902,3327.17,0.9511,0.4005,0.3848,0.0779,0.0527,0.9337,0.7591,1,1,1,0.9993,1,0.9997,0.9997,0.999,0.9352,0.9321,84,0,100.0%(84),100.0%(84),100.0%(84),100.0%(84),100.0%(84),100.0%(84),98.81%(83),96.43%(81),合格
260508150833_B162_SKII15275-YY2BRS2hot-260508150833,B162,LC002348-S01-D01-LPD-D503D728,1209770,1203024,0.9944,0.1181,150,133,0.94,0.9,0.51,1039610,0.9547,0.996,3118.27,0.8806,0.5537,0.2209,0.0328,0.0329,0.9767,0.9472,1,1,1,0.9994,1,0.9997,1,0.9987,0.9774,0.9321,84,0,100.0%(84),100.0%(84),100.0%(84),100.0%(84),100.0%(84),100.0%(84),100.0%(84),98.81%(83),合格
260521174016_B143_SKII15305-P523NRC-260521174015,B143,LC002351-S01-D01-LPD-D503D729,1093074,1080502,0.9885,0.1403,150,130,0.95,0.91,0.52,1045187,0.9557,0.9953,3164.73,0.9187,0.4376,0.3158,0.0422,0.0624,0.972,0.9556,1,1,1,0.9996,1,0.9945,1,0.9994,0.9648,0.9324,84,0,100.0%(84),100.0%(84),100.0%(84),100.0%(84),100.0%(84),100.0%(84),100.0%(84),98.81%(83),合格
260521174016_B143_SKII15305-P523NRC-260521174015,B143,LC002375-S01-D01-LPD-D503D730,1096186,1067482,0.9738,0.157,150,128,0.95,0.91,0.51,963837,0.9072,0.9926,2969.23,0.9339,0.4677,0.3512,0.0286,0.0471,0.9678,0.7347,1,1,0.9998,0.9986,1,0.9939,1,0.9974,0.9354,0.9326,84,0,100.0%(84),100.0%(84),100.0%(84),100.0%(84),100.0%(84),100.0%(84),100.0%(84),97.62%(82),合格
260521174016_B143_SKII15305-P523NRC-260521174015,B143,LC002394-S01-D01-LPD-D503D731,1281190,1273264,0.9938,0.1425,150,129,0.95,0.91,0.52,1075909,0.9694,0.9967,3334.27,0.9522,0.4365,0.3484,0.0679,0.0479,0.949,0.8689,1,1,1,0.9998,1,0.9997,1,0.9952,1,0.8566,84,0,100.0%(84),100.0%(84),100.0%(84),100.0%(84),100.0%(84),100.0%(84),100.0%(84),96.43%(81),合格
260521174016_B143_SKII15305-P523NRC-260521174015,B143,LC002395-S01-D01-LPD-D503D732,1087470,1078766,0.992,0.152,150,128,0.95,0.91,0.52,1058666,0.9676,0.9966,3295.47,0.9588,0.4179,0.3859,0.081,0.0427,0.9593,0.7655,1,1,1,0.9997,1,0.9997,1,0.9422,1,0.9332,84,0,100.0%(84),100.0%(84),100.0%(84),100.0%(84),100.0%(84),100.0%(84),100.0%(84),98.81%(83),合格
260521174016_B143_SKII15305-P523NRC-260521174015,B143,LC002653-S01-D01-LPD-D503D733,1106356,1100200,0.9944,0.1152,150,133,0.95,0.91,0.52,1038594,0.9555,0.9947,3233.04,0.9107,0.5551,0.2301,0.043,0.0392,0.9781,0.9494,1,1,1,0.9996,1,0.9997,1,0.999,0.9788,0.9321,84,0,100.0%(84),100.0%(84),100.0%(84),100.0%(84),100.0%(84),100.0%(84),100.0%(84),100.0%(84),合格
260521174016_B143_SKII15305-P523NRC-260521174015,B143,LC002657-S01-D01-LPD-D503D734,912012,890890,0.9768,0.1403,150,131,0.95,0.91,0.51,870561,0.9147,0.9907,2690.17,0.9255,0.5854,0.2405,0.0247,0.0469,0.9766,0.7287,1,1,0.9999,0.9939,1,0.9997,1,0.9393,0.9407,0.9368,84,0,100.0%(84),100.0%(84),100.0%(84),100.0%(84),100.0%(84),100.0%(84),100.0%(84),98.81%(83),合格
260521174016_B143_SKII15305-P523NRC-260521174015,B143,LC002659-S01-D01-LPD-D503D735,1226606,1218164,0.9931,0.1335,150,130,0.95,0.91,0.51,1061673,0.9719,0.9964,3326.67,0.9402,0.5829,0.2363,0.0473,0.0388,0.9744,0.8148,1,1,1,0.9995,1,0.9893,1,0.9978,0.9978,0.9324,84,0,100.0%(84),100.0%(84),100.0%(84),100.0%(84),100.0%(84),100.0%(84),100.0%(84),98.81%(83),合格
260521174016_B143_SKII15305-P523NRC-260521174015,B143,LC002978-S01-D01-LPD-D503D737,1194198,1185548,0.9928,0.1364,150,130,0.95,0.91,0.52,1068471,0.9698,0.9967,3337.47,0.9448,0.49,0.3117,0.0569,0.0425,0.9734,0.932,1,1,1,0.9997,1,0.9997,1,0.9978,1,0.9324,84,0,100.0%(84),100.0%(84),100.0%(84),100.0%(84),100.0%(84),100.0%(84),100.0%(84),98.81%(83),合格
260521174016_B143_SKII15305-P523NRC-260521174015,B143,LC003171-S01-D01-LPD-D503D738,1076386,1068506,0.9927,0.1343,150,130,0.95,0.91,0.52,1058880,0.9735,0.9966,3403.06,0.965,0.3856,0.4265,0.0873,0.0374,0.9485,0.7906,1,1,1,0.9997,1,0.9997,1,0.9859,1,0.931,84,0,100.0%(84),100.0%(84),100.0%(84),100.0%(84),100.0%(84),100.0%(84),100.0%(84),98.81%(83),合格
260521174016_B143_SKII15305-P523NRC-260521174015,B143,LC003178-S01-D01-LPD-D503D739,1066018,1059414,0.9938,0.1398,150,129,0.95,0.91,0.52,1069724,0.9732,0.9941,3333.82,0.9461,0.5012,0.306,0.0534,0.0487,0.9645,0.8973,1,1,1,0.9998,1,0.9997,1,0.999,0.9748,0.9318,84,0,100.0%(84),100.0%(84),100.0%(84),100.0%(84),100.0%(84),100.0%(84),100.0%(84),98.81%(83),合格
260521174016_B143_SKII15305-P523NRC-260521174015,B143,CN001477-S09-D03-LPD-D502D733,804590,800688,0.9952,0.1242,150,132,0.95,0.91,0.52,843729,0.9544,0.9961,2564.08,0.9168,0.4731,0.3037,0.0423,0.0226,0.9328,0.8436,1,1,0.9997,0.9978,1,0.9979,0.999,0.9179,0.9997,0.9335,84,0,100.0%(84),100.0%(84),100.0%(84),100.0%(84),100.0%(84),100.0%(84),100.0%(84),95.24%(80),合格
260521174016_B143_SKII15305-P523NRC-260521174015,B143,LC003179-S01-D01-LPD-D503D740,1125496,1116760,0.9922,0.1413,150,129,0.95,0.91,0.51,1030232,0.9574,0.9965,3294.78,0.9619,0.4359,0.3615,0.0807,0.0434,0.962,0.8127,1,1,1,0.9996,1,0.9997,0.9997,0.9917,0.9997,0.931,84,0,100.0%(84),100.0%(84),100.0%(84),100.0%(84),100.0%(84),100.0%(84),100.0%(84),98.81%(83),合格
260521174016_B143_SKII15305-P523NRC-260521174015,B143,LC003181-S01-D01-LPD-D503D741,1160964,1151196,0.9916,0.1541,150,127,0.95,0.91,0.52,1070795,0.9708,0.9965,3246.82,0.9374,0.5536,0.2469,0.0509,0.0441,0.9664,0.9199,1,1,1,0.9995,1,0.9997,0.9997,0.9952,0.9989,0.9321,84,0,100.0%(84),100.0%(84),100.0%(84),100.0%(84),100.0%(84),100.0%(84),100.0%(84),97.62%(82),合格
260521174016_B143_SKII15305-P523NRC-260521174015,B143,LC003182-S01-D01-LPD-D503D742,1118146,1103832,0.9872,0.1429,150,129,0.95,0.91,0.51,1030706,0.9597,0.9963,3289.71,0.9585,0.3934,0.399,0.0786,0.0476,0.9669,0.8424,1,1,1,0.9997,1,0.9997,1,0.9984,0.9975,0.9312,84,0,100.0%(84),100.0%(84),100.0%(84),100.0%(84),100.0%(84),100.0%(84),100.0%(84),96.43%(81),合格
260521174016_B143_SKII15305-P523NRC-260521174015,B143,LC001881-S02-D01-LPD-D503D744,1107952,1085600,0.9798,0.1465,150,129,0.95,0.91,0.51,991250,0.9291,0.9957,3064.77,0.9285,0.442,0.3526,0.032,0.0462,0.9659,0.7979,1,1,1,0.9994,1,0.9997,0.999,0.9741,0.9704,0.9321,84,0,100.0%(84),100.0%(84),100.0%(84),100.0%(84),100.0%(84),100.0%(84),100.0%(84),97.62%(82),合格
260521174016_B143_SKII15305-P523NRC-260521174015,B143,LC002160-S01-D01-LPD-D502D741,955928,949734,0.9935,0.1442,150,129,0.95,0.91,0.5,1008182,0.9483,0.9961,2923.72,0.9101,0.5479,0.283,0.0207,0.0162,0.9544,0.7366,1,1,0.9996,0.9975,1,0.9896,0.9997,0.9121,0.9994,0.9304,84,0,100.0%(84),100.0%(84),100.0%(84),100.0%(84),100.0%(84),100.0%(84),100.0%(84),97.62%(82),合格
260521174016_B143_SKII15305-P523NRC-260521174015,B143,LC002397-S01-D01-LPD-D503D720,1331234,1323536,0.9942,0.1317,150,131,0.95,0.91,0.51,1058430,0.9674,0.9966,3274.97,0.9272,0.5475,0.2513,0.0463,0.0408,0.9748,0.9602,1,1,1,0.9996,1,0.9997,1,0.9987,1,0.9318,84,0,100.0%(84),100.0%(84),100.0%(84),100.0%(84),100.0%(84),100.0%(84),100.0%(84),98.81%(83),合格
260521174016_B143_SKII15305-P523NRC-260521174015,B143,LC002134-S01-D01-LPD-D503D721,1170528,1157982,0.9893,0.1383,150,130,0.95,0.91,0.53,982735,0.9104,0.9991,2978.05,0.9133,0.4704,0.2819,0.0431,0.0518,0.9754,0.9681,1,1,1,0.9995,1,0.9997,1,0.999,1,0.9343,84,0,100.0%(84),100.0%(84),100.0%(84),100.0%(84),100.0%(84),100.0%(84),100.0%(84),98.81%(83),合格
260521174016_B143_SKII15305-P523NRC-260521174015,B143,LC002136-S01-D01-LPD-D503D722,1128050,1110008,0.984,0.1431,150,130,0.95,0.91,0.52,995711,0.928,0.9967,3043.09,0.9196,0.4693,0.2947,0.0434,0.0547,0.9696,0.8415,1,1,1,0.9988,1,0.9997,1,0.9994,0.9994,0.9326,84,0,100.0%(84),100.0%(84),100.0%(84),100.0%(84),100.0%(84),100.0%(84),100.0%(84),98.81%(83),合格
260521174016_B143_SKII15305-P523NRC-260521174015,B143,LC002325-S01-D01-LPD-D503D725,1176148,1165464,0.9909,0.1588,150,127,0.95,0.91,0.52,1072280,0.9677,0.9964,3256.48,0.95,0.4234,0.3643,0.0765,0.0467,0.9382,0.8195,1,1,1,0.9997,1,0.9997,1,0.999,0.9975,0.9312,84,0,100.0%(84),100.0%(84),100.0%(84),100.0%(84),100.0%(84),100.0%(84),100.0%(84),97.62%(82),合格
260521174016_B143_SKII15305-P523NRC-260521174015,B143,LC002328-S01-D01-LPD-D503D726,1017174,1006972,0.99,0.1583,150,127,0.95,0.91,0.52,1072671,0.9688,0.9964,3280.12,0.955,0.4169,0.3573,0.0878,0.0496,0.9498,0.8091,1,1,1,0.9996,1,0.9936,1,0.999,0.9726,0.9318,84,0,100.0%(84),100.0%(84),100.0%(84),100.0%(84),100.0%(84),100.0%(84),98.81%(83),98.81%(83),合格
260521174016_B143_SKII15305-P523NRC-260521174015,B143,LC002331-S01-D01-LPD-D503D727,1021100,1013418,0.9925,0.1454,150,129,0.95,0.91,0.52,1092221,0.9682,0.9903,3311.38,0.949,0.4012,0.3802,0.0784,0.0539,0.9284,0.7528,1,1,1,0.9993,1,0.9997,1,0.9958,0.936,0.9321,84,0,100.0%(84),100.0%(84),100.0%(84),100.0%(84),100.0%(84),100.0%(84),98.81%(83),96.43%(81),合格
260521174016_B143_SKII15305-P523NRC-260521174015,B143,LC002348-S01-D01-LPD-D503D728,1087376,1081166,0.9943,0.1191,150,132,0.95,0.91,0.52,1041232,0.9544,0.9948,3104.78,0.8785,0.5549,0.217,0.0332,0.0332,0.9782,0.9455,1,1,1,0.9995,1,0.9997,1,0.9974,0.9816,0.9324,84,0,100.0%(84),100.0%(84),100.0%(84),100.0%(84),100.0%(84),100.0%(84),100.0%(84),100.0%(84),合格
260522164010_B162_SKII15306-I-YY2-260522164010,B162,LC002351-S01-D01-LPD-D503D729,1094368,1082086,0.9888,0.1417,150,129,0.95,0.91,0.52,1046318,0.9547,0.9964,3157.53,0.9176,0.4386,0.3166,0.0409,0.0617,0.9737,0.9533,1,1,1,0.9996,1,0.9933,1,0.999,0.9972,0.9324,84,0,100.0%(84),100.0%(84),100.0%(84),100.0%(84),100.0%(84),100.0%(84),100.0%(84),100.0%(84),合格
260522164010_B162_SKII15306-I-YY2-260522164010,B162,LC002375-S01-D01-LPD-D503D730,1104818,1075150,0.9731,0.1587,150,128,0.95,0.91,0.51,963662,0.9066,0.9977,2967.74,0.9326,0.468,0.3524,0.0282,0.046,0.9745,0.7301,1,1,1,0.9986,1,0.9942,0.9997,0.9984,1,0.9324,84,0,100.0%(84),100.0%(84),100.0%(84),100.0%(84),100.0%(84),100.0%(84),100.0%(84),98.81%(83),合格
260522164010_B162_SKII15306-I-YY2-260522164010,B162,LC002394-S01-D01-LPD-D503D731,1279660,1271706,0.9938,0.1443,150,129,0.95,0.91,0.52,1075545,0.9688,0.9977,3331.25,0.9521,0.4388,0.3475,0.0671,0.0475,0.9581,0.8673,1,1,1,0.9997,1,0.9997,1,0.9974,0.9969,0.8566,84,0,100.0%(84),100.0%(84),100.0%(84),100.0%(84),100.0%(84),100.0%(84),100.0%(84),96.43%(81),合格
260522164010_B162_SKII15306-I-YY2-260522164010,B162,LC002395-S01-D01-LPD-D503D732,1096584,1087470,0.9917,0.1541,150,127,0.95,0.91,0.51,1057282,0.9662,0.9946,3287.19,0.9579,0.4215,0.3841,0.0793,0.0416,0.9657,0.757,1,1,1,0.9997,1,0.9997,1,0.9783,0.9785,0.9335,84,0,100.0%(84),100.0%(84),100.0%(84),100.0%(84),100.0%(84),100.0%(84),100.0%(84),98.81%(83),合格
260522164010_B162_SKII15306-I-YY2-260522164010,B162,LC002653-S01-D01-LPD-D503D733,1102112,1095280,0.9938,0.1157,150,133,0.95,0.91,0.52,1037900,0.9548,0.9971,3231.71,0.91,0.5569,0.23,0.0422,0.0386,0.9778,0.9484,1,1,1,0.9994,1,0.9997,1,0.9994,0.9992,0.9324,84,0,100.0%(84),100.0%(84),100.0%(84),100.0%(84),100.0%(84),100.0%(84),100.0%(84),100.0%(84),合格
260522164010_B162_SKII15306-I-YY2-260522164010,B162,LC002657-S01-D01-LPD-D503D734,911682,890298,0.9765,0.142,150,130,0.95,0.91,0.51,869137,0.914,0.9946,2685.38,0.9244,0.5863,0.2406,0.0243,0.0462,0.9777,0.7183,1,1,1,0.9944,1,1,1,0.9597,0.9508,0.9366,84,0,100.0%(84),100.0%(84),100.0%(84),100.0%(84),100.0%(84),100.0%(84),100.0%(84),98.81%(83),合格
260522164010_B162_SKII15306-I-YY2-260522164010,B162,LC002659-S01-D01-LPD-D503D735,1213236,1204514,0.9928,0.1341,150,130,0.95,0.91,0.51,1062076,0.9719,0.9964,3331.06,0.9399,0.5833,0.2387,0.0454,0.0378,0.976,0.804,1,1,1,0.9995,1,0.9933,1,0.9498,0.9983,0.9318,84,0,100.0%(84),100.0%(84),100.0%(84),100.0%(84),100.0%(84),100.0%(84),100.0%(84),100.0%(84),合格
260522164010_B162_SKII15306-I-YY2-260522164010,B162,LC002978-S01-D01-LPD-D503D737,1170774,1162324,0.9928,0.1381,150,130,0.95,0.91,0.51,1067888,0.97,0.9966,3331.05,0.9434,0.4907,0.3126,0.0553,0.042,0.9732,0.9294,1,1,1,0.9997,1,0.9997,1,0.9978,1,0.9324,84,0,100.0%(84),100.0%(84),100.0%(84),100.0%(84),100.0%(84),100.0%(84),100.0%(84),100.0%(84),合格
260522164010_B162_SKII15306-I-YY2-260522164010,B162,LC003171-S01-D01-LPD-D503D738,1079178,1071428,0.9928,0.1354,150,130,0.95,0.91,0.51,1059019,0.9729,0.9957,3401.15,0.9642,0.3874,0.4281,0.0846,0.0363,0.9571,0.7925,1,1,1,0.9998,1,0.9997,1,0.9441,0.9648,0.931,84,0,100.0%(84),100.0%(84),100.0%(84),100.0%(84),100.0%(84),100.0%(84),100.0%(84),98.81%(83),合格
260522164010_B162_SKII15306-I-YY2-260522164010,B162,LC003178-S01-D01-LPD-D503D739,1069802,1063064,0.9937,0.1419,150,129,0.95,0.91,0.52,1068961,0.9723,0.9966,3324.47,0.9448,0.5049,0.3032,0.0542,0.0473,0.9698,0.9031,1,1,1,0.9997,1,0.9997,1,0.999,0.9992,0.9318,84,0,100.0%(84),100.0%(84),100.0%(84),100.0%(84),100.0%(84),100.0%(84),100.0%(84),98.81%(83),合格
260522164010_B162_SKII15306-I-YY2-260522164010,B162,CN001477-S09-D03-LPD-D502D733,806300,802106,0.9948,0.1246,150,131,0.95,0.91,0.52,843929,0.9532,0.9963,2563.85,0.9154,0.4708,0.3071,0.0411,0.0222,0.9307,0.846,1,1,0.9998,0.9979,1,0.9979,1,0.9294,1,0.9679,84,0,100.0%(84),100.0%(84),100.0%(84),100.0%(84),100.0%(84),100.0%(84),100.0%(84),94.05%(79),合格
260522164010_B162_SKII15306-I-YY2-260522164010,B162,LC003179-S01-D01-LPD-D503D740,1129668,1120848,0.9922,0.1427,150,129,0.95,0.91,0.51,1029210,0.9566,0.9914,3288.14,0.9607,0.4371,0.3624,0.0795,0.0421,0.968,0.8111,1,1,1,0.9996,1,0.9997,0.9997,0.999,0.948,0.9315,84,0,100.0%(84),100.0%(84),100.0%(84),100.0%(84),100.0%(84),100.0%(84),100.0%(84),97.62%(82),合格
260522164010_B162_SKII15306-I-YY2-260522164010,B162,LC003181-S01-D01-LPD-D503D741,1155390,1145718,0.9916,0.1554,150,127,0.95,0.91,0.52,1068879,0.9703,0.9966,3242.74,0.9361,0.5551,0.2475,0.0506,0.0421,0.9632,0.9186,1,1,1,0.9995,1,0.9997,1,0.9971,0.9997,0.9324,84,0,100.0%(84),100.0%(84),100.0%(84),100.0%(84),100.0%(84),100.0%(84),100.0%(84),96.43%(81),合格
260522164010_B162_SKII15306-I-YY2-260522164010,B162,LC003182-S01-D01-LPD-D503D742,1120718,1106482,0.9873,0.1441,150,129,0.95,0.91,0.51,1030416,0.9594,0.9966,3288.02,0.9572,0.397,0.397,0.0773,0.0466,0.9682,0.8461,1,1,1,0.9997,1,0.9997,1,0.9987,1,0.9318,84,0,100.0%(84),100.0%(84),100.0%(84),100.0%(84),100.0%(84),100.0%(84),100.0%(84),97.62%(82),合格
260522164010_B162_SKII15306-I-YY2-260522164010,B162,LC001881-S02-D01-LPD-D503D744,1110532,1088630,0.9803,0.1492,150,129,0.95,0.91,0.51,991788,0.9294,0.9924,3056.73,0.9262,0.441,0.3556,0.0306,0.0456,0.9723,0.8022,1,1,1,0.9993,1,0.9997,0.9987,0.954,0.9352,0.9312,84,0,100.0%(84),100.0%(84),100.0%(84),100.0%(84),100.0%(84),100.0%(84),100.0%(84),97.62%(82),合格
260522164010_B162_SKII15306-I-YY2-260522164010,B162,LC002160-S01-D01-LPD-D502D741,958664,952562,0.9936,0.1451,150,128,0.95,0.91,0.5,1010834,0.9475,0.9994,2927.85,0.9086,0.5467,0.2832,0.0209,0.0159,0.9541,0.7219,1,1,0.9999,0.9972,0.9994,0.9908,0.999,0.9287,1,0.9298,84,0,100.0%(84),100.0%(84),100.0%(84),100.0%(84),100.0%(84),100.0%(84),100.0%(84),98.81%(83),合格
260522164010_B162_SKII15306-I-YY2-260522164010,B162,LC002397-S01-D01-LPD-D503D720,1329130,1321556,0.9943,0.1328,150,130,0.95,0.91,0.51,1056480,0.9656,0.9966,3269.19,0.926,0.551,0.2488,0.0454,0.0406,0.9765,0.9528,1,1,1,0.9996,1,0.9997,1,0.999,1,0.9324,84,0,100.0%(84),100.0%(84),100.0%(84),100.0%(84),100.0%(84),100.0%(84),100.0%(84),100.0%(84),合格
260522164010_B162_SKII15306-I-YY2-260522164010,B162,LC002134-S01-D01-LPD-D503D721,1164836,1151754,0.9888,0.1404,150,130,0.95,0.91,0.53,983064,0.91,0.9966,2974.97,0.9126,0.4732,0.2802,0.0426,0.0503,0.9757,0.9691,1,1,1,0.9996,1,0.9997,1,0.999,1,0.9343,84,0,100.0%(84),100.0%(84),100.0%(84),100.0%(84),100.0%(84),100.0%(84),100.0%(84),97.62%(82),合格
260522164010_B162_SKII15306-I-YY2-260522164010,B162,LC002136-S01-D01-LPD-D503D722,1126266,1108348,0.9841,0.1451,150,129,0.95,0.91,0.52,996499,0.9281,0.9967,3044.14,0.9191,0.4704,0.2952,0.0438,0.054,0.9693,0.8335,1,1,0.9999,0.9995,1,0.9997,1,0.999,1,0.9324,84,0,100.0%(84),100.0%(84),100.0%(84),100.0%(84),100.0%(84),100.0%(84),100.0%(84),98.81%(83),合格
260522164010_B162_SKII15306-I-YY2-260522164010,B162,LC002325-S01-D01-LPD-D503D725,1183834,1172958,0.9908,0.1596,150,127,0.95,0.91,0.52,1072247,0.9671,0.9966,3252.05,0.9481,0.425,0.3655,0.0741,0.0463,0.9448,0.801,1,1,1,0.9997,1,0.9997,1,0.999,1,0.9315,84,0,100.0%(84),100.0%(84),100.0%(84),100.0%(84),100.0%(84),100.0%(84),100.0%(84),98.81%(83),合格
260522164010_B162_SKII15306-I-YY2-260522164010,B162,LC002328-S01-D01-LPD-D503D726,1013668,1003150,0.9896,0.1595,150,127,0.95,0.91,0.52,1071534,0.968,0.9936,3275.96,0.9537,0.4191,0.3573,0.0858,0.0484,0.9496,0.8051,1,1,1,0.9997,1,0.9945,1,0.9987,0.9693,0.931,84,0,100.0%(84),100.0%(84),100.0%(84),100.0%(84),100.0%(84),100.0%(84),100.0%(84),98.81%(83),合格
260522164010_B162_SKII15306-I-YY2-260522164010,B162,LC002331-S01-D01-LPD-D503D727,1007506,999784,0.9923,0.1466,150,128,0.95,0.91,0.52,1091670,0.9666,0.9945,3309.15,0.9483,0.4032,0.3807,0.0779,0.0522,0.9273,0.7624,1,1,1,0.9992,1,0.9997,0.9997,0.9926,0.9572,0.9321,84,0,100.0%(84),100.0%(84),100.0%(84),100.0%(84),100.0%(84),100.0%(84),100.0%(84),96.43%(81),合格
260522164010_B162_SKII15306-I-YY2-260522164010,B162,LC002348-S01-D01-LPD-D503D728,1083204,1076882,0.9942,0.1205,150,132,0.95,0.91,0.51,1040743,0.9534,0.9978,3105.73,0.8789,0.5566,0.217,0.0328,0.0328,0.9782,0.948,1,1,1,0.9996,1,0.9997,0.9997,0.9981,0.9877,0.9324,84,0,100.0%(84),100.0%(84),100.0%(84),100.0%(84),100.0%(84),100.0%(84),100.0%(84),100.0%(84),合格
260522163748_B141_SKII15307-T-YY2-260522163749,B141,LC002351-S01-D01-LPD-D503D729,583874,573690,0.9826,0.1815,150,124,0.93,0.88,0.49,594279,0.9666,0.9907,1763.52,0.9211,0.4548,0.3425,0.0329,0.0435,0.9509,0.9446,1,1,1,0.9992,1,0.9884,1,0.9866,0.941,0.9315,84,0,100.0%(84),100.0%(84),100.0%(84),100.0%(84),100.0%(84),100.0%(84),97.62%(82),89.29%(75),合格
260522163748_B141_SKII15307-T-YY2-260522163749,B141,LC002375-S01-D01-LPD-D503D730,612208,588476,0.9612,0.1996,150,122,0.93,0.88,0.48,572591,0.9286,0.993,1734.95,0.9364,0.4691,0.3852,0.023,0.0299,0.956,0.6754,1,1,0.9998,0.9922,1,0.9872,1,0.9441,0.9639,0.9318,84,0,100.0%(84),100.0%(84),100.0%(84),100.0%(84),100.0%(84),100.0%(84),96.43%(81),88.1%(74),合格
260522163748_B141_SKII15307-T-YY2-260522163749,B141,LC002394-S01-D01-LPD-D503D731,696762,690362,0.9908,0.1819,150,123,0.93,0.88,0.5,730329,0.9782,0.9964,2216.83,0.9515,0.4546,0.3717,0.0517,0.0334,0.9442,0.8672,1,1,1,0.9996,1,0.9994,0.9997,0.9843,0.9975,0.8561,84,0,100.0%(84),100.0%(84),100.0%(84),100.0%(84),100.0%(84),98.81%(83),97.62%(82),94.05%(79),合格
260522163748_B141_SKII15307-T-YY2-260522163749,B141,LC002395-S01-D01-LPD-D503D732,607476,600680,0.9888,0.191,150,122,0.93,0.88,0.49,626796,0.9758,0.9943,1906.21,0.9573,0.4282,0.4187,0.0579,0.0285,0.9524,0.7639,1,1,1,0.9994,1,0.9991,1,0.9115,0.9765,0.9329,84,0,100.0%(84),100.0%(84),100.0%(84),100.0%(84),100.0%(84),100.0%(84),97.62%(82),90.48%(76),合格
260522163748_B141_SKII15307-T-YY2-260522163749,B141,LC002653-S01-D01-LPD-D503D733,582214,577116,0.9912,0.1483,150,128,0.93,0.88,0.49,594579,0.9672,0.99,1829.67,0.9137,0.5764,0.2458,0.031,0.0275,0.9598,0.9287,1,1,1,0.9993,1,0.9997,0.9997,0.968,0.9346,0.9315,84,0,100.0%(84),100.0%(84),100.0%(84),100.0%(84),100.0%(84),100.0%(84),97.62%(82),95.24%(80),合格
260522163748_B141_SKII15307-T-YY2-260522163749,B141,LC002657-S01-D01-LPD-D503D734,501314,483928,0.9653,0.1801,150,125,0.93,0.88,0.49,472744,0.9292,0.9939,1440.21,0.9264,0.5958,0.2624,0.018,0.0295,0.9731,0.6209,1,0.9515,0.9997,0.8321,1,0.9994,0.9997,0.9303,0.9396,0.9354,84,0,100.0%(84),100.0%(84),100.0%(84),100.0%(84),100.0%(84),100.0%(84),98.81%(83),89.29%(75),合格
260522163748_B141_SKII15307-T-YY2-260522163749,B141,LC002659-S01-D01-LPD-D503D735,667444,660776,0.99,0.168,150,125,0.93,0.88,0.49,691051,0.9784,0.9898,2132.87,0.9409,0.5921,0.2636,0.0337,0.0249,0.9754,0.7279,1,1,1,0.9991,0.9994,0.9847,0.9997,0.9585,0.934,0.9315,84,0,100.0%(84),100.0%(84),100.0%(84),100.0%(84),100.0%(84),100.0%(84),100.0%(84),94.05%(79),合格
260522163748_B141_SKII15307-T-YY2-260522163749,B141,LC002978-S01-D01-LPD-D503D737,644442,637542,0.9893,0.1735,150,124,0.93,0.88,0.49,670578,0.9773,0.9969,2051.99,0.943,0.5048,0.3322,0.0415,0.0303,0.9566,0.8937,1,1,1,0.9996,1,0.9997,0.9997,0.985,0.9994,0.9315,84,0,100.0%(84),100.0%(84),100.0%(84),100.0%(84),100.0%(84),100.0%(84),98.81%(83),96.43%(81),合格
260522163748_B141_SKII15307-T-YY2-260522163749,B141,LC003171-S01-D01-LPD-D503D738,554442,548536,0.9893,0.1722,150,125,0.93,0.88,0.49,572625,0.9813,0.9898,1800.41,0.9634,0.3983,0.457,0.0621,0.0242,0.9445,0.7811,1,1,1,0.9996,1,0.9994,0.9997,0.908,0.9343,0.9167,84,0,100.0%(84),100.0%(84),100.0%(84),100.0%(84),100.0%(84),100.0%(84),96.43%(81),84.52%(71),合格
260522163748_B141_SKII15307-T-YY2-260522163749,B141,LC003178-S01-D01-LPD-D503D739,582704,577786,0.9916,0.1778,150,124,0.93,0.88,0.5,608079,0.9794,0.9938,1852.78,0.9447,0.519,0.3236,0.0396,0.034,0.9557,0.8643,1,1,1,0.9996,1,0.9997,1,0.9393,0.9718,0.9307,84,0,100.0%(84),100.0%(84),100.0%(84),100.0%(84),100.0%(84),100.0%(84),97.62%(82),90.48%(76),合格
260522163748_B141_SKII15307-T-YY2-260522163749,B141,CN001477-S09-D03-LPD-D502D733,416592,413650,0.9929,0.1617,150,126,0.93,0.88,0.49,431329,0.9705,0.9946,1296.84,0.9203,0.4877,0.3283,0.0329,0.0152,0.9164,0.8319,1,1,0.9996,0.9971,0.9997,0.9966,0.9885,0.8738,0.9992,0.9318,84,0,100.0%(84),100.0%(84),100.0%(84),100.0%(84),100.0%(84),97.62%(82),96.43%(81),79.76%(67),合格
260522163748_B141_SKII15307-T-YY2-260522163749,B141,LC003179-S01-D01-LPD-D503D740,631814,624854,0.989,0.1773,150,124,0.93,0.88,0.48,639646,0.9692,0.9899,2007.18,0.9629,0.4474,0.3999,0.0577,0.0279,0.9501,0.7816,1,1,0.9999,0.9995,1,0.9994,0.9997,0.9805,0.9346,0.9304,84,0,100.0%(84),100.0%(84),100.0%(84),100.0%(84),100.0%(84),100.0%(84),97.62%(82),90.48%(76),合格
260522163748_B141_SKII15307-T-YY2-260522163749,B141,LC003181-S01-D01-LPD-D503D741,629992,622402,0.988,0.1948,150,121,0.93,0.88,0.5,655234,0.9786,0.9966,1935.52,0.9342,0.5705,0.2631,0.0379,0.0298,0.9713,0.8983,1,1,1,0.9994,1,0.9994,1,0.9393,1,0.931,84,0,100.0%(84),100.0%(84),100.0%(84),100.0%(84),100.0%(84),100.0%(84),100.0%(84),90.48%(76),合格
260522163748_B141_SKII15307-T-YY2-260522163749,B141,LC003182-S01-D01-LPD-D503D742,618726,607396,0.9817,0.181,150,124,0.93,0.88,0.49,621345,0.9703,0.9965,1943.17,0.9594,0.4068,0.4333,0.0568,0.0317,0.951,0.8277,1,1,1,0.9996,1,0.9997,0.9997,0.9792,0.9994,0.9307,84,0,100.0%(84),100.0%(84),100.0%(84),100.0%(84),100.0%(84),100.0%(84),96.43%(81),89.29%(75),合格
260522163748_B141_SKII15307-T-YY2-260522163749,B141,LC001881-S02-D01-LPD-D503D744,598792,580978,0.9703,0.1891,150,123,0.93,0.88,0.49,578164,0.9489,0.992,1755.76,0.9309,0.4534,0.382,0.0252,0.0303,0.9512,0.7115,1,1,0.9998,0.9987,1,0.9994,0.9987,0.9217,0.9567,0.931,84,0,100.0%(84),100.0%(84),100.0%(84),100.0%(84),100.0%(84),100.0%(84),96.43%(81),89.29%(75),合格
260522163748_B141_SKII15307-T-YY2-260522163749,B141,LC002160-S01-D01-LPD-D502D741,530078,525354,0.9911,0.1826,150,123,0.93,0.88,0.48,551663,0.965,0.9956,1590.12,0.9151,0.5523,0.3038,0.017,0.0102,0.9368,0.6086,1,1,0.9995,0.9951,1,0.9866,0.9997,0.8281,0.9983,0.9287,84,0,100.0%(84),100.0%(84),100.0%(84),100.0%(84),100.0%(84),100.0%(84),96.43%(81),86.9%(73),合格
260522163748_B141_SKII15307-T-YY2-260522163749,B141,LC002397-S01-D01-LPD-D503D720,731466,725560,0.9919,0.1667,150,125,0.93,0.88,0.49,758111,0.9755,0.9966,2309.34,0.9286,0.5647,0.2686,0.0345,0.0286,0.9584,0.9266,1,1,1,0.9995,1,0.9997,1,0.9984,0.9997,0.9315,84,0,100.0%(84),100.0%(84),100.0%(84),100.0%(84),100.0%(84),100.0%(84),98.81%(83),96.43%(81),合格
260522163748_B141_SKII15307-T-YY2-260522163749,B141,LC002134-S01-D01-LPD-D503D721,613140,603162,0.9837,0.1803,150,124,0.93,0.88,0.5,601381,0.9389,0.9965,1792.11,0.9178,0.491,0.3038,0.0337,0.037,0.9568,0.9373,1,1,0.9999,0.9992,1,0.9997,1,0.999,1,0.934,84,0,100.0%(84),100.0%(84),100.0%(84),100.0%(84),100.0%(84),100.0%(84),97.62%(82),90.48%(76),合格
260522163748_B141_SKII15307-T-YY2-260522163749,B141,LC002136-S01-D01-LPD-D503D722,609142,594440,0.9759,0.1836,150,124,0.93,0.88,0.49,594524,0.9477,0.9965,1790.84,0.9244,0.4834,0.3235,0.0356,0.0369,0.9589,0.8023,1,1,0.9999,0.9984,1,0.9997,1,0.984,0.9992,0.931,84,0,100.0%(84),100.0%(84),100.0%(84),100.0%(84),100.0%(84),100.0%(84),98.81%(83),90.48%(76),合格
260522163748_B141_SKII15307-T-YY2-260522163749,B141,LC002325-S01-D01-LPD-D503D725,649184,640944,0.9873,0.1996,150,121,0.93,0.88,0.5,675262,0.9763,0.9945,2006.59,0.9492,0.4367,0.3958,0.056,0.0325,0.9455,0.8023,1,1,1,0.9997,1,0.9994,0.9997,0.9613,0.9788,0.9248,84,0,100.0%(84),100.0%(84),100.0%(84),100.0%(84),100.0%(84),100.0%(84),100.0%(84),92.86%(78),合格
260522163748_B141_SKII15307-T-YY2-260522163749,B141,LC002328-S01-D01-LPD-D503D726,558824,550832,0.9857,0.1982,150,121,0.93,0.88,0.5,580268,0.9765,0.9913,1736.53,0.9538,0.4329,0.389,0.065,0.0345,0.9417,0.7927,1,1,1,0.9994,1,0.9878,1,0.9799,0.9477,0.9298,84,0,100.0%(84),100.0%(84),100.0%(84),100.0%(84),100.0%(84),100.0%(84),97.62%(82),82.14%(69),合格
260522163748_B141_SKII15307-T-YY2-260522163749,B141,LC002331-S01-D01-LPD-D503D727,547666,541008,0.9878,0.1871,150,122,0.93,0.88,0.5,578584,0.9762,0.9899,1720.79,0.9483,0.4183,0.4074,0.0579,0.0364,0.9236,0.7417,1,1,1,0.9987,1,0.9991,0.9997,0.9616,0.9335,0.9304,84,0,100.0%(84),100.0%(84),100.0%(84),100.0%(84),100.0%(84),100.0%(84),94.05%(79),90.48%(76),合格
260522163748_B141_SKII15307-T-YY2-260522163749,B141,LC002348-S01-D01-LPD-D503D728,579248,574106,0.9911,0.1547,150,127,0.93,0.88,0.49,594505,0.9674,0.9931,1747.58,0.8817,0.573,0.2289,0.0247,0.0245,0.9607,0.918,1,1,1,0.9992,1,0.9997,1,0.938,0.9653,0.9315,84,0,100.0%(84),100.0%(84),100.0%(84),100.0%(84),100.0%(84),100.0%(84),97.62%(82),94.05%(79),合格
260523150002_B170_SKII5311-R2JC-YY2-260523150003,B170,LC002351-S01-D01-LPD-D503D729,1007526,997450,0.99,0.1338,150,130,0.95,0.91,0.52,1045104,0.9549,0.9961,3186.43,0.9201,0.4338,0.3164,0.0427,0.0649,0.9659,0.9557,1,1,1,0.9995,1,0.9933,1,0.999,0.9941,0.9324,84,0,100.0%(84),100.0%(84),100.0%(84),100.0%(84),100.0%(84),100.0%(84),100.0%(84),98.81%(83),合格
260523150002_B170_SKII5311-R2JC-YY2-260523150003,B170,LC002375-S01-D01-LPD-D503D730,1006796,984480,0.9778,0.1487,150,129,0.95,0.91,0.51,948861,0.9063,0.9951,2951.29,0.9354,0.464,0.3546,0.0289,0.0482,0.9683,0.7385,1,1,1,0.9986,1,0.9939,1,0.9981,0.9558,0.9321,84,0,100.0%(84),100.0%(84),100.0%(84),100.0%(84),100.0%(84),100.0%(84),98.81%(83),98.81%(83),合格
260523150002_B170_SKII5311-R2JC-YY2-260523150003,B170,LC002394-S01-D01-LPD-D503D731,1190892,1183844,0.9941,0.1367,150,130,0.95,0.91,0.52,1078687,0.9694,0.9967,3370.05,0.9535,0.4311,0.3511,0.0701,0.0487,0.9571,0.8668,1,1,1,0.9998,1,0.9997,1,0.999,1,0.8561,84,0,100.0%(84),100.0%(84),100.0%(84),100.0%(84),100.0%(84),100.0%(84),98.81%(83),96.43%(81),合格
260523150002_B170_SKII5311-R2JC-YY2-260523150003,B170,LC002395-S01-D01-LPD-D503D732,1000090,992704,0.9926,0.1466,150,128,0.95,0.91,0.52,1051546,0.967,0.991,3301.61,0.9602,0.4152,0.386,0.0825,0.0443,0.9604,0.7758,1,1,1,0.9997,1,0.9997,1,0.9569,0.9444,0.9335,84,0,100.0%(84),100.0%(84),100.0%(84),100.0%(84),100.0%(84),100.0%(84),98.81%(83),98.81%(83),合格
260523150002_B170_SKII5311-R2JC-YY2-260523150003,B170,LC002653-S01-D01-LPD-D503D733,1015798,1010702,0.995,0.1092,150,134,0.95,0.91,0.52,1039563,0.955,0.9966,3259.8,0.9121,0.551,0.2312,0.0449,0.0404,0.9757,0.954,1,1,1,0.9997,1,0.9997,1,0.999,1,0.9321,84,0,100.0%(84),100.0%(84),100.0%(84),100.0%(84),100.0%(84),100.0%(84),100.0%(84),98.81%(83),合格
260523150002_B170_SKII5311-R2JC-YY2-260523150003,B170,LC002657-S01-D01-LPD-D503D734,839830,822812,0.9797,0.1334,150,131,0.95,0.91,0.51,803911,0.9141,0.9919,2505.41,0.927,0.583,0.2428,0.0243,0.0485,0.9762,0.7237,1,1,1,0.998,1,0.9997,0.9997,0.9543,0.9519,0.9368,84,0,100.0%(84),100.0%(84),100.0%(84),100.0%(84),100.0%(84),100.0%(84),100.0%(84),98.81%(83),合格
260523150002_B170_SKII5311-R2JC-YY2-260523150003,B170,LC002659-S01-D01-LPD-D503D735,1143692,1136792,0.994,0.1277,150,131,0.95,0.91,0.51,1063040,0.971,0.9925,3357.55,0.9415,0.5806,0.2367,0.0484,0.0392,0.9739,0.7952,1,1,1,0.9994,1,0.9933,1,0.9872,0.9575,0.9315,84,0,100.0%(84),100.0%(84),100.0%(84),100.0%(84),100.0%(84),100.0%(84),100.0%(84),98.81%(83),合格
260523150002_B170_SKII5311-R2JC-YY2-260523150003,B170,LC002978-S01-D01-LPD-D503D737,1213536,1206592,0.9943,0.1262,150,131,0.95,0.91,0.52,1071967,0.9694,0.9966,3382.1,0.9456,0.4829,0.3158,0.058,0.0439,0.9667,0.9368,1,1,1,0.9997,1,0.9997,1,0.999,1,0.9324,84,0,100.0%(84),100.0%(84),100.0%(84),100.0%(84),100.0%(84),100.0%(84),100.0%(84),98.81%(83),合格
260523150002_B170_SKII5311-R2JC-YY2-260523150003,B170,LC003171-S01-D01-LPD-D503D738,1001498,995030,0.9935,0.1278,150,131,0.95,0.91,0.52,1056221,0.9733,0.9958,3422.85,0.9664,0.3813,0.4292,0.0883,0.0384,0.9507,0.7938,1,1,1,0.9998,1,0.9997,1,0.9869,0.9927,0.9304,84,0,100.0%(84),100.0%(84),100.0%(84),100.0%(84),100.0%(84),100.0%(84),98.81%(83),97.62%(82),合格
260523150002_B170_SKII5311-R2JC-YY2-260523150003,B170,LC003178-S01-D01-LPD-D503D739,997864,992480,0.9946,0.1339,150,130,0.95,0.91,0.52,1064401,0.9729,0.9963,3339.09,0.9467,0.4984,0.3061,0.0553,0.0498,0.9629,0.8994,1,1,1,0.9997,1,0.9997,1,0.9984,0.9961,0.9321,84,0,100.0%(84),100.0%(84),100.0%(84),100.0%(84),100.0%(84),100.0%(84),98.81%(83),98.81%(83),合格
260523150002_B170_SKII5311-R2JC-YY2-260523150003,B170,CN001477-S09-D03-LPD-D502D733,729626,726444,0.9956,0.1182,150,132,0.95,0.91,0.52,766527,0.9536,0.9978,2348.34,0.9192,0.4707,0.3045,0.0431,0.0238,0.934,0.8455,1,1,0.9997,0.9978,1,0.9982,0.9994,0.9364,1,0.9424,84,0,100.0%(84),100.0%(84),100.0%(84),100.0%(84),100.0%(84),100.0%(84),98.81%(83),95.24%(80),合格
260523150002_B170_SKII5311-R2JC-YY2-260523150003,B170,LC003179-S01-D01-LPD-D503D740,1036362,1029356,0.9932,0.136,150,130,0.95,0.91,0.51,1030314,0.9569,0.9902,3324.39,0.9642,0.4317,0.362,0.0838,0.0442,0.9614,0.8091,1,1,1,0.9996,1,0.9997,1,0.999,0.9346,0.9315,84,0,100.0%(84),100.0%(84),100.0%(84),100.0%(84),100.0%(84),100.0%(84),98.81%(83),98.81%(83),合格
260523150002_B170_SKII5311-R2JC-YY2-260523150003,B170,LC003181-S01-D01-LPD-D503D741,1079478,1071062,0.9922,0.1476,150,128,0.95,0.91,0.52,1072657,0.9707,0.9967,3278.71,0.9372,0.5493,0.2487,0.0527,0.0437,0.9579,0.9181,1,1,1,0.9995,1,0.9997,1,0.9946,1,0.9324,84,0,100.0%(84),100.0%(84),100.0%(84),100.0%(84),100.0%(84),100.0%(84),98.81%(83),97.62%(82),合格
260523150002_B170_SKII5311-R2JC-YY2-260523150003,B170,LC003182-S01-D01-LPD-D503D742,1024622,1012584,0.9883,0.1358,150,130,0.95,0.91,0.51,1032086,0.9596,0.995,3325.1,0.9594,0.3916,0.3968,0.081,0.0485,0.9621,0.8497,1,1,1,0.9997,1,0.9997,1,0.9978,0.9838,0.9315,84,0,100.0%(84),100.0%(84),100.0%(84),100.0%(84),100.0%(84),100.0%(84),98.81%(83),98.81%(83),合格
260523150002_B170_SKII5311-R2JC-YY2-260523150003,B170,LC001881-S02-D01-LPD-D503D744,1014888,997730,0.9831,0.1397,150,130,0.95,0.91,0.51,989187,0.9285,0.9935,3082.28,0.9293,0.4386,0.355,0.0326,0.0472,0.9661,0.7936,1,1,1,0.9991,1,0.9997,0.9994,0.9616,0.969,0.9321,84,0,100.0%(84),100.0%(84),100.0%(84),100.0%(84),100.0%(84),100.0%(84),98.81%(83),97.62%(82),合格
260523150002_B170_SKII5311-R2JC-YY2-260523150003,B170,LC002160-S01-D01-LPD-D502D741,872908,868040,0.9944,0.1378,150,129,0.95,0.91,0.5,923836,0.9475,0.9962,2696.25,0.911,0.5461,0.2824,0.0214,0.0171,0.9538,0.7478,1,1,0.9996,0.997,1,0.9911,0.9987,0.9335,0.9997,0.9298,84,0,100.0%(84),100.0%(84),100.0%(84),100.0%(84),100.0%(84),100.0%(84),100.0%(84),97.62%(82),合格
260523150002_B170_SKII5311-R2JC-YY2-260523150003,B170,LC002397-S01-D01-LPD-D503D720,1244524,1238548,0.9952,0.125,150,131,0.95,0.91,0.51,1059163,0.9659,0.9993,3304.74,0.9277,0.5452,0.2513,0.0475,0.042,0.9745,0.9548,1,1,1,0.9995,1,0.9997,1,0.999,1,0.9321,84,0,100.0%(84),100.0%(84),100.0%(84),100.0%(84),100.0%(84),100.0%(84),100.0%(84),98.81%(83),合格
260523150002_B170_SKII5311-R2JC-YY2-260523150003,B170,LC002134-S01-D01-LPD-D503D721,1078014,1067646,0.9904,0.1317,150,131,0.95,0.91,0.53,981499,0.907,0.9967,2992.42,0.9132,0.4676,0.2804,0.0435,0.0532,0.9733,0.9698,1,1,1,0.9995,1,0.9997,1,0.999,1,0.9343,84,0,100.0%(84),100.0%(84),100.0%(84),100.0%(84),100.0%(84),100.0%(84),100.0%(84),98.81%(83),合格
260523150002_B170_SKII5311-R2JC-YY2-260523150003,B170,LC002136-S01-D01-LPD-D503D722,1028938,1015206,0.9867,0.136,150,130,0.95,0.91,0.52,994755,0.9262,0.9981,3071.69,0.9215,0.4667,0.2934,0.0453,0.0564,0.9638,0.8325,1,1,1,0.9995,1,0.9997,1,0.999,1,0.9321,84,0,100.0%(84),100.0%(84),100.0%(84),100.0%(84),100.0%(84),100.0%(84),100.0%(84),98.81%(83),合格
260523150002_B170_SKII5311-R2JC-YY2-260523150003,B170,LC002325-S01-D01-LPD-D503D725,1092312,1083576,0.992,0.1515,150,128,0.95,0.91,0.52,1076812,0.9671,0.9943,3296.68,0.9514,0.4196,0.3664,0.0778,0.0484,0.9367,0.8052,1,1,1,0.9997,1,0.9997,1,0.9981,0.9771,0.931,84,0,100.0%(84),100.0%(84),100.0%(84),100.0%(84),100.0%(84),100.0%(84),98.81%(83),97.62%(82),合格
260523150002_B170_SKII5311-R2JC-YY2-260523150003,B170,LC002328-S01-D01-LPD-D503D726,972602,964098,0.9913,0.1489,150,128,0.95,0.91,0.52,1037357,0.9683,0.9941,3205.98,0.9559,0.4115,0.3598,0.09,0.05,0.9489,0.7987,1,1,1,0.9996,1,0.9927,1,0.999,0.9726,0.931,84,0,100.0%(84),100.0%(84),100.0%(84),100.0%(84),100.0%(84),100.0%(84),98.81%(83),97.62%(82),合格
260523150002_B170_SKII5311-R2JC-YY2-260523150003,B170,LC002331-S01-D01-LPD-D503D727,943882,937630,0.9934,0.1385,150,129,0.95,0.91,0.52,1026978,0.9671,0.9908,3141.51,0.9504,0.4,0.379,0.0798,0.0558,0.9307,0.7607,1,1,1,0.999,1,0.9997,1,0.999,0.9405,0.9321,84,0,100.0%(84),100.0%(84),100.0%(84),100.0%(84),100.0%(84),100.0%(84),98.81%(83),96.43%(81),合格
260523150002_B170_SKII5311-R2JC-YY2-260523150003,B170,LC002348-S01-D01-LPD-D503D728,1023336,1018218,0.995,0.1129,150,133,0.95,0.91,0.52,1042901,0.9536,0.9971,3130.42,0.8788,0.5487,0.2205,0.0346,0.0337,0.9757,0.9485,1,1,1,0.9995,1,0.9997,1,0.993,0.9779,0.9321,84,0,100.0%(84),100.0%(84),100.0%(84),100.0%(84),100.0%(84),100.0%(84),100.0%(84),98.81%(83),合格
260603175803_B170_SKII15342-R2JC-YY2-260603175804,B170,LC002351-S01-D01-LPD-D503D729,1268774,1255258,0.9893,0.1387,150,130,0.94,0.9,0.52,1047531,0.9556,0.9983,3189.69,0.9203,0.4386,0.3165,0.041,0.0636,0.971,0.956,1,1,1,0.9996,1,0.9945,1,0.9997,0.9824,0.9324,84,0,100.0%(84),100.0%(84),100.0%(84),100.0%(84),100.0%(84),100.0%(84),100.0%(84),100.0%(84),合格
260603175803_B170_SKII15342-R2JC-YY2-260603175804,B170,LC002375-S01-D01-LPD-D503D730,1262178,1233404,0.9772,0.1527,150,128,0.95,0.9,0.51,965707,0.9085,0.9957,3006.37,0.9368,0.4655,0.3571,0.0282,0.0465,0.971,0.7371,1,1,1,0.9984,1,0.9936,1,0.9984,0.9899,0.9321,84,0,100.0%(84),100.0%(84),100.0%(84),100.0%(84),100.0%(84),100.0%(84),100.0%(84),98.81%(83),合格
260603175803_B170_SKII15342-R2JC-YY2-260603175804,B170,LC002394-S01-D01-LPD-D503D731,1506636,1498548,0.9946,0.1392,150,129,0.95,0.9,0.52,1078525,0.9703,0.9964,3372.31,0.9541,0.436,0.3495,0.068,0.0486,0.9512,0.8695,1,1,1,0.9997,1,0.9997,1,0.999,0.9978,0.8563,84,0,100.0%(84),100.0%(84),100.0%(84),100.0%(84),100.0%(84),100.0%(84),100.0%(84),96.43%(81),合格
260603175803_B170_SKII15342-R2JC-YY2-260603175804,B170,LC002395-S01-D01-LPD-D503D732,1269160,1259982,0.9928,0.1499,150,128,0.95,0.9,0.51,1059356,0.9675,0.9941,3327.37,0.9604,0.4191,0.3877,0.0794,0.0427,0.962,0.7718,1,1,1,0.9997,1,0.9997,1,0.9834,0.9746,0.9332,84,0,100.0%(84),100.0%(84),100.0%(84),100.0%(84),100.0%(84),100.0%(84),100.0%(84),97.62%(82),合格
260603175803_B170_SKII15342-R2JC-YY2-260603175804,B170,LC002653-S01-D01-LPD-D503D733,1290238,1283568,0.9948,0.112,150,133,0.94,0.9,0.52,1040628,0.9561,0.9999,3262.73,0.9123,0.5555,0.2306,0.0436,0.0399,0.9774,0.9561,1,1,1,0.9995,1,0.9997,1,0.999,0.9994,0.9321,84,0,100.0%(84),100.0%(84),100.0%(84),100.0%(84),100.0%(84),100.0%(84),100.0%(84),100.0%(84),合格
260603175803_B170_SKII15342-R2JC-YY2-260603175804,B170,LC002657-S01-D01-LPD-D503D734,1055190,1033644,0.9796,0.1369,150,131,0.95,0.9,0.51,978147,0.9157,0.9939,3052.51,0.928,0.5863,0.2419,0.0244,0.047,0.9773,0.7293,1,1,0.9998,0.994,1,0.9997,0.9997,0.9645,0.9734,0.9368,84,0,100.0%(84),100.0%(84),100.0%(84),100.0%(84),100.0%(84),100.0%(84),100.0%(84),100.0%(84),合格
260603175803_B170_SKII15342-R2JC-YY2-260603175804,B170,LC002659-S01-D01-LPD-D503D735,1452044,1442760,0.9936,0.1305,150,130,0.95,0.9,0.51,1062859,0.9719,0.9966,3361.72,0.9424,0.5815,0.2394,0.0472,0.0388,0.9757,0.8106,1,1,1,0.9996,1,0.9914,1,0.9795,1,0.9321,84,0,100.0%(84),100.0%(84),100.0%(84),100.0%(84),100.0%(84),100.0%(84),100.0%(84),100.0%(84),合格
260603175803_B170_SKII15342-R2JC-YY2-260603175804,B170,LC002978-S01-D01-LPD-D503D737,1513556,1504454,0.994,0.1299,150,131,0.95,0.9,0.52,1071743,0.9697,0.9966,3381.3,0.9458,0.4889,0.3137,0.0561,0.0431,0.9728,0.9356,1,1,1,0.9997,1,0.9997,1,0.9987,1,0.9324,84,0,100.0%(84),100.0%(84),100.0%(84),100.0%(84),100.0%(84),100.0%(84),100.0%(84),100.0%(84),合格
260603175803_B170_SKII15342-R2JC-YY2-260603175804,B170,LC003171-S01-D01-LPD-D503D738,1254050,1245768,0.9934,0.1316,150,130,0.95,0.9,0.52,1061816,0.9735,0.9976,3438.88,0.9668,0.3846,0.4316,0.0851,0.0371,0.9484,0.7962,1,1,1,0.9997,1,0.9997,0.9997,0.9476,1,0.9307,84,0,100.0%(84),100.0%(84),100.0%(84),100.0%(84),100.0%(84),100.0%(84),100.0%(84),98.81%(83),合格
260603175803_B170_SKII15342-R2JC-YY2-260603175804,B170,LC003178-S01-D01-LPD-D503D739,1262580,1255884,0.9947,0.1374,150,129,0.95,0.9,0.52,1071863,0.9733,0.9965,3365.39,0.9474,0.5018,0.3078,0.0535,0.0481,0.9683,0.8922,1,1,1,0.9997,1,0.9997,1,0.9952,0.9994,0.9318,84,0,100.0%(84),100.0%(84),100.0%(84),100.0%(84),100.0%(84),100.0%(84),100.0%(84),98.81%(83),合格
260603175803_B170_SKII15342-R2JC-YY2-260603175804,B170,CN001477-S09-D03-LPD-D502D733,924598,920612,0.9957,0.1222,150,132,0.95,0.9,0.52,970562,0.9547,0.9997,2970.56,0.9183,0.4714,0.3068,0.0416,0.0231,0.9276,0.8442,1,1,0.9998,0.9983,1,0.9982,0.9994,0.937,1,0.9603,84,0,100.0%(84),100.0%(84),100.0%(84),100.0%(84),100.0%(84),100.0%(84),100.0%(84),96.43%(81),合格
260603175803_B170_SKII15342-R2JC-YY2-260603175804,B170,LC003179-S01-D01-LPD-D503D740,1310886,1301694,0.993,0.1397,150,129,0.95,0.9,0.51,1031750,0.9584,0.9902,3325.38,0.9643,0.4344,0.3655,0.0806,0.0428,0.9624,0.807,1,1,1,0.9996,1,0.9997,1,0.9987,0.9352,0.9315,84,0,100.0%(84),100.0%(84),100.0%(84),100.0%(84),100.0%(84),100.0%(84),100.0%(84),98.81%(83),合格
260603175803_B170_SKII15342-R2JC-YY2-260603175804,B170,LC003181-S01-D01-LPD-D503D741,1360050,1349406,0.9922,0.1509,150,128,0.95,0.9,0.52,1072734,0.9714,0.9966,3282.96,0.9389,0.5542,0.2483,0.0513,0.0438,0.9653,0.9255,1,1,1,0.9995,1,0.9997,1,0.9958,1,0.9321,84,0,100.0%(84),100.0%(84),100.0%(84),100.0%(84),100.0%(84),100.0%(84),100.0%(84),96.43%(81),合格
260603175803_B170_SKII15342-R2JC-YY2-260603175804,B170,LC003182-S01-D01-LPD-D503D742,1321356,1306132,0.9885,0.139,150,130,0.95,0.9,0.51,1032320,0.96,1,3326.67,0.9595,0.3953,0.3981,0.0782,0.0479,0.9634,0.8429,1,1,1,0.9997,1,0.9997,1,0.9962,1,0.931,84,0,100.0%(84),100.0%(84),100.0%(84),100.0%(84),100.0%(84),100.0%(84),100.0%(84),97.62%(82),合格
260603175803_B170_SKII15342-R2JC-YY2-260603175804,B170,LC001881-S02-D01-LPD-D503D744,1275352,1252822,0.9823,0.1445,150,129,0.95,0.9,0.51,993401,0.9307,0.9983,3093.48,0.9299,0.4438,0.3544,0.0309,0.0458,0.97,0.8047,1,1,1,0.9994,1,0.9997,0.9997,0.9843,0.9919,0.9321,84,0,100.0%(84),100.0%(84),100.0%(84),100.0%(84),100.0%(84),100.0%(84),100.0%(84),97.62%(82),合格
260603175803_B170_SKII15342-R2JC-YY2-260603175804,B170,LC002160-S01-D01-LPD-D502D741,1105420,1099100,0.9943,0.1409,150,129,0.95,0.91,0.5,1064146,0.9483,0.9975,3107.27,0.911,0.5472,0.2839,0.021,0.0163,0.9522,0.7489,1,1,0.9998,0.9974,1,0.9914,1,0.9262,0.9994,0.9304,84,0,100.0%(84),100.0%(84),100.0%(84),100.0%(84),100.0%(84),100.0%(84),100.0%(84),98.81%(83),合格
260603175803_B170_SKII15342-R2JC-YY2-260603175804,B170,LC002397-S01-D01-LPD-D503D720,1582156,1573954,0.9948,0.1288,150,131,0.95,0.9,0.51,1059281,0.9674,0.9966,3303.24,0.9278,0.5483,0.2521,0.046,0.0405,0.9761,0.9541,1,1,1,0.9996,1,0.9997,1,0.999,1,0.9321,84,0,100.0%(84),100.0%(84),100.0%(84),100.0%(84),100.0%(84),100.0%(84),100.0%(84),100.0%(84),合格
260603175803_B170_SKII15342-R2JC-YY2-260603175804,B170,LC002134-S01-D01-LPD-D503D721,1383086,1369540,0.9902,0.136,150,130,0.94,0.9,0.53,983760,0.9098,0.9968,2997.23,0.9134,0.4709,0.2815,0.0417,0.0522,0.9752,0.9671,1,1,1,0.9996,1,0.9997,1,0.999,1,0.9343,84,0,100.0%(84),100.0%(84),100.0%(84),100.0%(84),100.0%(84),100.0%(84),100.0%(84),98.81%(83),合格
260603175803_B170_SKII15342-R2JC-YY2-260603175804,B170,LC002136-S01-D01-LPD-D503D722,1303356,1284730,0.9857,0.1395,150,130,0.94,0.9,0.52,996392,0.9285,0.9988,3081.78,0.9227,0.4719,0.2947,0.0437,0.0553,0.971,0.824,1,1,1,0.9993,1,0.9997,1,0.999,1,0.9324,84,0,100.0%(84),100.0%(84),100.0%(84),100.0%(84),100.0%(84),100.0%(84),100.0%(84),98.81%(83),不合格
260603175803_B170_SKII15342-R2JC-YY2-260603175804,B170,LC002325-S01-D01-LPD-D503D725,1378080,1367326,0.9922,0.155,150,127,0.95,0.9,0.52,1075283,0.9682,0.9966,3294.16,0.9508,0.422,0.3669,0.0766,0.047,0.9425,0.8067,1,1,1,0.9998,1,0.9997,1,0.9984,1,0.931,84,0,100.0%(84),100.0%(84),100.0%(84),100.0%(84),100.0%(84),100.0%(84),100.0%(84),97.62%(82),合格
260603175803_B170_SKII15342-R2JC-YY2-260603175804,B170,LC002328-S01-D01-LPD-D503D726,1210560,1199786,0.9911,0.1541,150,127,0.95,0.9,0.52,1075622,0.9695,0.9967,3321.43,0.9564,0.4146,0.3611,0.0873,0.0493,0.9475,0.8128,1,1,1,0.9997,1,0.9924,1,0.9987,1,0.9315,84,0,100.0%(84),100.0%(84),100.0%(84),100.0%(84),100.0%(84),100.0%(84),100.0%(84),97.62%(82),合格
260603175803_B170_SKII15342-R2JC-YY2-260603175804,B170,LC002331-S01-D01-LPD-D503D727,1188750,1180886,0.9934,0.1417,150,129,0.95,0.9,0.52,1094810,0.968,0.9926,3351.15,0.9508,0.4014,0.3816,0.0785,0.0541,0.9282,0.7485,1,1,1,0.9993,1,0.9997,1,0.9939,0.9592,0.9324,84,0,100.0%(84),100.0%(84),100.0%(84),100.0%(84),100.0%(84),100.0%(84),100.0%(84),96.43%(81),合格
260603175803_B170_SKII15342-R2JC-YY2-260603175804,B170,LC002348-S01-D01-LPD-D503D728,1292918,1287074,0.9955,0.1159,150,133,0.95,0.9,0.52,1042639,0.9547,0.994,3135.12,0.8801,0.5518,0.2203,0.0337,0.0332,0.9776,0.9517,1,1,1,0.9996,1,0.9997,1,0.9901,0.9665,0.9329,84,0,100.0%(84),100.0%(84),100.0%(84),100.0%(84),100.0%(84),100.0%(84),100.0%(84),100.0%(84),合格
260605154758_B177_SKII15350-R2JC-YY2-260605154803,B177,LC002351-S01-D01-LPD-D503D729,1251556,1237906,0.9891,0.1426,150,129,0.94,0.9,0.52,1045183,0.9558,0.9971,3171.2,0.9202,0.4404,0.3148,0.0415,0.0633,0.9714,0.9528,1,1,1,0.9996,1,0.9936,1,0.999,0.9992,0.9326,86,0,100.0%(86),100.0%(86),100.0%(86),100.0%(86),100.0%(86),100.0%(86),100.0%(86),98.84%(85),合格
260605154758_B177_SKII15350-R2JC-YY2-260605154803,B177,LC002375-S01-D01-LPD-D503D730,1257574,1226524,0.9753,0.1577,150,128,0.94,0.9,0.51,963909,0.9088,0.9956,2983.78,0.9359,0.4693,0.3513,0.0284,0.0478,0.9748,0.7339,1,1,1,0.9984,1,0.9936,1,0.9808,0.988,0.9321,86,0,100.0%(86),100.0%(86),100.0%(86),100.0%(86),100.0%(86),100.0%(86),100.0%(86),97.67%(84),合格
260605154758_B177_SKII15350-R2JC-YY2-260605154803,B177,LC002394-S01-D01-LPD-D503D731,1488118,1479376,0.9941,0.1446,150,128,0.94,0.9,0.52,1075124,0.9704,0.9968,3347.78,0.9541,0.4373,0.3472,0.0677,0.0495,0.9611,0.8661,1,1,1,0.9998,1,0.9997,1,0.999,1,0.8566,86,0,100.0%(86),100.0%(86),100.0%(86),100.0%(86),100.0%(86),100.0%(86),100.0%(86),96.51%(83),合格
260605154758_B177_SKII15350-R2JC-YY2-260605154803,B177,LC002395-S01-D01-LPD-D503D732,1254172,1244152,0.992,0.1551,150,127,0.94,0.9,0.52,1057342,0.9678,0.9963,3305,0.9607,0.4219,0.383,0.0804,0.043,0.9635,0.7677,1,1,1,0.9997,1,0.9997,0.9997,0.9693,0.998,0.934,86,0,100.0%(86),100.0%(86),100.0%(86),100.0%(86),100.0%(86),100.0%(86),100.0%(86),97.67%(84),合格
260605154758_B177_SKII15350-R2JC-YY2-260605154803,B177,LC002653-S01-D01-LPD-D503D733,1259542,1252666,0.9945,0.1162,150,133,0.94,0.9,0.52,1037887,0.9557,0.9962,3247.72,0.9135,0.5563,0.2302,0.0435,0.0395,0.9773,0.9528,1,1,1,0.9995,1,0.9997,1,0.9904,0.9911,0.9324,86,0,100.0%(86),100.0%(86),100.0%(86),100.0%(86),100.0%(86),100.0%(86),100.0%(86),100.0%(86),合格
260605154758_B177_SKII15350-R2JC-YY2-260605154803,B177,LC002657-S01-D01-LPD-D503D734,1035654,1013808,0.9789,0.1411,150,130,0.94,0.9,0.51,975726,0.9151,0.9909,3033.67,0.9277,0.5899,0.2388,0.024,0.0466,0.9776,0.7215,1,1,0.9999,0.9981,1,0.9997,0.9997,0.9626,0.9419,0.9374,86,0,100.0%(86),100.0%(86),100.0%(86),100.0%(86),100.0%(86),100.0%(86),100.0%(86),98.84%(85),合格
260605154758_B177_SKII15350-R2JC-YY2-260605154803,B177,LC002659-S01-D01-LPD-D503D735,1417030,1407564,0.9933,0.1353,150,130,0.94,0.9,0.51,1060753,0.9724,0.9966,3342.54,0.9422,0.5839,0.2372,0.0475,0.0386,0.9759,0.8094,1,1,1,0.9995,1,0.9921,1,0.9936,0.9994,0.9315,86,0,100.0%(86),100.0%(86),100.0%(86),100.0%(86),100.0%(86),100.0%(86),100.0%(86),100.0%(86),合格
260605154758_B177_SKII15350-R2JC-YY2-260605154803,B177,LC002978-S01-D01-LPD-D503D737,1475720,1466046,0.9934,0.1361,150,130,0.95,0.9,0.52,1068225,0.9704,0.9966,3355.14,0.9462,0.4902,0.3139,0.0555,0.0429,0.9744,0.9191,1,1,1,0.9997,1,0.9997,1,0.9939,1,0.9321,86,0,100.0%(86),100.0%(86),100.0%(86),100.0%(86),100.0%(86),100.0%(86),100.0%(86),100.0%(86),合格
260605154758_B177_SKII15350-R2JC-YY2-260605154803,B177,LC003171-S01-D01-LPD-D503D738,1242772,1234606,0.9934,0.136,150,130,0.94,0.9,0.52,1058262,0.9742,0.9952,3419.11,0.9675,0.388,0.4281,0.0859,0.0373,0.9515,0.7958,1,1,1,0.9998,1,0.9997,1,0.9827,0.9855,0.931,86,0,100.0%(86),100.0%(86),100.0%(86),100.0%(86),100.0%(86),100.0%(86),100.0%(86),96.51%(83),合格
260605154758_B177_SKII15350-R2JC-YY2-260605154803,B177,LC003178-S01-D01-LPD-D503D739,1246754,1238980,0.9938,0.1424,150,129,0.94,0.9,0.52,1068659,0.9736,0.9967,3343.99,0.9476,0.5034,0.3048,0.0544,0.0486,0.9695,0.8827,1,1,1,0.9997,1,0.9997,1,0.9984,1,0.9321,86,0,100.0%(86),100.0%(86),100.0%(86),100.0%(86),100.0%(86),100.0%(86),100.0%(86),98.84%(85),合格
260605154758_B177_SKII15350-R2JC-YY2-260605154803,B177,CN001477-S09-D03-LPD-D502D733,889510,885570,0.9956,0.1261,150,131,0.94,0.9,0.52,931295,0.955,0.996,2841.89,0.9184,0.4731,0.304,0.0417,0.023,0.9354,0.8438,1,1,0.9999,0.9979,1,0.9985,0.9997,0.9351,0.9994,0.9581,86,0,100.0%(86),100.0%(86),100.0%(86),100.0%(86),100.0%(86),100.0%(86),100.0%(86),96.51%(83),合格
260605154758_B177_SKII15350-R2JC-YY2-260605154803,B177,LC003179-S01-D01-LPD-D503D740,1298308,1288192,0.9922,0.1439,150,129,0.94,0.9,0.51,1027852,0.9575,0.9921,3303.82,0.9642,0.4381,0.3614,0.0814,0.0429,0.967,0.8132,1,1,1,0.9997,1,0.9997,1,0.9984,0.9553,0.931,86,0,100.0%(86),100.0%(86),100.0%(86),100.0%(86),100.0%(86),100.0%(86),100.0%(86),98.84%(85),合格
260605154758_B177_SKII15350-R2JC-YY2-260605154803,B177,LC003181-S01-D01-LPD-D503D741,1348494,1337532,0.9919,0.1549,150,127,0.94,0.9,0.52,1070475,0.9714,0.9967,3261.12,0.9384,0.5534,0.2479,0.0519,0.0435,0.9633,0.9121,1,1,1,0.9995,1,0.9997,1,0.9987,1,0.9321,86,0,100.0%(86),100.0%(86),100.0%(86),100.0%(86),100.0%(86),100.0%(86),100.0%(86),96.51%(83),合格
260605154758_B177_SKII15350-R2JC-YY2-260605154803,B177,LC003182-S01-D01-LPD-D503D742,1299002,1282770,0.9875,0.1443,150,129,0.94,0.9,0.51,1030329,0.9602,0.9966,3302.53,0.9592,0.3954,0.3959,0.0795,0.0478,0.967,0.8436,1,1,1,0.9997,1,0.9997,1,0.9978,1,0.9315,86,0,100.0%(86),100.0%(86),100.0%(86),100.0%(86),100.0%(86),100.0%(86),100.0%(86),97.67%(84),合格
260605154758_B177_SKII15350-R2JC-YY2-260605154803,B177,LC001881-S02-D01-LPD-D503D744,1271116,1246530,0.9807,0.149,150,129,0.94,0.9,0.51,990716,0.9299,0.9959,3071.98,0.9295,0.4462,0.3512,0.0312,0.0463,0.9723,0.7883,1,1,1,0.9993,1,0.9997,0.999,0.9444,0.9768,0.9315,86,0,100.0%(86),100.0%(86),100.0%(86),100.0%(86),100.0%(86),100.0%(86),100.0%(86),97.67%(84),合格
260605154758_B177_SKII15350-R2JC-YY2-260605154803,B177,LC002160-S01-D01-LPD-D502D741,1076824,1069990,0.9937,0.1461,150,128,0.95,0.9,0.5,1060836,0.9494,0.998,3089.04,0.9114,0.549,0.2826,0.0209,0.0162,0.9534,0.7378,1,1,0.9998,0.9974,1,0.9902,1,0.9134,0.9994,0.9307,86,0,100.0%(86),100.0%(86),100.0%(86),100.0%(86),100.0%(86),100.0%(86),100.0%(86),98.84%(85),合格
260605154758_B177_SKII15350-R2JC-YY2-260605154803,B177,LC002397-S01-D01-LPD-D503D720,1580322,1571694,0.9945,0.1337,150,130,0.94,0.9,0.51,1056390,0.967,0.9965,3285.01,0.9286,0.5496,0.2508,0.046,0.0409,0.9759,0.9518,1,1,1,0.9996,1,0.9997,1,0.999,0.9986,0.9324,86,0,100.0%(86),100.0%(86),100.0%(86),100.0%(86),100.0%(86),100.0%(86),100.0%(86),100.0%(86),合格
260605154758_B177_SKII15350-R2JC-YY2-260605154803,B177,LC002134-S01-D01-LPD-D503D721,1365726,1351144,0.9893,0.14,150,130,0.94,0.9,0.53,979850,0.9088,0.9994,2978.83,0.9143,0.473,0.2797,0.0425,0.0526,0.9756,0.9663,1,1,1,0.9996,1,0.9997,1,0.999,1,0.9343,86,0,100.0%(86),100.0%(86),100.0%(86),100.0%(86),100.0%(86),100.0%(86),100.0%(86),98.84%(85),合格
260605154758_B177_SKII15350-R2JC-YY2-260605154803,B177,LC002136-S01-D01-LPD-D503D722,1282240,1262776,0.9848,0.1445,150,129,0.94,0.9,0.52,992951,0.9275,0.9966,3055.36,0.922,0.4713,0.2936,0.0442,0.0559,0.9699,0.8379,1,1,1,0.9994,1,0.9997,1,0.999,1,0.9324,86,0,100.0%(86),100.0%(86),100.0%(86),100.0%(86),100.0%(86),100.0%(86),100.0%(86),98.84%(85),合格
260605154758_B177_SKII15350-R2JC-YY2-260605154803,B177,LC002325-S01-D01-LPD-D503D725,1364330,1352332,0.9912,0.1601,150,126,0.94,0.9,0.52,1073128,0.9687,0.9951,3272.6,0.9515,0.4262,0.3637,0.0761,0.0473,0.94,0.7989,1,1,1,0.9998,1,0.9997,1,0.9837,0.9849,0.931,86,0,100.0%(86),100.0%(86),100.0%(86),100.0%(86),100.0%(86),100.0%(86),100.0%(86),97.67%(84),合格
260605154758_B177_SKII15350-R2JC-YY2-260605154803,B177,LC002328-S01-D01-LPD-D503D726,1217876,1206560,0.9907,0.1586,150,127,0.95,0.9,0.52,1073034,0.9693,0.9953,3297.45,0.9562,0.4161,0.3593,0.0881,0.0489,0.9484,0.8145,1,1,1,0.9997,1,0.9936,1,0.9987,0.9866,0.9312,86,0,100.0%(86),100.0%(86),100.0%(86),100.0%(86),100.0%(86),100.0%(86),100.0%(86),97.67%(84),合格
260605154758_B177_SKII15350-R2JC-YY2-260605154803,B177,LC002331-S01-D01-LPD-D503D727,1172380,1163796,0.9927,0.1473,150,128,0.94,0.9,0.52,1091298,0.9682,0.9902,3327.93,0.9512,0.403,0.38,0.0785,0.0543,0.9329,0.7515,1,1,1,0.9994,1,0.9997,1,0.9981,0.9349,0.9321,86,0,100.0%(86),100.0%(86),100.0%(86),100.0%(86),100.0%(86),98.84%(85),98.84%(85),95.35%(82),合格
260605154758_B177_SKII15350-R2JC-YY2-260605154803,B177,LC002348-S01-D01-LPD-D503D728,1279614,1272542,0.9945,0.1208,150,132,0.94,0.9,0.52,1039848,0.954,0.9935,3118.06,0.881,0.5543,0.219,0.0335,0.0332,0.9781,0.9432,1,1,1,0.9995,1,0.9997,1,0.9923,0.9679,0.9324,86,0,100.0%(86),100.0%(86),100.0%(86),100.0%(86),100.0%(86),100.0%(86),100.0%(86),100.0%(86),合格
260701150403_B169_SKII15399-R2JC-3-YY2-260701150404,B169,LC002351-S01-D01-LPD-D503D729,1187102,1176444,99.10%,12.80%,150,131,0.95,0.91,0.52,1050696,95.35%,99.63%,3219.37,91.98%,43.34%,31.59%,4.24%,6.54%,97.18%,95.73%,100.00%,100.00%,100.00%,99.95%,100.00%,99.36%,100.00%,99.90%,99.69%,93.24%,86,0,100.0%(86),100.0%(86),100.0%(86),100.0%(86),100.0%(86),100.0%(86),100.0%(86),98.84%(85),合格
260701150403_B169_SKII15399-R2JC-3-YY2-260701150404,B169,LC002375-S01-D01-LPD-D503D730,1183928,1160170,97.99%,14.23%,150,130,0.96,0.92,0.51,966477,90.57%,99.13%,3025.73,93.62%,46.48%,35.43%,2.92%,4.81%,97.47%,73.49%,100.00%,100.00%,100.00%,99.84%,100.00%,99.39%,100.00%,95.81%,94.52%,93.21%,86,0,100.0%(86),100.0%(86),100.0%(86),100.0%(86),100.0%(86),100.0%(86),100.0%(86),98.84%(85),合格
260701150403_B169_SKII15399-R2JC-3-YY2-260701150404,B169,LC002394-S01-D01-LPD-D503D731,1393418,1386708,99.52%,13.11%,150,130,0.96,0.92,0.52,1083167,96.86%,99.67%,3402.13,95.46%,43.24%,34.85%,7.00%,5.04%,95.65%,86.62%,100.00%,100.00%,100.00%,99.97%,100.00%,99.97%,100.00%,99.90%,100.00%,85.63%,86,0,100.0%(86),100.0%(86),100.0%(86),100.0%(86),100.0%(86),100.0%(86),100.0%(86),97.67%(84),合格
260701150403_B169_SKII15399-R2JC-3-YY2-260701150404,B169,LC002395-S01-D01-LPD-D503D732,1172526,1165180,99.37%,14.02%,150,129,0.95,0.92,0.52,1063365,96.60%,99.50%,3361.70,96.07%,41.75%,38.43%,8.23%,4.42%,95.98%,77.34%,100.00%,100.00%,100.00%,99.97%,100.00%,99.97%,100.00%,98.08%,98.24%,93.40%,86,0,100.0%(86),100.0%(86),100.0%(86),100.0%(86),100.0%(86),100.0%(86),100.0%(86),97.67%(84),合格
260701150403_B169_SKII15399-R2JC-3-YY2-260701150404,B169,LC002653-S01-D01-LPD-D503D733,1201762,1196312,99.55%,10.45%,150,134,0.95,0.91,0.52,1041585,95.32%,99.83%,3278.12,91.12%,55.05%,23.06%,4.47%,4.05%,97.73%,95.78%,100.00%,100.00%,100.00%,99.97%,100.00%,99.97%,100.00%,99.90%,100.00%,93.24%,86,0,100.0%(86),100.0%(86),100.0%(86),100.0%(86),100.0%(86),100.0%(86),100.0%(86),100.0%(86),合格
260701150403_B169_SKII15399-R2JC-3-YY2-260701150404,B169,LC002657-S01-D01-LPD-D503D734,983082,966064,98.27%,12.66%,150,132,0.95,0.92,0.51,947053,91.32%,99.07%,2966.92,92.79%,58.38%,24.07%,2.48%,4.93%,97.83%,72.76%,100.00%,100.00%,99.99%,99.78%,100.00%,99.97%,100.00%,97.41%,94.05%,93.68%,86,0,100.0%(86),100.0%(86),100.0%(86),100.0%(86),100.0%(86),100.0%(86),100.0%(86),98.84%(85),合格
260701150403_B169_SKII15399-R2JC-3-YY2-260701150404,B169,LC002659-S01-D01-LPD-D503D735,1331654,1324594,99.47%,12.21%,150,132,0.96,0.92,0.51,1066482,97.00%,99.02%,3386.02,94.15%,57.92%,23.69%,4.90%,4.01%,97.56%,80.43%,100.00%,100.00%,100.00%,99.96%,100.00%,99.18%,100.00%,99.71%,93.54%,93.21%,86,0,100.0%(86),100.0%(86),100.0%(86),100.0%(86),100.0%(86),100.0%(86),100.0%(86),100.0%(86),合格
260701150403_B169_SKII15399-R2JC-3-YY2-260701150404,B169,LC002978-S01-D01-LPD-D503D737,1461782,1454182,99.48%,12.04%,150,132,0.96,0.92,0.52,1075585,96.80%,99.90%,3409.75,94.53%,48.21%,31.53%,5.80%,4.49%,97.38%,93.96%,100.00%,100.00%,100.00%,99.97%,100.00%,99.97%,100.00%,99.90%,100.00%,93.21%,86,0,100.0%(86),100.0%(86),100.0%(86),100.0%(86),100.0%(86),100.0%(86),100.0%(86),100.0%(86),合格
260701150403_B169_SKII15399-R2JC-3-YY2-260701150404,B169,LC003171-S01-D01-LPD-D503D738,1182182,1175742,99.46%,12.30%,150,131,0.96,0.92,0.52,1064919,97.25%,99.62%,3468.31,96.72%,38.27%,42.91%,8.81%,3.84%,94.41%,79.68%,100.00%,100.00%,100.00%,99.97%,100.00%,99.97%,100.00%,97.41%,99.50%,93.07%,86,0,100.0%(86),100.0%(86),100.0%(86),100.0%(86),100.0%(86),100.0%(86),100.0%(86),97.67%(84),合格
260701150403_B169_SKII15399-R2JC-3-YY2-260701150404,B169,LC003178-S01-D01-LPD-D503D739,1171536,1165926,99.52%,12.90%,150,131,0.96,0.92,0.52,1075316,97.16%,99.66%,3393.73,94.74%,49.87%,30.50%,5.56%,5.07%,96.98%,90.35%,100.00%,100.00%,100.00%,99.97%,100.00%,99.97%,100.00%,99.90%,99.94%,93.21%,86,0,100.0%(86),100.0%(86),100.0%(86),100.0%(86),100.0%(86),100.0%(86),100.0%(86),98.84%(85),合格
260701150403_B169_SKII15399-R2JC-3-YY2-260701150404,B169,CN001477-S09-D03-LPD-D502D733,857128,854076,99.64%,11.25%,150,133,0.95,0.92,0.52,904104,95.29%,99.84%,2777.10,91.72%,46.59%,30.65%,4.28%,2.37%,93.62%,84.57%,100.00%,100.00%,99.96%,99.79%,100.00%,99.82%,100.00%,93.70%,100.00%,94.86%,86,0,100.0%(86),100.0%(86),100.0%(86),100.0%(86),100.0%(86),100.0%(86),100.0%(86),95.35%(82),合格
260701150403_B169_SKII15399-R2JC-3-YY2-260701150404,B169,LC003179-S01-D01-LPD-D503D740,1216940,1209578,99.40%,13.06%,150,130,0.96,0.92,0.51,1032883,95.58%,99.22%,3350.49,96.39%,43.20%,36.21%,8.35%,4.45%,96.70%,80.53%,100.00%,100.00%,100.00%,99.96%,100.00%,99.97%,100.00%,99.90%,93.54%,93.15%,86,0,100.0%(86),100.0%(86),100.0%(86),100.0%(86),100.0%(86),100.0%(86),100.0%(86),98.84%(85),合格
260701150403_B169_SKII15399-R2JC-3-YY2-260701150404,B169,LC003181-S01-D01-LPD-D503D741,1261324,1252742,99.32%,14.17%,150,129,0.95,0.92,0.52,1076928,96.96%,99.66%,3309.05,93.73%,54.94%,24.81%,5.27%,4.44%,96.26%,92.80%,100.00%,100.00%,100.00%,99.95%,100.00%,99.97%,100.00%,99.74%,100.00%,93.21%,86,0,100.0%(86),100.0%(86),100.0%(86),100.0%(86),100.0%(86),100.0%(86),100.0%(86),95.35%(82),合格
260701150403_B169_SKII15399-R2JC-3-YY2-260701150404,B169,LC003182-S01-D01-LPD-D503D742,1221934,1209818,99.01%,12.96%,150,131,0.96,0.92,0.51,1035235,95.85%,99.66%,3358.04,96.00%,39.17%,39.59%,8.10%,4.99%,96.40%,84.96%,100.00%,100.00%,100.00%,99.97%,100.00%,99.97%,100.00%,99.78%,99.94%,93.15%,86,0,100.0%(86),100.0%(86),100.0%(86),100.0%(86),100.0%(86),100.0%(86),100.0%(86),98.84%(85),合格
260701150403_B169_SKII15399-R2JC-3-YY2-260701150404,B169,LC001881-S02-D01-LPD-D503D744,1196698,1178434,98.47%,13.39%,150,131,0.95,0.92,0.51,994440,92.82%,99.34%,3115.13,92.91%,43.90%,35.35%,3.24%,4.77%,97.13%,79.17%,100.00%,100.00%,100.00%,99.92%,100.00%,99.97%,99.97%,94.98%,96.73%,93.18%,86,0,100.0%(86),100.0%(86),100.0%(86),100.0%(86),100.0%(86),100.0%(86),100.0%(86),97.67%(84),合格
260701150403_B169_SKII15399-R2JC-3-YY2-260701150404,B169,LC002160-S01-D01-LPD-D502D741,1022044,1016972,99.50%,13.14%,150,130,0.96,0.92,0.50,1068521,94.57%,99.85%,3126.43,90.93%,54.52%,28.21%,2.14%,1.73%,95.40%,75.69%,100.00%,100.00%,99.97%,99.76%,100.00%,99.11%,99.94%,93.42%,99.94%,93.10%,86,0,100.0%(86),100.0%(86),100.0%(86),100.0%(86),100.0%(86),100.0%(86),100.0%(86),100.0%(86),合格
260701150403_B169_SKII15399-R2JC-3-YY2-260701150404,B169,LC002397-S01-D01-LPD-D503D720,1474884,1468064,99.54%,12.13%,150,132,0.96,0.92,0.51,1062486,96.51%,99.80%,3327.24,92.77%,54.37%,25.21%,4.69%,4.24%,97.57%,95.56%,100.00%,100.00%,100.00%,99.96%,100.00%,99.97%,100.00%,99.84%,100.00%,93.24%,86,0,100.0%(86),100.0%(86),100.0%(86),100.0%(86),100.0%(86),100.0%(86),100.0%(86),100.0%(86),合格
260701150403_B169_SKII15399-R2JC-3-YY2-260701150404,B169,LC002134-S01-D01-LPD-D503D721,1282762,1271682,99.14%,12.62%,150,131,0.95,0.91,0.53,984754,90.66%,99.82%,3017.12,91.35%,46.82%,27.89%,4.35%,5.42%,97.59%,96.76%,100.00%,100.00%,100.00%,99.95%,100.00%,99.97%,100.00%,99.94%,100.00%,93.43%,86,0,100.0%(86),100.0%(86),100.0%(86),100.0%(86),100.0%(86),100.0%(86),100.0%(86),98.84%(85),合格
260701150403_B169_SKII15399-R2JC-3-YY2-260701150404,B169,LC002136-S01-D01-LPD-D503D722,1206244,1191882,98.81%,13.02%,150,131,0.95,0.91,0.52,999078,92.67%,100.00%,3098.82,92.11%,46.57%,29.43%,4.51%,5.70%,96.94%,83.10%,100.00%,100.00%,100.00%,99.90%,100.00%,99.97%,100.00%,99.90%,100.00%,93.24%,86,0,100.0%(86),100.0%(86),100.0%(86),100.0%(86),100.0%(86),100.0%(86),100.0%(86),98.84%(85),合格
260701150403_B169_SKII15399-R2JC-3-YY2-260701150404,B169,LC002325-S01-D01-LPD-D503D725,1282136,1272816,99.27%,14.60%,150,128,0.96,0.92,0.52,1080424,96.63%,99.64%,3325.64,95.11%,41.85%,36.55%,7.88%,4.89%,94.36%,80.38%,100.00%,100.00%,100.00%,99.97%,100.00%,99.97%,100.00%,99.78%,99.78%,93.10%,86,0,100.0%(86),100.0%(86),100.0%(86),100.0%(86),100.0%(86),100.0%(86),100.0%(86),97.67%(84),合格
260701150403_B169_SKII15399-R2JC-3-YY2-260701150404,B169,LC002328-S01-D01-LPD-D503D726,1161756,1152466,99.20%,14.40%,150,129,0.96,0.92,0.52,1080675,96.70%,99.64%,3355.89,95.63%,41.22%,35.87%,9.02%,5.05%,94.17%,80.47%,100.00%,100.00%,100.00%,99.98%,100.00%,99.36%,100.00%,99.90%,99.75%,93.18%,86,0,100.0%(86),100.0%(86),100.0%(86),100.0%(86),100.0%(86),100.0%(86),100.0%(86),97.67%(84),合格
260701150403_B169_SKII15399-R2JC-3-YY2-260701150404,B169,LC002331-S01-D01-LPD-D503D727,1105128,1098424,99.39%,13.31%,150,130,0.95,0.91,0.52,1100000,96.59%,99.03%,3379.92,95.08%,39.96%,37.96%,7.99%,5.54%,92.65%,75.19%,100.00%,100.00%,100.00%,99.93%,100.00%,99.97%,100.00%,99.74%,93.49%,93.21%,86,0,100.0%(86),100.0%(86),100.0%(86),100.0%(86),100.0%(86),98.84%(85),98.84%(85),95.35%(82),合格
260701150403_B169_SKII15399-R2JC-3-YY2-260701150404,B169,LC002348-S01-D01-LPD-D503D728,1205804,1200396,99.55%,10.82%,150,134,0.95,0.92,0.52,1045303,95.21%,99.67%,3152.06,87.91%,54.89%,21.97%,3.47%,3.43%,97.83%,95.19%,100.00%,100.00%,100.00%,99.94%,100.00%,99.97%,100.00%,98.72%,98.85%,93.21%,86,0,100.0%(86),100.0%(86),100.0%(86),100.0%(86),100.0%(86),100.0%(86),100.0%(86),100.0%(86),合格
BGISEQ_0707,0707,LC002351-S01-D01-LPD-D503D729,849574,818680,96.36%,9.53%,150,135,0.99,0.98,0.52,869985,95.35%,99.98%,2685.74,92.13%,42.65%,31.88%,4.48%,6.64%,95.40%,95.98%,100.00%,100.00%,100.00%,99.95%,100.00%,99.36%,100.00%,99.90%,99.92%,93.24%,86,0,100.0%(86),100.0%(86),100.0%(86),100.0%(86),100.0%(86),100.0%(86),98.84%(85),97.67%(84),合格
BGISEQ_0707,0707,LC002375-S01-D01-LPD-D503D730,912958,878282,96.20%,10.06%,150,135,0.98,0.97,0.51,864521,91.51%,99.53%,2732.49,93.77%,45.85%,35.76%,3.07%,4.91%,95.72%,73.80%,100.00%,100.00%,100.00%,99.83%,100.00%,99.39%,100.00%,99.78%,97.26%,93.21%,86,0,100.0%(86),100.0%(86),100.0%(86),100.0%(86),100.0%(86),100.0%(86),98.84%(85),97.67%(84),合格
BGISEQ_0707,0707,LC002394-S01-D01-LPD-D503D731,1134378,1093476,96.39%,9.78%,150,135,0.98,0.97,0.52,1094104,96.60%,99.68%,3465.89,95.49%,42.65%,34.83%,7.44%,5.10%,95.01%,86.97%,100.00%,100.00%,100.00%,99.98%,100.00%,99.97%,100.00%,99.90%,100.00%,85.66%,86,0,100.0%(86),100.0%(86),100.0%(86),100.0%(86),100.0%(86),100.0%(86),98.84%(85),96.51%(83),合格
BGISEQ_0707,0707,LC002395-S01-D01-LPD-D503D732,1039198,1002316,96.45%,10.42%,150,134,0.99,0.97,0.51,1075973,96.44%,99.29%,3439.89,96.16%,41.02%,38.46%,8.78%,4.55%,94.48%,77.26%,100.00%,100.00%,100.00%,99.97%,100.00%,99.97%,100.00%,96.80%,95.25%,93.38%,86,0,100.0%(86),100.0%(86),100.0%(86),100.0%(86),100.0%(86),100.0%(86),100.0%(86),96.51%(83),合格
BGISEQ_0707,0707,LC002653-S01-D01-LPD-D503D733,952420,916320,96.21%,7.77%,150,138,0.98,0.97,0.52,964199,95.30%,99.80%,3048.05,91.26%,54.42%,23.29%,4.73%,4.25%,96.07%,95.83%,100.00%,100.00%,100.00%,99.96%,100.00%,99.97%,100.00%,99.68%,99.97%,93.24%,86,0,100.0%(86),100.0%(86),100.0%(86),100.0%(86),100.0%(86),100.0%(86),100.0%(86),98.84%(85),合格
BGISEQ_0707,0707,LC002657-S01-D01-LPD-D503D734,691078,664080,96.09%,9.26%,150,136,0.98,0.97,0.51,658842,91.75%,99.19%,2073.71,92.99%,57.99%,24.27%,2.66%,5.04%,97.56%,73.29%,100.00%,100.00%,99.98%,99.38%,100.00%,99.94%,100.00%,93.90%,94.10%,93.68%,86,0,100.0%(86),100.0%(86),100.0%(86),100.0%(86),100.0%(86),100.0%(86),100.0%(86),96.51%(83),合格
BGISEQ_0707,0707,LC002659-S01-D01-LPD-D503D735,1188746,1145050,96.32%,9.26%,150,136,0.99,0.98,0.51,1075589,96.83%,99.66%,3440.52,94.30%,57.29%,23.92%,5.21%,4.09%,97.29%,82.13%,100.00%,100.00%,100.00%,99.95%,100.00%,99.14%,100.00%,98.40%,100.00%,93.18%,86,0,100.0%(86),100.0%(86),100.0%(86),100.0%(86),100.0%(86),100.0%(86),100.0%(86),100.0%(86),合格
BGISEQ_0707,0707,LC002978-S01-D01-LPD-D503D737,1196898,1154144,96.43%,9.31%,150,136,0.99,0.98,0.52,1084366,96.69%,99.67%,3457.32,94.72%,47.73%,31.53%,6.13%,4.61%,95.60%,94.64%,100.00%,100.00%,100.00%,99.97%,100.00%,99.97%,100.00%,99.11%,100.00%,93.26%,86,0,100.0%(86),100.0%(86),100.0%(86),100.0%(86),100.0%(86),100.0%(86),100.0%(86),97.67%(84),合格
BGISEQ_0707,0707,LC003171-S01-D01-LPD-D503D738,958222,924054,96.43%,9.58%,150,135,0.99,0.98,0.52,991200,97.12%,99.29%,3249.72,96.81%,37.57%,42.85%,9.41%,3.95%,94.32%,79.74%,100.00%,100.00%,100.00%,99.98%,100.00%,99.97%,100.00%,97.83%,96.20%,93.01%,86,0,100.0%(86),100.0%(86),100.0%(86),100.0%(86),100.0%(86),100.0%(86),100.0%(86),95.35%(82),合格
BGISEQ_0707,0707,LC003178-S01-D01-LPD-D503D739,900408,867628,96.36%,9.81%,150,135,0.99,0.98,0.52,941560,96.94%,99.66%,2996.69,94.89%,49.31%,30.59%,6.00%,5.12%,95.16%,90.11%,100.00%,100.00%,100.00%,99.97%,100.00%,99.97%,100.00%,99.84%,100.00%,93.21%,86,0,100.0%(86),100.0%(86),100.0%(86),100.0%(86),100.0%(86),100.0%(86),100.0%(86),95.35%(82),合格
BGISEQ_0707,0707,CN001477-S09-D03-LPD-D502D733,585660,574384,98.07%,7.52%,150,138,0.99,0.98,0.52,619635,95.29%,99.64%,1930.39,91.93%,46.03%,31.18%,4.44%,2.39%,92.31%,84.58%,100.00%,100.00%,99.98%,99.73%,100.00%,99.69%,99.97%,93.51%,100.00%,93.35%,86,0,100.0%(86),100.0%(86),100.0%(86),100.0%(86),100.0%(86),98.84%(85),96.51%(83),91.86%(79),合格
BGISEQ_0707,0707,LC003179-S01-D01-LPD-D503D740,1011582,975274,96.41%,10.03%,150,135,0.99,0.98,0.51,1018217,95.72%,99.40%,3334.14,96.52%,42.47%,36.28%,8.98%,4.53%,95.09%,81.25%,100.00%,100.00%,100.00%,99.96%,100.00%,99.97%,100.00%,99.90%,96.37%,93.10%,86,0,100.0%(86),100.0%(86),100.0%(86),100.0%(86),100.0%(86),100.0%(86),100.0%(86),97.67%(84),合格
BGISEQ_0707,0707,LC003181-S01-D01-LPD-D503D741,921592,888970,96.46%,10.56%,150,134,0.99,0.98,0.52,967055,96.79%,99.85%,3008.58,93.94%,54.43%,24.98%,5.51%,4.56%,96.23%,93.25%,100.00%,100.00%,100.00%,99.95%,100.00%,99.97%,100.00%,98.91%,99.94%,93.21%,86,0,100.0%(86),100.0%(86),100.0%(86),100.0%(86),100.0%(86),100.0%(86),100.0%(86),94.19%(81),合格
BGISEQ_0707,0707,LC003182-S01-D01-LPD-D503D742,1096086,1055818,96.33%,9.45%,150,136,0.98,0.97,0.51,1045624,95.85%,99.87%,3424.77,96.11%,38.46%,39.72%,8.63%,5.03%,94.80%,85.90%,100.00%,100.00%,100.00%,99.97%,100.00%,99.97%,100.00%,99.90%,99.97%,93.10%,86,0,100.0%(86),100.0%(86),100.0%(86),100.0%(86),100.0%(86),100.0%(86),100.0%(86),96.51%(83),合格
BGISEQ_0707,0707,LC001881-S02-D01-LPD-D503D744,993798,955802,96.18%,9.63%,150,135,0.99,0.98,0.51,964222,93.32%,99.39%,3049.50,93.03%,43.34%,35.60%,3.34%,4.91%,95.15%,81.86%,100.00%,100.00%,100.00%,99.94%,100.00%,99.97%,99.90%,93.42%,97.34%,93.18%,86,0,100.0%(86),100.0%(86),100.0%(86),100.0%(86),100.0%(86),100.0%(86),100.0%(86),96.51%(83),合格
BGISEQ_0707,0707,LC002160-S01-D01-LPD-D502D741,732808,707264,96.51%,10.02%,150,135,0.99,0.98,0.50,767374,94.71%,99.79%,2265.72,91.24%,53.86%,28.88%,2.24%,1.73%,93.96%,75.76%,100.00%,100.00%,99.97%,99.64%,100.00%,98.78%,99.90%,91.79%,99.83%,93.04%,86,0,100.0%(86),100.0%(86),100.0%(86),100.0%(86),100.0%(86),100.0%(86),98.84%(85),96.51%(83),合格
BGISEQ_0707,0707,LC002397-S01-D01-LPD-D503D720,1334408,1285796,96.36%,9.01%,150,136,0.99,0.97,0.51,1072660,96.32%,99.66%,3390.13,92.92%,53.95%,25.12%,5.06%,4.35%,95.99%,95.89%,100.00%,100.00%,100.00%,99.97%,100.00%,99.97%,100.00%,99.90%,100.00%,93.24%,86,0,100.0%(86),100.0%(86),100.0%(86),100.0%(86),100.0%(86),100.0%(86),98.84%(85),98.84%(85),合格
BGISEQ_0707,0707,LC002134-S01-D01-LPD-D503D721,1135868,1094218,96.33%,9.39%,150,136,0.99,0.98,0.53,1000218,91.29%,99.99%,3095.69,91.57%,46.36%,28.17%,4.50%,5.48%,95.84%,96.89%,100.00%,100.00%,100.00%,99.95%,100.00%,99.97%,100.00%,99.94%,100.00%,93.43%,86,0,100.0%(86),100.0%(86),100.0%(86),100.0%(86),100.0%(86),100.0%(86),98.84%(85),97.67%(84),合格
BGISEQ_0707,0707,LC002136-S01-D01-LPD-D503D722,874738,857514,98.03%,8.81%,150,137,0.99,0.98,0.52,870748,93.16%,99.87%,2754.76,92.33%,46.21%,29.70%,4.74%,5.72%,96.42%,84.10%,100.00%,100.00%,100.00%,99.86%,100.00%,99.97%,100.00%,99.90%,99.92%,93.18%,86,0,100.0%(86),100.0%(86),100.0%(86),100.0%(86),100.0%(86),100.0%(86),100.0%(86),96.51%(83),不合格
BGISEQ_0707,0707,LC002325-S01-D01-LPD-D503D725,853212,823532,96.52%,10.94%,150,133,0.99,0.98,0.52,900287,96.46%,99.51%,2800.67,95.23%,41.34%,36.60%,8.18%,5.06%,93.75%,82.31%,100.00%,100.00%,100.00%,99.97%,100.00%,99.97%,100.00%,99.58%,98.46%,93.10%,86,0,100.0%(86),100.0%(86),100.0%(86),100.0%(86),100.0%(86),100.0%(86),100.0%(86),95.35%(82),合格
BGISEQ_0707,0707,LC002328-S01-D01-LPD-D503D726,1162342,1122438,96.57%,10.72%,150,134,0.99,0.98,0.52,1093172,96.58%,99.18%,3436.41,95.79%,40.53%,35.97%,9.49%,5.17%,93.08%,80.98%,100.00%,100.00%,100.00%,99.97%,100.00%,99.39%,100.00%,99.90%,95.14%,93.12%,86,0,100.0%(86),100.0%(86),100.0%(86),100.0%(86),100.0%(86),100.0%(86),100.0%(86),95.35%(82),合格
BGISEQ_0707,0707,LC002331-S01-D01-LPD-D503D727,917776,884188,96.34%,10.40%,150,134,0.99,0.98,0.52,981811,96.46%,99.40%,3031.00,95.23%,39.44%,37.85%,8.53%,5.63%,91.68%,75.55%,100.00%,100.00%,100.00%,99.91%,100.00%,99.97%,100.00%,99.90%,97.43%,93.21%,86,0,100.0%(86),100.0%(86),100.0%(86),100.0%(86),100.0%(86),98.84%(85),97.67%(84),93.02%(80),合格
BGISEQ_0707,0707,LC002348-S01-D01-LPD-D503D728,1086864,1046850,96.32%,8.13%,150,137,0.98,0.97,0.51,1055722,95.24%,99.78%,3203.17,88.04%,54.51%,21.97%,3.66%,3.55%,96.38%,95.93%,100.00%,100.00%,100.00%,99.95%,100.00%,99.97%,100.00%,98.50%,98.99%,93.24%,86,0,100.0%(86),100.0%(86),100.0%(86),100.0%(86),100.0%(86),100.0%(86),100.0%(86),98.84%(85),合格
GeneMind_0713,0713,LC002351-S01-D01-LPD-D503D729,897268,873690,97.37%,8.37%,150,137,0.98,0.96,0.52,931961,94.50%,99.83%,2883.77,91.57%,41.71%,31.09%,4.70%,7.34%,97.06%,95.16%,100.00%,100.00%,100.00%,99.95%,100.00%,99.36%,100.00%,99.90%,99.55%,93.26%,86,0,100.0%(86),100.0%(86),100.0%(86),100.0%(86),100.0%(86),100.0%(86),100.0%(86),97.67%(84),合格
GeneMind_0713,0713,LC002375-S01-D01-LPD-D503D730,1024976,992836,96.86%,9.25%,150,136,0.98,0.96,0.51,970043,89.86%,99.87%,3075.74,93.18%,45.31%,34.58%,3.19%,5.67%,97.23%,75.11%,100.00%,100.00%,100.00%,99.87%,100.00%,99.45%,100.00%,99.87%,98.91%,93.21%,86,0,100.0%(86),100.0%(86),100.0%(86),100.0%(86),100.0%(86),100.0%(86),100.0%(86),98.84%(85),合格
GeneMind_0713,0713,LC002394-S01-D01-LPD-D503D731,1231784,1201428,97.54%,8.71%,150,136,0.98,0.96,0.52,1103396,95.99%,99.60%,3504.45,95.17%,41.48%,34.40%,7.88%,5.59%,96.09%,86.88%,100.00%,100.00%,100.00%,99.98%,100.00%,99.97%,100.00%,99.90%,97.54%,85.66%,86,0,100.0%(86),100.0%(86),100.0%(86),100.0%(86),100.0%(86),100.0%(86),100.0%(86),97.67%(84),合格
GeneMind_0713,0713,LC002395-S01-D01-LPD-D503D732,1049272,1024036,97.59%,9.58%,150,135,0.98,0.96,0.52,1082703,95.76%,99.39%,3469.45,95.83%,40.07%,37.91%,9.33%,4.97%,95.52%,76.97%,100.00%,100.00%,100.00%,99.97%,100.00%,99.97%,100.00%,97.16%,97.32%,93.38%,86,0,100.0%(86),100.0%(86),100.0%(86),100.0%(86),100.0%(86),100.0%(86),100.0%(86),97.67%(84),合格
GeneMind_0713,0713,LC002653-S01-D01-LPD-D503D733,1056476,1030318,97.52%,6.86%,150,139,0.98,0.96,0.52,1054693,94.45%,99.89%,3325.10,90.55%,52.93%,23.07%,5.04%,4.62%,97.59%,95.62%,100.00%,100.00%,100.00%,99.97%,100.00%,99.97%,100.00%,99.90%,98.91%,93.21%,86,0,100.0%(86),100.0%(86),100.0%(86),100.0%(86),100.0%(86),100.0%(86),100.0%(86),100.0%(86),合格
GeneMind_0713,0713,LC002657-S01-D01-LPD-D503D734,666568,646382,96.97%,8.31%,150,138,0.98,0.96,0.52,640367,90.67%,99.33%,2025.46,92.47%,57.14%,23.55%,2.87%,5.68%,97.68%,74.83%,100.00%,100.00%,99.97%,99.49%,100.00%,99.94%,100.00%,96.93%,96.65%,93.63%,86,0,100.0%(86),100.0%(86),100.0%(86),100.0%(86),100.0%(86),100.0%(86),100.0%(86),97.67%(84),合格
GeneMind_0713,0713,LC002659-S01-D01-LPD-D503D735,1130010,1101564,97.48%,8.33%,150,137,0.98,0.96,0.52,1083228,96.18%,99.36%,3466.79,93.80%,56.41%,23.42%,5.45%,4.57%,97.46%,84.16%,100.00%,100.00%,100.00%,99.96%,100.00%,98.99%,100.00%,98.56%,96.95%,93.21%,86,0,100.0%(86),100.0%(86),100.0%(86),100.0%(86),100.0%(86),100.0%(86),100.0%(86),100.0%(86),合格
GeneMind_0713,0713,LC002978-S01-D01-LPD-D503D737,1383432,1349858,97.57%,7.87%,150,138,0.98,0.96,0.52,1094136,95.99%,99.74%,3503.18,94.27%,46.57%,31.31%,6.53%,5.04%,97.20%,93.06%,100.00%,100.00%,100.00%,99.97%,100.00%,99.97%,100.00%,99.74%,100.00%,93.24%,86,0,100.0%(86),100.0%(86),100.0%(86),100.0%(86),100.0%(86),100.0%(86),100.0%(86),98.84%(85),合格
GeneMind_0713,0713,LC003171-S01-D01-LPD-D503D738,947092,925176,97.69%,8.20%,150,137,0.98,0.96,0.52,1000944,96.43%,99.45%,3301.76,96.55%,36.53%,42.54%,10.01%,4.34%,93.81%,79.69%,100.00%,100.00%,100.00%,99.98%,100.00%,99.97%,100.00%,93.67%,97.82%,93.04%,86,0,100.0%(86),100.0%(86),100.0%(86),100.0%(86),100.0%(86),100.0%(86),98.84%(85),95.35%(82),合格
GeneMind_0713,0713,LC003178-S01-D01-LPD-D503D739,968420,944630,97.54%,8.73%,150,136,0.98,0.96,0.52,1034352,96.36%,99.67%,3295.65,94.40%,48.17%,30.40%,6.24%,5.64%,96.48%,90.09%,100.00%,100.00%,100.00%,99.97%,100.00%,99.97%,100.00%,99.33%,99.94%,93.21%,86,0,100.0%(86),100.0%(86),100.0%(86),100.0%(86),100.0%(86),100.0%(86),100.0%(86),97.67%(84),合格
GeneMind_0713,0713,CN001477-S09-D03-LPD-D502D733,799558,782026,97.81%,6.99%,150,139,0.98,0.96,0.52,842322,94.18%,99.64%,2598.09,91.21%,44.90%,30.47%,4.67%,2.68%,93.56%,84.81%,100.00%,100.00%,99.99%,99.83%,100.00%,99.82%,99.94%,93.32%,99.94%,96.56%,86,0,100.0%(86),100.0%(86),100.0%(86),100.0%(86),100.0%(86),100.0%(86),100.0%(86),95.35%(82),合格
GeneMind_0713,0713,LC003179-S01-D01-LPD-D503D740,993668,969228,97.54%,8.80%,150,136,0.98,0.96,0.51,1014601,94.68%,99.43%,3339.48,96.24%,41.63%,35.62%,9.41%,5.04%,95.85%,81.32%,100.00%,100.00%,100.00%,99.96%,100.00%,99.97%,100.00%,99.84%,97.62%,93.10%,86,0,100.0%(86),100.0%(86),100.0%(86),100.0%(86),100.0%(86),100.0%(86),100.0%(86),98.84%(85),合格
GeneMind_0713,0713,LC003181-S01-D01-LPD-D503D741,910062,887120,97.48%,9.50%,150,135,0.98,0.96,0.53,974293,96.11%,99.45%,3038.70,93.53%,53.05%,24.82%,6.04%,5.00%,95.98%,92.09%,100.00%,100.00%,100.00%,99.95%,100.00%,99.97%,100.00%,97.54%,97.82%,93.24%,86,0,100.0%(86),100.0%(86),100.0%(86),100.0%(86),100.0%(86),100.0%(86),100.0%(86),95.35%(82),合格
GeneMind_0713,0713,LC003182-S01-D01-LPD-D503D742,1023456,995990,97.32%,8.60%,150,137,0.98,0.96,0.52,1044616,95.07%,99.34%,3436.59,95.79%,37.64%,38.87%,9.10%,5.70%,95.65%,86.28%,100.00%,100.00%,100.00%,99.98%,100.00%,99.97%,100.00%,99.87%,96.79%,93.21%,86,0,100.0%(86),100.0%(86),100.0%(86),100.0%(86),100.0%(86),100.0%(86),100.0%(86),98.84%(85),合格
GeneMind_0713,0713,LC001881-S02-D01-LPD-D503D744,1087686,1055852,97.07%,8.54%,150,137,0.98,0.96,0.52,1002898,91.85%,99.60%,3189.66,92.58%,42.57%,34.69%,3.45%,5.57%,96.38%,84.96%,100.00%,100.00%,100.00%,99.93%,100.00%,99.97%,99.97%,96.61%,97.40%,93.18%,86,0,100.0%(86),100.0%(86),100.0%(86),100.0%(86),100.0%(86),100.0%(86),100.0%(86),97.67%(84),合格
GeneMind_0713,0713,LC002160-S01-D01-LPD-D502D741,795854,777966,97.75%,8.66%,150,137,0.98,0.96,0.51,848159,93.41%,99.64%,2489.95,90.48%,53.36%,28.01%,2.43%,1.95%,95.48%,76.80%,100.00%,100.00%,99.98%,99.70%,100.00%,98.90%,99.90%,91.79%,99.89%,93.04%,86,0,100.0%(86),100.0%(86),100.0%(86),100.0%(86),100.0%(86),100.0%(86),100.0%(86),96.51%(83),合格
GeneMind_0713,0713,LC002397-S01-D01-LPD-D503D720,1189062,1160412,97.59%,8.11%,150,137,0.98,0.96,0.52,1079517,95.70%,99.68%,3410.11,92.38%,52.66%,24.88%,5.46%,4.84%,97.50%,95.53%,100.00%,100.00%,100.00%,99.97%,100.00%,99.97%,100.00%,99.49%,99.97%,93.24%,86,0,100.0%(86),100.0%(86),100.0%(86),100.0%(86),100.0%(86),100.0%(86),100.0%(86),100.0%(86),合格
GeneMind_0713,0713,LC002134-S01-D01-LPD-D503D721,1068370,1040604,97.40%,8.14%,150,137,0.98,0.96,0.54,990273,89.44%,99.81%,3064.17,90.88%,45.14%,27.53%,4.73%,5.98%,97.39%,96.52%,100.00%,100.00%,100.00%,99.95%,100.00%,99.97%,100.00%,99.90%,99.97%,93.43%,86,0,100.0%(86),100.0%(86),100.0%(86),100.0%(86),100.0%(86),100.0%(86),100.0%(86),98.84%(85),合格
GeneMind_0713,0713,LC002136-S01-D01-LPD-D503D722,1026158,997852,97.24%,8.44%,150,137,0.98,0.96,0.53,1004107,91.51%,99.68%,3153.36,91.78%,45.13%,28.61%,5.01%,6.61%,97.04%,83.58%,100.00%,100.00%,100.00%,99.88%,100.00%,99.97%,100.00%,99.90%,100.00%,93.24%,86,0,100.0%(86),100.0%(86),100.0%(86),100.0%(86),100.0%(86),100.0%(86),100.0%(86),97.67%(84),合格
GeneMind_0713,0713,LC002325-S01-D01-LPD-D503D725,946076,922960,97.56%,9.65%,150,135,0.98,0.96,0.52,1018441,95.74%,99.46%,3184.88,94.92%,40.61%,35.87%,8.84%,5.39%,93.20%,80.69%,100.00%,100.00%,100.00%,99.98%,100.00%,99.97%,100.00%,99.74%,97.88%,93.12%,86,0,100.0%(86),100.0%(86),100.0%(86),100.0%(86),100.0%(86),100.0%(86),100.0%(86),97.67%(84),合格
GeneMind_0713,0713,LC002328-S01-D01-LPD-D503D726,964006,939220,97.43%,9.81%,150,135,0.98,0.96,0.52,1035299,95.86%,99.54%,3254.02,95.39%,39.81%,35.31%,9.98%,5.54%,94.18%,80.70%,100.00%,100.00%,100.00%,99.97%,100.00%,99.24%,100.00%,99.74%,98.74%,93.07%,86,0,100.0%(86),100.0%(86),100.0%(86),100.0%(86),100.0%(86),100.0%(86),100.0%(86),96.51%(83),合格
GeneMind_0713,0713,LC002331-S01-D01-LPD-D503D727,813444,793276,97.52%,8.64%,150,137,0.98,0.96,0.53,892488,95.63%,99.02%,2772.30,94.98%,38.51%,37.55%,8.76%,6.32%,92.52%,76.79%,100.00%,100.00%,100.00%,99.89%,100.00%,99.97%,100.00%,98.59%,93.49%,93.15%,86,0,100.0%(86),100.0%(86),100.0%(86),100.0%(86),100.0%(86),98.84%(85),97.67%(84),94.19%(81),合格
GeneMind_0713,0713,LC002348-S01-D01-LPD-D503D728,924100,900960,97.50%,7.24%,150,139,0.98,0.96,0.52,952411,94.26%,99.60%,2866.68,87.04%,52.84%,21.78%,3.88%,3.90%,97.74%,95.61%,100.00%,100.00%,100.00%,99.96%,100.00%,99.97%,100.00%,98.66%,97.40%,93.24%,86,0,100.0%(86),100.0%(86),100.0%(86),100.0%(86),100.0%(86),100.0%(86),100.0%(86),98.84%(85),合格
260703153244_B174_SKII-R2JC-ZY-Y2_reanalysis_20260710154034,B174,LC002351-S01-D01-LPD-D503D729,1025898,1018052,99.24%,11.92%,150,132,0.93,0.88,0.52,1052596,95.22%,99.69%,3236.53,91.88%,42.98%,31.16%,4.40%,6.84%,97.04%,95.51%,100.00%,100.00%,100.00%,99.96%,100.00%,99.36%,100.00%,99.94%,99.97%,93.24%,86,0,100.0%(86),100.0%(86),100.0%(86),100.0%(86),100.0%(86),100.0%(86),100.0%(86),98.84%(85),合格
260703153244_B174_SKII-R2JC-ZY-Y2_reanalysis_20260710154034,B174,LC002375-S01-D01-LPD-D503D730,1013436,996358,98.31%,13.15%,150,131,0.93,0.89,0.51,962335,90.33%,99.29%,3025.12,93.46%,46.12%,35.02%,2.99%,5.14%,97.30%,73.50%,100.00%,100.00%,99.98%,99.84%,100.00%,99.51%,100.00%,99.84%,95.72%,93.21%,86,0,100.0%(86),100.0%(86),100.0%(86),100.0%(86),100.0%(86),100.0%(86),100.0%(86),98.84%(85),合格
260703153244_B174_SKII-R2JC-ZY-Y2_reanalysis_20260710154034,B174,LC002394-S01-D01-LPD-D503D731,1183470,1178610,99.59%,12.12%,150,132,0.93,0.88,0.52,1086783,96.72%,99.67%,3428.23,95.33%,42.65%,34.52%,7.30%,5.27%,96.35%,86.87%,100.00%,100.00%,100.00%,99.98%,100.00%,99.97%,100.00%,99.90%,100.00%,85.66%,86,0,100.0%(86),100.0%(86),100.0%(86),100.0%(86),100.0%(86),100.0%(86),100.0%(86),96.51%(83),合格
260703153244_B174_SKII-R2JC-ZY-Y2_reanalysis_20260710154034,B174,LC002395-S01-D01-LPD-D503D732,1003074,997714,99.47%,13.05%,150,130,0.93,0.88,0.52,1064129,96.46%,99.28%,3381.25,96.00%,41.22%,38.14%,8.52%,4.70%,95.81%,76.77%,100.00%,100.00%,100.00%,99.97%,100.00%,99.97%,99.97%,95.46%,93.49%,93.35%,86,0,100.0%(86),100.0%(86),100.0%(86),100.0%(86),100.0%(86),100.0%(86),100.0%(86),98.84%(85),合格
260703153244_B174_SKII-R2JC-ZY-Y2_reanalysis_20260710154034,B174,LC002653-S01-D01-LPD-D503D733,1024508,1020772,99.64%,9.63%,150,135,0.93,0.88,0.52,1043464,95.16%,99.81%,3288.97,90.91%,54.56%,22.77%,4.60%,4.31%,97.79%,95.54%,100.00%,100.00%,100.00%,99.96%,100.00%,99.97%,100.00%,99.90%,98.13%,93.21%,86,0,100.0%(86),100.0%(86),100.0%(86),100.0%(86),100.0%(86),100.0%(86),100.0%(86),100.0%(86),合格
260703153244_B174_SKII-R2JC-ZY-Y2_reanalysis_20260710154034,B174,LC002657-S01-D01-LPD-D503D734,847464,835272,98.56%,11.65%,150,133,0.93,0.88,0.52,819684,91.20%,99.40%,2576.53,92.65%,57.84%,23.90%,2.63%,5.28%,97.77%,72.66%,100.00%,100.00%,99.99%,99.39%,100.00%,99.97%,100.00%,93.90%,97.34%,93.68%,86,0,100.0%(86),100.0%(86),100.0%(86),100.0%(86),100.0%(86),100.0%(86),100.0%(86),98.84%(85),合格
260703153244_B174_SKII-R2JC-ZY-Y2_reanalysis_20260710154034,B174,LC002659-S01-D01-LPD-D503D735,1146166,1140936,99.54%,11.35%,150,133,0.93,0.88,0.52,1068863,96.88%,99.44%,3405.19,94.04%,57.67%,23.43%,4.99%,4.18%,97.56%,81.86%,100.00%,100.00%,100.00%,99.96%,99.97%,99.11%,100.00%,99.84%,97.76%,93.21%,86,0,100.0%(86),100.0%(86),100.0%(86),100.0%(86),100.0%(86),100.0%(86),100.0%(86),100.0%(86),合格
260703153244_B174_SKII-R2JC-ZY-Y2_reanalysis_20260710154034,B174,LC002978-S01-D01-LPD-D503D737,1180892,1175478,99.54%,11.31%,150,133,0.93,0.88,0.52,1077531,96.75%,99.66%,3430.05,94.49%,48.12%,30.96%,6.08%,4.66%,97.28%,92.97%,100.00%,100.00%,100.00%,99.97%,100.00%,99.97%,100.00%,99.78%,100.00%,93.21%,86,0,100.0%(86),100.0%(86),100.0%(86),100.0%(86),100.0%(86),100.0%(86),100.0%(86),100.0%(86),合格
260703153244_B174_SKII-R2JC-ZY-Y2_reanalysis_20260710154034,B174,LC003171-S01-D01-LPD-D503D738,1042442,1037466,99.52%,11.45%,150,133,0.93,0.88,0.52,1067292,97.17%,99.60%,3495.01,96.70%,37.87%,42.36%,9.35%,4.07%,94.55%,79.54%,100.00%,100.00%,100.00%,99.98%,100.00%,99.97%,100.00%,98.53%,99.41%,93.07%,86,0,100.0%(86),100.0%(86),100.0%(86),100.0%(86),100.0%(86),100.0%(86),100.0%(86),97.67%(84),合格
260703153244_B174_SKII-R2JC-ZY-Y2_reanalysis_20260710154034,B174,LC003178-S01-D01-LPD-D503D739,1007204,1003042,99.59%,12.05%,150,132,0.93,0.88,0.52,1078931,97.06%,99.67%,3416.58,94.62%,49.35%,30.36%,5.73%,5.28%,96.99%,88.71%,100.00%,100.00%,100.00%,99.97%,100.00%,99.97%,100.00%,99.36%,100.00%,93.24%,86,0,100.0%(86),100.0%(86),100.0%(86),100.0%(86),100.0%(86),100.0%(86),100.0%(86),98.84%(85),合格
260703153244_B174_SKII-R2JC-ZY-Y2_reanalysis_20260710154034,B174,CN001477-S09-D03-LPD-D502D733,740270,738140,99.71%,10.30%,150,134,0.93,0.88,0.52,782856,95.04%,99.64%,2413.18,91.59%,46.28%,30.39%,4.39%,2.49%,93.57%,84.74%,100.00%,100.00%,100.00%,99.77%,100.00%,99.85%,100.00%,93.48%,99.97%,93.35%,86,0,100.0%(86),100.0%(86),100.0%(86),100.0%(86),100.0%(86),100.0%(86),100.0%(86),95.35%(82),合格
260703153244_B174_SKII-R2JC-ZY-Y2_reanalysis_20260710154034,B174,LC003179-S01-D01-LPD-D503D740,1043256,1038196,99.51%,12.07%,150,132,0.93,0.89,0.51,1034303,95.40%,99.33%,3374.01,96.30%,42.72%,35.80%,8.76%,4.72%,96.28%,80.41%,100.00%,100.00%,100.00%,99.97%,100.00%,99.97%,100.00%,99.90%,96.53%,93.10%,86,0,100.0%(86),100.0%(86),100.0%(86),100.0%(86),100.0%(86),100.0%(86),100.0%(86),98.84%(85),合格
260703153244_B174_SKII-R2JC-ZY-Y2_reanalysis_20260710154034,B174,LC003181-S01-D01-LPD-D503D741,1091296,1085166,99.44%,13.17%,150,130,0.93,0.88,0.53,1080287,96.89%,99.67%,3341.60,93.77%,54.60%,24.61%,5.49%,4.63%,96.45%,91.87%,100.00%,100.00%,100.00%,99.96%,100.00%,99.97%,100.00%,99.52%,99.97%,93.21%,86,0,100.0%(86),100.0%(86),100.0%(86),100.0%(86),100.0%(86),100.0%(86),100.0%(86),95.35%(82),合格
260703153244_B174_SKII-R2JC-ZY-Y2_reanalysis_20260710154034,B174,LC003182-S01-D01-LPD-D503D742,1054094,1045438,99.18%,12.03%,150,132,0.93,0.88,0.52,1036038,95.67%,99.66%,3376.07,95.86%,38.87%,39.01%,8.51%,5.16%,96.15%,85.19%,100.00%,100.00%,100.00%,99.97%,100.00%,99.97%,100.00%,99.90%,99.92%,93.15%,86,0,100.0%(86),100.0%(86),100.0%(86),100.0%(86),100.0%(86),100.0%(86),100.0%(86),98.84%(85),合格
260703153244_B174_SKII-R2JC-ZY-Y2_reanalysis_20260710154034,B174,LC001881-S02-D01-LPD-D503D744,1035464,1022350,98.73%,12.46%,150,132,0.93,0.88,0.52,994094,92.56%,99.19%,3126.63,92.81%,43.67%,35.01%,3.24%,5.07%,97.03%,81.32%,100.00%,100.00%,100.00%,99.94%,100.00%,99.97%,99.87%,96.58%,95.36%,93.21%,86,0,100.0%(86),100.0%(86),100.0%(86),100.0%(86),100.0%(86),100.0%(86),100.0%(86),97.67%(84),合格
260703153244_B174_SKII-R2JC-ZY-Y2_reanalysis_20260710154034,B174,LC002160-S01-D01-LPD-D502D741,902534,899034,99.61%,12.12%,150,132,0.93,0.89,0.51,961788,94.29%,99.64%,2827.99,90.87%,54.05%,28.26%,2.23%,1.77%,95.40%,74.45%,100.00%,100.00%,99.99%,99.73%,100.00%,99.11%,99.97%,92.14%,99.97%,93.01%,86,0,100.0%(86),100.0%(86),100.0%(86),100.0%(86),100.0%(86),100.0%(86),100.0%(86),100.0%(86),合格
260703153244_B174_SKII-R2JC-ZY-Y2_reanalysis_20260710154034,B174,LC002397-S01-D01-LPD-D503D720,1256178,1251514,99.63%,11.16%,150,133,0.93,0.88,0.52,1065259,96.36%,99.66%,3349.09,92.60%,54.15%,24.72%,4.91%,4.44%,97.63%,95.63%,100.00%,100.00%,100.00%,99.96%,100.00%,99.97%,100.00%,99.90%,99.97%,93.24%,86,0,100.0%(86),100.0%(86),100.0%(86),100.0%(86),100.0%(86),100.0%(86),100.0%(86),100.0%(86),合格
260703153244_B174_SKII-R2JC-ZY-Y2_reanalysis_20260710154034,B174,LC002134-S01-D01-LPD-D503D721,1098566,1090858,99.30%,11.69%,150,133,0.93,0.88,0.53,982173,90.23%,99.87%,3022.99,91.25%,46.52%,27.51%,4.45%,5.60%,97.56%,96.94%,100.00%,100.00%,100.00%,99.95%,100.00%,99.97%,100.00%,99.94%,100.00%,93.43%,86,0,100.0%(86),100.0%(86),100.0%(86),100.0%(86),100.0%(86),100.0%(86),100.0%(86),98.84%(85),合格
260703153244_B174_SKII-R2JC-ZY-Y2_reanalysis_20260710154034,B174,LC002136-S01-D01-LPD-D503D722,1033000,1022462,98.98%,12.03%,150,132,0.93,0.88,0.52,997882,92.36%,99.83%,3113.14,92.01%,46.40%,28.93%,4.60%,5.97%,96.90%,83.41%,100.00%,100.00%,100.00%,99.88%,100.00%,99.97%,100.00%,99.90%,99.97%,93.21%,86,0,100.0%(86),100.0%(86),100.0%(86),100.0%(86),100.0%(86),100.0%(86),100.0%(86),98.84%(85),合格
260703153244_B174_SKII-R2JC-ZY-Y2_reanalysis_20260710154034,B174,LC002325-S01-D01-LPD-D503D725,1117154,1110274,99.38%,13.58%,150,130,0.93,0.88,0.52,1083126,96.51%,99.66%,3356.86,95.10%,41.67%,36.14%,8.12%,5.12%,93.43%,80.68%,100.00%,100.00%,100.00%,99.97%,100.00%,99.97%,100.00%,99.78%,99.94%,93.10%,86,0,100.0%(86),100.0%(86),100.0%(86),100.0%(86),100.0%(86),100.0%(86),100.0%(86),97.67%(84),合格
260703153244_B174_SKII-R2JC-ZY-Y2_reanalysis_20260710154034,B174,LC002328-S01-D01-LPD-D503D726,959932,953166,99.30%,13.53%,150,130,0.93,0.89,0.52,1032855,96.62%,99.45%,3222.13,95.60%,40.75%,35.27%,9.50%,5.37%,94.41%,80.58%,100.00%,100.00%,100.00%,99.97%,100.00%,99.36%,100.00%,99.78%,97.88%,93.18%,86,0,100.0%(86),100.0%(86),100.0%(86),100.0%(86),100.0%(86),100.0%(86),100.0%(86),97.67%(84),合格
260703153244_B174_SKII-R2JC-ZY-Y2_reanalysis_20260710154034,B174,LC002331-S01-D01-LPD-D503D727,961704,956826,99.49%,12.39%,150,131,0.93,0.88,0.53,1056734,96.48%,99.02%,3260.98,95.08%,39.63%,37.37%,8.38%,5.95%,92.68%,75.68%,100.00%,100.00%,100.00%,99.90%,100.00%,99.97%,100.00%,99.62%,93.49%,93.21%,86,0,100.0%(86),100.0%(86),100.0%(86),100.0%(86),100.0%(86),98.84%(85),97.67%(84),95.35%(82),合格
260703153244_B174_SKII-R2JC-ZY-Y2_reanalysis_20260710154034,B174,LC002348-S01-D01-LPD-D503D728,1040564,1036740,99.63%,9.99%,150,135,0.93,0.88,0.52,1045578,94.93%,99.90%,3155.22,87.56%,54.51%,21.68%,3.53%,3.54%,97.87%,94.72%,100.00%,100.00%,100.00%,99.93%,100.00%,99.97%,100.00%,98.40%,99.02%,93.24%,86,0,100.0%(86),100.0%(86),100.0%(86),100.0%(86),100.0%(86),100.0%(86),100.0%(86),100.0%(86),合格
