runinfo,machineID,libID,x,clean_reads,effective_rate,adapter,raw_len,filter_len,Q20,Q30,GC,mapped_reads,mapped_rate,coverage,avg_depth,on_target,uniformity,cov,cov_10,cov_20,cov_30,cov_40,cov_50,cov_100,cov_200,cov_500,cov_1000,warning_pos,sample_name,warning_info,debug_info,sample_judge
PL2402201,-,CN001477-S09-D04-L13-C206C131,1000000,961684,0.9617,0.0092,150,148,0.98,0.94,0.57,961632,0.9999,0.9982,5722.58,0.8426,0.8624,100.00%(81),100.00%(81),100.00%(81),100.00%(81),100.00%(81),100.00%(81),100.00%(81),100.00%(81),100.00%(81),91.36%(74),,PL2402201_CN001477-S09-D04-L13-C206C131,,,pass
PL2402201,-,LC001876-S02-D01-L12-C206C130,1000000,968366,0.9684,0.0185,150,146,0.98,0.94,0.57,968261,0.9999,0.9996,6061.94,0.8922,0.8941,100.00%(81),100.00%(81),100.00%(81),100.00%(81),100.00%(81),100.00%(81),100.00%(81),100.00%(81),98.77%(80),97.53%(79),,PL2402201_LC001876-S02-D01-L12-C206C130,,,pass
PL2402201,-,LC001929-S01-D01-L12-C206C184,1000000,964424,0.9644,0.0159,150,147,0.98,0.94,0.56,964364,0.9999,0.9971,5925.23,0.8714,0.9053,100.00%(81),100.00%(81),100.00%(81),100.00%(81),100.00%(81),100.00%(81),100.00%(81),100.00%(81),98.77%(80),96.30%(78),,PL2402201_LC001929-S01-D01-L12-C206C184,,,pass
PL2402201,-,LC002060-S01-D01-L12-C206C190,1000000,963586,0.9636,0.0141,150,147,0.98,0.94,0.56,963516,0.9999,0.9982,5914.9,0.8726,0.9007,100.00%(81),100.00%(81),100.00%(81),100.00%(81),100.00%(81),100.00%(81),100.00%(81),100.00%(81),98.77%(80),97.53%(79),,PL2402201_LC002060-S01-D01-L12-C206C190,,,pass
PL2402201,-,LC002303-S01-D01-L12-C208C143,1000000,970818,0.9708,0.0059,150,148,0.98,0.94,0.56,969804,0.999,0.9982,6037.31,0.8716,0.8819,100.00%(81),100.00%(81),100.00%(81),100.00%(81),100.00%(81),100.00%(81),100.00%(81),100.00%(81),100.00%(81),95.06%(77),,PL2402201_LC002303-S01-D01-L12-C208C143,,,pass
PL2402201,-,LC002312-S01-D01-L12-C208C145,1000000,961224,0.9612,0.006,150,148,0.98,0.93,0.57,960790,0.9995,0.9979,5820.97,0.8671,0.8733,100.00%(81),100.00%(81),100.00%(81),100.00%(81),100.00%(81),100.00%(81),100.00%(81),100.00%(81),98.77%(80),95.06%(77),,PL2402201_LC002312-S01-D01-L12-C208C145,,,pass
PL2402201,-,LC002480-S01-D01-L12-C208C138,1000000,969194,0.9692,0.0062,150,148,0.98,0.94,0.56,969003,0.9998,0.9981,6187.3,0.8934,0.8913,100.00%(81),100.00%(81),100.00%(81),100.00%(81),100.00%(81),100.00%(81),100.00%(81),100.00%(81),100.00%(81),96.30%(78),,PL2402201_LC002480-S01-D01-L12-C208C138,,,pass
PL2402201,-,LC002521-S01-D01-L12-C206C191,1000000,969224,0.9692,0.0061,150,148,0.98,0.94,0.57,969136,0.9999,0.998,6127.67,0.9013,0.8903,100.00%(81),100.00%(81),100.00%(81),100.00%(81),100.00%(81),100.00%(81),100.00%(81),100.00%(81),100.00%(81),97.53%(79),,PL2402201_LC002521-S01-D01-L12-C206C191,,,pass
PL2402201,-,LC002635-S01-D01-L12-C206C102,1000000,972222,0.9722,0.0047,150,148,0.98,0.94,0.55,971817,0.9996,0.9981,6330.48,0.9145,0.9108,100.00%(81),100.00%(81),100.00%(81),100.00%(81),100.00%(81),100.00%(81),100.00%(81),100.00%(81),100.00%(81),97.53%(79),,PL2402201_LC002635-S01-D01-L12-C206C102,,,pass
PL2402201,-,LC002636-S01-D01-L12-C206C103,1000000,970382,0.9704,0.007,150,148,0.98,0.94,0.56,969978,0.9996,0.9979,6327.83,0.9228,0.9103,100.00%(81),100.00%(81),100.00%(81),100.00%(81),100.00%(81),100.00%(81),100.00%(81),100.00%(81),100.00%(81),98.77%(80),,PL2402201_LC002636-S01-D01-L12-C206C103,,,pass
PL2402201,-,LC002647-S01-D01-L12-C206C104,1000000,972742,0.9727,0.0099,150,148,0.98,0.94,0.56,972682,0.9999,0.9967,6274.5,0.9102,0.8773,100.00%(81),100.00%(81),100.00%(81),100.00%(81),100.00%(81),100.00%(81),100.00%(81),100.00%(81),98.77%(80),96.30%(78),,PL2402201_LC002647-S01-D01-L12-C206C104,,,pass
PL2402201,-,LC002658-S01-D01-L12-C208C154,1000000,963404,0.9634,0.0112,150,147,0.98,0.94,0.56,963261,0.9999,0.9979,6113.01,0.8989,0.9001,100.00%(81),100.00%(81),100.00%(81),100.00%(81),100.00%(81),100.00%(81),100.00%(81),100.00%(81),100.00%(81),96.30%(78),,PL2402201_LC002658-S01-D01-L12-C208C154,,,pass
PL2402201,-,LC002664-S01-D01-L12-C206C105,1000000,965458,0.9655,0.01,150,148,0.98,0.94,0.57,964638,0.9992,0.9978,6142.05,0.919,0.9122,100.00%(81),100.00%(81),100.00%(81),100.00%(81),100.00%(81),100.00%(81),100.00%(81),100.00%(81),98.77%(80),98.77%(80),,PL2402201_LC002664-S01-D01-L12-C206C105,,,pass
PL2402201,-,LC002665-S01-D01-L12-C206C106,1000000,968104,0.9681,0.0075,150,148,0.98,0.94,0.56,967981,0.9999,0.9998,6178.87,0.9035,0.9221,100.00%(81),100.00%(81),100.00%(81),100.00%(81),100.00%(81),100.00%(81),100.00%(81),100.00%(81),100.00%(81),98.77%(80),,PL2402201_LC002665-S01-D01-L12-C206C106,,,pass
PL2402201,-,LC002692-S01-D01-L12-C208C156,1000000,968070,0.9681,0.0067,150,148,0.98,0.94,0.55,967178,0.9991,0.998,6139.4,0.8944,0.9034,100.00%(81),100.00%(81),100.00%(81),100.00%(81),100.00%(81),100.00%(81),100.00%(81),100.00%(81),100.00%(81),97.53%(79),,PL2402201_LC002692-S01-D01-L12-C208C156,,,pass
PL2402201,-,LC002693-S01-D01-L12-C206C107,938916,915982,0.9756,0.0133,150,147,0.98,0.94,0.55,915862,0.9999,0.998,6009.51,0.928,0.9011,100.00%(81),100.00%(81),100.00%(81),100.00%(81),100.00%(81),100.00%(81),100.00%(81),100.00%(81),98.77%(80),97.53%(79),,PL2402201_LC002693-S01-D01-L12-C206C107,,,pass
PL2402201,-,LC002711-S01-D01-L12-C206C111,1000000,968768,0.9688,0.0045,150,148,0.98,0.94,0.56,968488,0.9997,0.998,6130.13,0.9133,0.8337,100.00%(81),100.00%(81),100.00%(81),100.00%(81),100.00%(81),100.00%(81),100.00%(81),100.00%(81),98.77%(80),92.59%(75),,PL2402201_LC002711-S01-D01-L12-C206C111,,,pass
PL2402201,-,LC002712-S01-D01-L12-C206C112,1000000,974494,0.9745,0.007,150,148,0.98,0.94,0.56,974434,0.9999,0.9998,6331.91,0.9273,0.8846,100.00%(81),100.00%(81),100.00%(81),100.00%(81),100.00%(81),100.00%(81),100.00%(81),100.00%(81),98.77%(80),96.30%(78),,PL2402201_LC002712-S01-D01-L12-C206C112,,,pass
PL2402201,-,LC002714-S01-D01-L12-C206C113,1000000,964822,0.9648,0.0065,150,148,0.98,0.93,0.56,964783,1,0.9981,6200.29,0.9207,0.8457,100.00%(81),100.00%(81),100.00%(81),100.00%(81),100.00%(81),100.00%(81),100.00%(81),98.77%(80),98.77%(80),93.83%(76),,PL2402201_LC002714-S01-D01-L12-C206C113,,,pass
PL2402201,-,LC002719-S01-D01-L12-C206C116,1000000,975286,0.9753,0.008,150,148,0.98,0.94,0.56,974881,0.9996,0.9979,6425.27,0.9385,0.8575,100.00%(81),100.00%(81),100.00%(81),100.00%(81),100.00%(81),100.00%(81),100.00%(81),100.00%(81),97.53%(79),93.83%(76),,PL2402201_LC002719-S01-D01-L12-C206C116,,,pass
PL2402201,-,LC002901-S01-D01-L12-C208C160,1000000,969912,0.9699,0.008,150,148,0.98,0.94,0.56,969256,0.9993,0.9979,6349.91,0.9284,0.8822,100.00%(81),100.00%(81),100.00%(81),100.00%(81),100.00%(81),100.00%(81),100.00%(81),100.00%(81),100.00%(81),97.53%(79),,PL2402201_LC002901-S01-D01-L12-C208C160,,,pass
PL2402201,-,LC002909-S01-D01-L12-C206C165,1000000,972110,0.9721,0.0089,150,148,0.98,0.94,0.56,972041,0.9999,0.9979,6373.35,0.9264,0.8585,100.00%(81),100.00%(81),100.00%(81),100.00%(81),100.00%(81),100.00%(81),100.00%(81),100.00%(81),98.77%(80),95.06%(77),,PL2402201_LC002909-S01-D01-L12-C206C165,,,pass
PL2402201,-,LC002922-S01-D01-L12-C206C177,1000000,971276,0.9713,0.0048,150,148,0.98,0.94,0.56,971226,0.9999,0.9996,6170.41,0.9066,0.8977,100.00%(81),100.00%(81),100.00%(81),100.00%(81),100.00%(81),100.00%(81),100.00%(81),100.00%(81),100.00%(81),96.30%(78),,PL2402201_LC002922-S01-D01-L12-C206C177,,,pass
241023164810_B121_SKII13126-121-YY2-1-241023164810,B121,LC002665-S01-D01-L12-C206C106,715846,534562,0.7468,0.0258,140,142,0.96,0.94,0.52,534440,0.9998,1,3508.65,0.8031,0.9521,100.00%(81),100.00%(81),100.00%(81),100.00%(81),100.00%(81),100.00%(81),100.00%(81),100.00%(81),100.00%(81),95.06%(77),,SKII13126PB_10-LC002665-S01-D01-L12-C206C106,,,pass
241023164810_B121_SKII13126-121-YY2-1-241023164810,B121,LC002711-S01-D01-L12-C206C111,1000000,715750,0.7157,0.0204,135,140,0.96,0.94,0.53,715530,0.9997,1,4653.74,0.7898,0.9131,100.00%(81),100.00%(81),100.00%(81),100.00%(81),100.00%(81),100.00%(81),100.00%(81),100.00%(81),97.53%(79),91.36%(74),,SKII13126PB_11-LC002711-S01-D01-L12-C206C111,,,pass
241023164810_B121_SKII13126-121-YY2-1-241023164810,B121,LC002712-S01-D01-L12-C206C112,1000000,758318,0.7583,0.0321,140,141,0.96,0.95,0.53,758178,0.9998,1,5006.3,0.8167,0.9123,100.00%(81),100.00%(81),100.00%(81),100.00%(81),100.00%(81),100.00%(81),100.00%(81),100.00%(81),100.00%(81),95.06%(77),,SKII13126PB_12-LC002712-S01-D01-L12-C206C112,,,pass
241023164810_B121_SKII13126-121-YY2-1-241023164810,B121,LC002719-S01-D01-L12-C206C116,1000000,747612,0.7476,0.0351,140,141,0.96,0.94,0.53,747394,0.9997,1,4961.91,0.8312,0.8766,100.00%(81),100.00%(81),100.00%(81),100.00%(81),100.00%(81),100.00%(81),100.00%(81),100.00%(81),96.30%(78),91.36%(74),,SKII13126PB_13-LC002719-S01-D01-L12-C206C116,,,pass
241023164810_B121_SKII13126-121-YY2-1-241023164810,B121,LC002693-S01-D01-L12-C206C107,745550,564366,0.757,0.0389,142,143,0.96,0.95,0.53,564291,0.9999,1,3780.63,0.8418,0.921,100.00%(81),100.00%(81),100.00%(81),100.00%(81),100.00%(81),100.00%(81),100.00%(81),100.00%(81),97.53%(79),93.83%(76),,SKII13126PB_14-LC002693-S01-D01-L12-C206C107,,,pass
241023164810_B121_SKII13126-121-YY2-1-241023164810,B121,LC002714-S01-D01-L12-C206C113,1000000,715430,0.7154,0.0177,136,140,0.96,0.94,0.53,715369,0.9999,1,4658.86,0.7807,0.904,100.00%(81),100.00%(81),100.00%(81),100.00%(81),100.00%(81),100.00%(81),100.00%(81),100.00%(81),98.77%(80),91.36%(74),,SKII13126PB_15-LC002714-S01-D01-L12-C206C113,HLA|深度不足|HLA_longrange,hla_warning,warning
241023164810_B121_SKII13126-121-YY2-1-241023164810,B121,LC002909-S01-D01-L12-C206C165,1000000,741362,0.7414,0.0296,137,140,0.96,0.94,0.53,741258,0.9999,1,4805.96,0.7893,0.8964,100.00%(81),100.00%(81),100.00%(81),100.00%(81),100.00%(81),100.00%(81),100.00%(81),100.00%(81),98.77%(80),91.36%(74),,SKII13126PB_16-LC002909-S01-D01-L12-C206C165,,,pass
241023164810_B121_SKII13126-121-YY2-1-241023164810,B121,LC002303-S01-D01-L12-C208C143,972872,711128,0.731,0.0217,140,143,0.96,0.94,0.53,710529,0.9992,1,4661.32,0.7899,0.9546,100.00%(81),100.00%(81),100.00%(81),100.00%(81),100.00%(81),100.00%(81),100.00%(81),100.00%(81),100.00%(81),95.06%(77),,SKII13126PB_17-LC002303-S01-D01-L12-C208C143,,,pass
241023164810_B121_SKII13126-121-YY2-1-241023164810,B121,LC002480-S01-D01-L12-C208C138,1000000,761058,0.7611,0.0227,139,141,0.97,0.95,0.53,760838,0.9997,1,4944.85,0.7727,0.9334,100.00%(81),100.00%(81),100.00%(81),100.00%(81),100.00%(81),100.00%(81),100.00%(81),100.00%(81),100.00%(81),97.53%(79),,SKII13126PB_18-LC002480-S01-D01-L12-C208C138,,,pass
241023164810_B121_SKII13126-121-YY2-1-241023164810,B121,LC002692-S01-D01-L12-C208C156,1000000,746116,0.7461,0.0257,138,141,0.96,0.94,0.52,745952,0.9998,1,4870.67,0.7892,0.9194,100.00%(81),100.00%(81),100.00%(81),100.00%(81),100.00%(81),100.00%(81),100.00%(81),100.00%(81),98.77%(80),95.06%(77),,SKII13126PB_19-LC002692-S01-D01-L12-C208C156,,,pass
241023164810_B121_SKII13126-121-YY2-1-241023164810,B121,LC002312-S01-D01-L12-C208C145,1000000,726364,0.7264,0.0197,138,142,0.96,0.94,0.53,726053,0.9996,0.9999,4731.08,0.7819,0.9206,100.00%(81),100.00%(81),100.00%(81),100.00%(81),100.00%(81),100.00%(81),100.00%(81),100.00%(81),100.00%(81),92.59%(75),,SKII13126PB_1-LC002312-S01-D01-L12-C208C145,,,pass
241023164810_B121_SKII13126-121-YY2-1-241023164810,B121,LC002647-S01-D01-L12-C206C104,878674,666142,0.7581,0.0267,138,140,0.96,0.94,0.53,666016,0.9998,0.9977,4378.46,0.7917,0.9107,100.00%(81),100.00%(81),100.00%(81),100.00%(81),100.00%(81),100.00%(81),100.00%(81),100.00%(81),98.77%(80),90.12%(73),,SKII13126PB_20-LC002647-S01-D01-L12-C206C104,,,pass
241023164810_B121_SKII13126-121-YY2-1-241023164810,B121,LC002664-S01-D01-L12-C206C105,800868,597038,0.7455,0.0249,140,142,0.96,0.94,0.54,596831,0.9997,0.9987,3939.11,0.8148,0.9377,100.00%(81),100.00%(81),100.00%(81),100.00%(81),100.00%(81),100.00%(81),100.00%(81),100.00%(81),98.77%(80),92.59%(75),,SKII13126PB_21-LC002664-S01-D01-L12-C206C105,,,pass
241023164810_B121_SKII13126-121-YY2-1-241023164810,B121,LC001876-S02-D01-L12-C206C130,1000000,753116,0.7531,0.0368,139,138,0.96,0.94,0.54,752939,0.9998,1,4706.07,0.7585,0.9219,100.00%(81),100.00%(81),100.00%(81),100.00%(81),100.00%(81),100.00%(81),100.00%(81),100.00%(81),98.77%(80),91.36%(74),,SKII13126PB_22-LC001876-S02-D01-L12-C206C130,,,pass
241023164810_B121_SKII13126-121-YY2-1-241023164810,B121,CN001477-S09-D04-L13-C206C131,1000000,730728,0.7307,0.0231,138,141,0.96,0.94,0.54,730569,0.9998,1,4606.52,0.7509,0.9241,100.00%(81),100.00%(81),100.00%(81),100.00%(81),100.00%(81),100.00%(81),100.00%(81),100.00%(81),100.00%(81),93.83%(76),,SKII13126PB_23-CN001477-S09-D04-L13-C206C131,,,pass
241023164810_B121_SKII13126-121-YY2-1-241023164810,B121,LC002658-S01-D01-L12-C208C154,802594,588026,0.7327,0.0284,139,142,0.96,0.94,0.53,587890,0.9998,1,3838.11,0.8027,0.9257,100.00%(81),100.00%(81),100.00%(81),100.00%(81),100.00%(81),100.00%(81),100.00%(81),100.00%(81),98.77%(80),91.36%(74),,SKII13126PB_2-LC002658-S01-D01-L12-C208C154,,,pass
241023164810_B121_SKII13126-121-YY2-1-241023164810,B121,LC002901-S01-D01-L12-C208C160,915174,685792,0.7494,0.0277,139,142,0.96,0.95,0.53,685373,0.9994,1,4538.28,0.807,0.9025,100.00%(81),100.00%(81),100.00%(81),100.00%(81),100.00%(81),100.00%(81),100.00%(81),100.00%(81),100.00%(81),93.83%(76),,SKII13126PB_3-LC002901-S01-D01-L12-C208C160,,,pass
241023164810_B121_SKII13126-121-YY2-1-241023164810,B121,LC002922-S01-D01-L12-C206C177,1000000,740532,0.7405,0.0187,138,142,0.96,0.94,0.53,740349,0.9998,1,4880.31,0.8034,0.941,100.00%(81),100.00%(81),100.00%(81),100.00%(81),100.00%(81),100.00%(81),100.00%(81),100.00%(81),100.00%(81),92.59%(75),,SKII13126PB_4-LC002922-S01-D01-L12-C206C177,,,pass
241023164810_B121_SKII13126-121-YY2-1-241023164810,B121,LC001929-S01-D01-L12-C206C184,1000000,751700,0.7517,0.0355,142,143,0.96,0.94,0.53,751560,0.9998,0.9991,4812.23,0.7865,0.9186,100.00%(81),100.00%(81),100.00%(81),100.00%(81),100.00%(81),100.00%(81),100.00%(81),100.00%(81),100.00%(81),93.83%(76),,SKII13126PB_5-LC001929-S01-D01-L12-C206C184,,,pass
241023164810_B121_SKII13126-121-YY2-1-241023164810,B121,LC002060-S01-D01-L12-C206C190,855956,638550,0.746,0.0329,140,141,0.96,0.94,0.54,638394,0.9998,0.9987,4054.8,0.7742,0.9319,100.00%(81),100.00%(81),100.00%(81),100.00%(81),100.00%(81),100.00%(81),100.00%(81),100.00%(81),100.00%(81),92.59%(75),,SKII13126PB_6-LC002060-S01-D01-L12-C206C190,,,pass
241023164810_B121_SKII13126-121-YY2-1-241023164810,B121,LC002521-S01-D01-L12-C206C191,1000000,747210,0.7472,0.0237,139,142,0.96,0.94,0.54,747020,0.9997,1,4928.19,0.8041,0.9494,100.00%(81),100.00%(81),100.00%(81),100.00%(81),100.00%(81),100.00%(81),100.00%(81),100.00%(81),100.00%(81),96.30%(78),,SKII13126PB_7-LC002521-S01-D01-L12-C206C191,HLA|深度不足|HLA_longrange,hla_warning,warning
241023164810_B121_SKII13126-121-YY2-1-241023164810,B121,LC002635-S01-D01-L12-C206C102,1000000,754738,0.7547,0.0281,141,143,0.96,0.94,0.52,754520,0.9997,1,5024.14,0.8131,0.9257,100.00%(81),100.00%(81),100.00%(81),100.00%(81),100.00%(81),100.00%(81),100.00%(81),100.00%(81),98.77%(80),95.06%(77),,SKII13126PB_8-LC002635-S01-D01-L12-C206C102,,,pass
241023164810_B121_SKII13126-121-YY2-1-241023164810,B121,LC002636-S01-D01-L12-C206C103,1000000,764104,0.7641,0.0248,140,141,0.97,0.95,0.53,763852,0.9997,1,5052.97,0.803,0.9208,100.00%(81),100.00%(81),100.00%(81),100.00%(81),100.00%(81),100.00%(81),100.00%(81),100.00%(81),100.00%(81),96.30%(78),,SKII13126PB_9-LC002636-S01-D01-L12-C206C103,,,pass
241024151121_B115_SKII13133-115-YY2-1-241024151122,B115,LC002665-S01-D01-L12-C206C106,666014,495768,0.7444,0.0277,142,143,0.96,0.94,0.52,495668,0.9998,0.9998,3282.18,0.8126,0.9453,100.00%(81),100.00%(81),100.00%(81),100.00%(81),100.00%(81),100.00%(81),100.00%(81),100.00%(81),98.77%(80),93.83%(76),,SKII13133V30_10-LC002665-S01-D01-L12-C206C106,,,pass
241024151121_B115_SKII13133-115-YY2-1-241024151122,B115,LC002711-S01-D01-L12-C206C111,1000000,710690,0.7107,0.0218,136,141,0.96,0.94,0.53,710413,0.9996,1,4642,0.7958,0.9076,100.00%(81),100.00%(81),100.00%(81),100.00%(81),100.00%(81),100.00%(81),100.00%(81),100.00%(81),96.30%(78),90.12%(73),,SKII13133V30_11-LC002711-S01-D01-L12-C206C111,,,pass
241024151121_B115_SKII13133-115-YY2-1-241024151122,B115,LC002712-S01-D01-L12-C206C112,1000000,753952,0.754,0.034,141,141,0.96,0.94,0.53,753809,0.9998,1,4988.19,0.8196,0.8969,100.00%(81),100.00%(81),100.00%(81),100.00%(81),100.00%(81),100.00%(81),100.00%(81),100.00%(81),100.00%(81),92.59%(75),,SKII13133V30_12-LC002712-S01-D01-L12-C206C112,,,pass
241024151121_B115_SKII13133-115-YY2-1-241024151122,B115,LC002719-S01-D01-L12-C206C116,1000000,740300,0.7403,0.0363,141,142,0.96,0.94,0.53,740098,0.9997,1,4926.92,0.8341,0.8815,100.00%(81),100.00%(81),100.00%(81),100.00%(81),100.00%(81),100.00%(81),100.00%(81),100.00%(81),100.00%(81),90.12%(73),,SKII13133V30_13-LC002719-S01-D01-L12-C206C116,,,pass
241024151121_B115_SKII13133-115-YY2-1-241024151122,B115,LC002693-S01-D01-L12-C206C107,719756,541366,0.7522,0.0405,144,144,0.97,0.95,0.53,541289,0.9999,1,3640.62,0.8461,0.9114,100.00%(81),100.00%(81),100.00%(81),100.00%(81),100.00%(81),100.00%(81),100.00%(81),100.00%(81),97.53%(79),91.36%(74),,SKII13133V30_14-LC002693-S01-D01-L12-C206C107,,,pass
241024151121_B115_SKII13133-115-YY2-1-241024151122,B115,LC002714-S01-D01-L12-C206C113,1000000,709246,0.7092,0.019,137,141,0.96,0.94,0.53,709169,0.9999,1,4636.55,0.7861,0.9004,100.00%(81),100.00%(81),100.00%(81),100.00%(81),100.00%(81),100.00%(81),100.00%(81),100.00%(81),98.77%(80),91.36%(74),,SKII13133V30_15-LC002714-S01-D01-L12-C206C113,HLA|深度不足|HLA_longrange,hla_warning,warning
241024151121_B115_SKII13133-115-YY2-1-241024151122,B115,LC002909-S01-D01-L12-C206C165,1000000,734194,0.7342,0.0315,138,140,0.96,0.94,0.53,734085,0.9999,1,4767.36,0.7911,0.8877,100.00%(81),100.00%(81),100.00%(81),100.00%(81),100.00%(81),100.00%(81),100.00%(81),100.00%(81),97.53%(79),91.36%(74),,SKII13133V30_16-LC002909-S01-D01-L12-C206C165,,,pass
241024151121_B115_SKII13133-115-YY2-1-241024151122,B115,LC002303-S01-D01-L12-C208C143,958242,699726,0.7302,0.0231,141,144,0.96,0.94,0.53,699145,0.9992,0.9996,4604.34,0.7933,0.9444,100.00%(81),100.00%(81),100.00%(81),100.00%(81),100.00%(81),100.00%(81),100.00%(81),100.00%(81),100.00%(81),95.06%(77),,SKII13133V30_17-LC002303-S01-D01-L12-C208C143,,,pass
241024151121_B115_SKII13133-115-YY2-1-241024151122,B115,LC002480-S01-D01-L12-C208C138,1000000,753802,0.7538,0.0242,140,142,0.97,0.95,0.53,753644,0.9998,1,4909.95,0.774,0.9365,100.00%(81),100.00%(81),100.00%(81),100.00%(81),100.00%(81),100.00%(81),100.00%(81),100.00%(81),100.00%(81),97.53%(79),,SKII13133V30_18-LC002480-S01-D01-L12-C208C138,,,pass
241024151121_B115_SKII13133-115-YY2-1-241024151122,B115,LC002692-S01-D01-L12-C208C156,1000000,739802,0.7398,0.0272,140,142,0.96,0.94,0.52,739586,0.9997,1,4852.39,0.7938,0.903,100.00%(81),100.00%(81),100.00%(81),100.00%(81),100.00%(81),100.00%(81),100.00%(81),100.00%(81),98.77%(80),93.83%(76),,SKII13133V30_19-LC002692-S01-D01-L12-C208C156,,,pass
241024151121_B115_SKII13133-115-YY2-1-241024151122,B115,LC002312-S01-D01-L12-C208C145,1000000,722476,0.7225,0.0212,140,143,0.96,0.94,0.53,722168,0.9996,0.9987,4731.12,0.7872,0.9255,100.00%(81),100.00%(81),100.00%(81),100.00%(81),100.00%(81),100.00%(81),100.00%(81),100.00%(81),100.00%(81),91.36%(74),,SKII13133V30_1-LC002312-S01-D01-L12-C208C145,,,pass
241024151121_B115_SKII13133-115-YY2-1-241024151122,B115,LC002647-S01-D01-L12-C206C104,854558,645980,0.7559,0.0279,139,141,0.96,0.94,0.53,645862,0.9998,0.9987,4252.67,0.7929,0.9033,100.00%(81),100.00%(81),100.00%(81),100.00%(81),100.00%(81),100.00%(81),100.00%(81),100.00%(81),97.53%(79),88.89%(72),,SKII13133V30_20-LC002647-S01-D01-L12-C206C104,,,pass
241024151121_B115_SKII13133-115-YY2-1-241024151122,B115,LC002664-S01-D01-L12-C206C105,776916,577814,0.7437,0.0266,141,142,0.96,0.94,0.54,577570,0.9996,0.9987,3822.96,0.8179,0.921,100.00%(81),100.00%(81),100.00%(81),100.00%(81),100.00%(81),100.00%(81),100.00%(81),100.00%(81),98.77%(80),92.59%(75),,SKII13133V30_21-LC002664-S01-D01-L12-C206C105,,,pass
241024151121_B115_SKII13133-115-YY2-1-241024151122,B115,LC001876-S02-D01-L12-C206C130,972634,731400,0.752,0.0388,140,139,0.96,0.94,0.54,731240,0.9998,1,4594.77,0.7624,0.9056,100.00%(81),100.00%(81),100.00%(81),100.00%(81),100.00%(81),100.00%(81),100.00%(81),100.00%(81),98.77%(80),90.12%(73),,SKII13133V30_22-LC001876-S02-D01-L12-C206C130,,,pass
241024151121_B115_SKII13133-115-YY2-1-241024151122,B115,CN001477-S09-D04-L13-C206C131,1000000,731826,0.7318,0.0246,139,141,0.96,0.94,0.54,731671,0.9998,1,4628.62,0.7545,0.9109,100.00%(81),100.00%(81),100.00%(81),100.00%(81),100.00%(81),100.00%(81),100.00%(81),100.00%(81),100.00%(81),91.36%(74),,SKII13133V30_23-CN001477-S09-D04-L13-C206C131,,,pass
241024151121_B115_SKII13133-115-YY2-1-241024151122,B115,LC002658-S01-D01-L12-C208C154,779836,566320,0.7262,0.0301,140,143,0.96,0.94,0.53,566189,0.9998,1,3715.73,0.8093,0.9163,100.00%(81),100.00%(81),100.00%(81),100.00%(81),100.00%(81),100.00%(81),100.00%(81),100.00%(81),97.53%(79),91.36%(74),,SKII13133V30_2-LC002658-S01-D01-L12-C208C154,,,pass
241024151121_B115_SKII13133-115-YY2-1-241024151122,B115,LC002901-S01-D01-L12-C208C160,900576,669652,0.7436,0.0288,140,143,0.97,0.95,0.53,669180,0.9993,1,4451.84,0.8117,0.9065,100.00%(81),100.00%(81),100.00%(81),100.00%(81),100.00%(81),100.00%(81),100.00%(81),100.00%(81),100.00%(81),93.83%(76),,SKII13133V30_3-LC002901-S01-D01-L12-C208C160,HLA|深度不足|HLA_longrange,hla_warning,warning
241024151121_B115_SKII13133-115-YY2-1-241024151122,B115,LC002922-S01-D01-L12-C206C177,1000000,734312,0.7343,0.0199,139,143,0.96,0.94,0.53,734096,0.9997,1,4861.74,0.8094,0.9365,100.00%(81),100.00%(81),100.00%(81),100.00%(81),100.00%(81),100.00%(81),100.00%(81),100.00%(81),100.00%(81),92.59%(75),,SKII13133V30_4-LC002922-S01-D01-L12-C206C177,,,pass
241024151121_B115_SKII13133-115-YY2-1-241024151122,B115,LC001929-S01-D01-L12-C206C184,992272,745470,0.7513,0.0372,143,143,0.97,0.94,0.53,745315,0.9998,0.9987,4786.91,0.7893,0.9052,100.00%(81),100.00%(81),100.00%(81),100.00%(81),100.00%(81),100.00%(81),100.00%(81),100.00%(81),100.00%(81),91.36%(74),,SKII13133V30_5-LC001929-S01-D01-L12-C206C184,,,pass
241024151121_B115_SKII13133-115-YY2-1-241024151122,B115,LC002060-S01-D01-L12-C206C190,837904,624272,0.745,0.0351,141,142,0.96,0.94,0.54,624125,0.9998,0.9999,3983.38,0.7784,0.9191,100.00%(81),100.00%(81),100.00%(81),100.00%(81),100.00%(81),100.00%(81),100.00%(81),100.00%(81),100.00%(81),90.12%(73),,SKII13133V30_6-LC002060-S01-D01-L12-C206C190,,,pass
241024151121_B115_SKII13133-115-YY2-1-241024151122,B115,LC002521-S01-D01-L12-C206C191,1000000,744226,0.7442,0.0252,140,142,0.96,0.94,0.54,744049,0.9998,1,4922.07,0.8081,0.9378,100.00%(81),100.00%(81),100.00%(81),100.00%(81),100.00%(81),100.00%(81),100.00%(81),100.00%(81),100.00%(81),95.06%(77),,SKII13133V30_7-LC002521-S01-D01-L12-C206C191,HLA|深度不足|HLA_longrange,hla_warning,warning
241024151121_B115_SKII13133-115-YY2-1-241024151122,B115,LC002635-S01-D01-L12-C206C102,1000000,750158,0.7502,0.0292,142,144,0.96,0.94,0.52,749921,0.9997,1,5015.25,0.8177,0.9144,100.00%(81),100.00%(81),100.00%(81),100.00%(81),100.00%(81),100.00%(81),100.00%(81),100.00%(81),98.77%(80),92.59%(75),,SKII13133V30_8-LC002635-S01-D01-L12-C206C102,,,pass
241024151121_B115_SKII13133-115-YY2-1-241024151122,B115,LC002636-S01-D01-L12-C206C103,1000000,757850,0.7578,0.0265,141,142,0.97,0.95,0.53,757569,0.9996,1,5019.4,0.8051,0.9168,100.00%(81),100.00%(81),100.00%(81),100.00%(81),100.00%(81),100.00%(81),100.00%(81),100.00%(81),100.00%(81),93.83%(76),,SKII13133V30_9-LC002636-S01-D01-L12-C206C103,,,pass
241025162532_B116_SKII13141-116-YY2-2-241025162531,B116,LC002665-S01-D01-L12-C206C106,369402,257490,0.697,0.0265,142,142,0.97,0.95,0.51,257422,0.9997,1,1657.92,0.7843,0.9419,100.00%(81),100.00%(81),100.00%(81),100.00%(81),100.00%(81),100.00%(81),100.00%(81),100.00%(81),92.59%(75),66.67%(54),,SKII13141V30_10-LC002665-S01-D01-L12-C206C106,,,pass
241025162532_B116_SKII13141-116-YY2-2-241025162531,B116,LC002711-S01-D01-L12-C206C111,694060,454728,0.6552,0.019,133,138,0.96,0.94,0.51,454542,0.9996,1,2868.12,0.7621,0.9245,100.00%(81),100.00%(81),100.00%(81),100.00%(81),100.00%(81),100.00%(81),100.00%(81),98.77%(80),93.83%(76),83.95%(68),,SKII13141V30_11-LC002711-S01-D01-L12-C206C111,,,pass
241025162532_B116_SKII13141-116-YY2-2-241025162531,B116,LC002712-S01-D01-L12-C206C112,650286,456134,0.7014,0.0335,138,138,0.97,0.95,0.52,456047,0.9998,1,2895.71,0.78,0.8971,100.00%(81),100.00%(81),100.00%(81),100.00%(81),100.00%(81),100.00%(81),100.00%(81),100.00%(81),95.06%(77),81.48%(66),,SKII13141V30_12-LC002712-S01-D01-L12-C206C112,,,pass
241025162532_B116_SKII13141-116-YY2-2-241025162531,B116,LC002719-S01-D01-L12-C206C116,659076,450348,0.6833,0.035,138,140,0.97,0.95,0.52,450205,0.9997,1,2883.71,0.8019,0.8765,100.00%(81),100.00%(81),100.00%(81),100.00%(81),100.00%(81),100.00%(81),100.00%(81),100.00%(81),95.06%(77),81.48%(66),,SKII13141V30_13-LC002719-S01-D01-L12-C206C116,,,pass
241025162532_B116_SKII13141-116-YY2-2-241025162531,B116,LC002693-S01-D01-L12-C206C107,425402,297692,0.6998,0.0389,142,141,0.97,0.95,0.52,297648,0.9999,1,1925.91,0.8112,0.8947,100.00%(81),100.00%(81),100.00%(81),100.00%(81),100.00%(81),100.00%(81),100.00%(81),100.00%(81),87.65%(71),70.37%(57),,SKII13141V30_14-LC002693-S01-D01-L12-C206C107,,,pass
241025162532_B116_SKII13141-116-YY2-2-241025162531,B116,LC002714-S01-D01-L12-C206C113,762070,500608,0.6569,0.0169,133,138,0.96,0.94,0.52,500516,0.9998,1,3158.66,0.7527,0.9175,100.00%(81),100.00%(81),100.00%(81),100.00%(81),100.00%(81),100.00%(81),100.00%(81),97.53%(79),97.53%(79),85.19%(69),,SKII13141V30_15-LC002714-S01-D01-L12-C206C113,HLA|深度不足|HLA_longrange,hla_warning,warning
241025162532_B116_SKII13141-116-YY2-2-241025162531,B116,LC002909-S01-D01-L12-C206C165,589294,401210,0.6808,0.0303,135,137,0.97,0.94,0.52,401124,0.9998,1,2497.91,0.7499,0.8732,100.00%(81),100.00%(81),100.00%(81),100.00%(81),100.00%(81),100.00%(81),100.00%(81),100.00%(81),91.36%(74),77.78%(63),,SKII13141V30_16-LC002909-S01-D01-L12-C206C165,,,pass
241025162532_B116_SKII13141-116-YY2-2-241025162531,B116,LC002303-S01-D01-L12-C208C143,536710,361592,0.6737,0.0216,140,142,0.96,0.94,0.52,361302,0.9992,1,2295.39,0.7592,0.9335,100.00%(81),100.00%(81),100.00%(81),100.00%(81),100.00%(81),100.00%(81),100.00%(81),100.00%(81),95.06%(77),77.78%(63),,SKII13141V30_17-LC002303-S01-D01-L12-C208C143,,,pass
241025162532_B116_SKII13141-116-YY2-2-241025162531,B116,LC002480-S01-D01-L12-C208C138,635594,442512,0.6962,0.0237,138,139,0.97,0.95,0.52,442382,0.9997,1,2778.66,0.7356,0.9236,100.00%(81),100.00%(81),100.00%(81),100.00%(81),100.00%(81),100.00%(81),100.00%(81),100.00%(81),96.30%(78),82.72%(67),,SKII13141V30_18-LC002480-S01-D01-L12-C208C138,,,pass
241025162532_B116_SKII13141-116-YY2-2-241025162531,B116,LC002692-S01-D01-L12-C208C156,596892,406940,0.6818,0.0251,137,140,0.97,0.94,0.51,406814,0.9997,1,2576.4,0.7596,0.9213,100.00%(81),100.00%(81),100.00%(81),100.00%(81),100.00%(81),100.00%(81),100.00%(81),100.00%(81),96.30%(78),82.72%(67),,SKII13141V30_19-LC002692-S01-D01-L12-C208C156,,,pass
241025162532_B116_SKII13141-116-YY2-2-241025162531,B116,LC002312-S01-D01-L12-C208C145,665488,447660,0.6727,0.0194,137,141,0.96,0.94,0.52,447438,0.9995,0.9998,2824.18,0.7502,0.9267,100.00%(81),100.00%(81),100.00%(81),100.00%(81),100.00%(81),100.00%(81),100.00%(81),100.00%(81),96.30%(78),81.48%(66),,SKII13141V30_1-LC002312-S01-D01-L12-C208C145,,,pass
241025162532_B116_SKII13141-116-YY2-2-241025162531,B116,LC002647-S01-D01-L12-C206C104,506912,354638,0.6996,0.027,137,138,0.97,0.95,0.52,354550,0.9998,0.9999,2238.51,0.7519,0.9039,100.00%(81),100.00%(81),100.00%(81),100.00%(81),100.00%(81),100.00%(81),100.00%(81),98.77%(80),92.59%(75),71.60%(58),,SKII13141V30_20-LC002647-S01-D01-L12-C206C104,,,pass
241025162532_B116_SKII13141-116-YY2-2-241025162531,B116,LC002664-S01-D01-L12-C206C105,447988,310940,0.6941,0.0258,139,139,0.96,0.94,0.53,310815,0.9996,0.9999,1968.11,0.7738,0.9071,100.00%(81),100.00%(81),100.00%(81),100.00%(81),100.00%(81),100.00%(81),100.00%(81),98.77%(80),90.12%(73),69.14%(56),,SKII13141V30_21-LC002664-S01-D01-L12-C206C105,,,pass
241025162532_B116_SKII13141-116-YY2-2-241025162531,B116,LC001876-S02-D01-L12-C206C130,569408,397692,0.6984,0.0383,139,137,0.97,0.94,0.53,397574,0.9997,1,2403.83,0.7244,0.8917,100.00%(81),100.00%(81),100.00%(81),100.00%(81),100.00%(81),100.00%(81),100.00%(81),100.00%(81),93.83%(76),79.01%(64),,SKII13141V30_22-LC001876-S02-D01-L12-C206C130,,,pass
241025162532_B116_SKII13141-116-YY2-2-241025162531,B116,CN001477-S09-D04-L13-C206C131,606702,417758,0.6886,0.0234,137,138,0.96,0.94,0.53,417612,0.9997,1,2538.76,0.7159,0.8988,100.00%(81),100.00%(81),100.00%(81),100.00%(81),100.00%(81),100.00%(81),100.00%(81),100.00%(81),93.83%(76),76.54%(62),,SKII13141V30_23-CN001477-S09-D04-L13-C206C131,,,pass
241025162532_B116_SKII13141-116-YY2-2-241025162531,B116,LC002658-S01-D01-L12-C208C154,454298,308082,0.6781,0.0288,138,139,0.96,0.94,0.52,307980,0.9997,0.9999,1941.64,0.7708,0.9249,100.00%(81),100.00%(81),100.00%(81),100.00%(81),100.00%(81),100.00%(81),100.00%(81),98.77%(80),88.89%(72),70.37%(57),,SKII13141V30_2-LC002658-S01-D01-L12-C208C154,,,pass
241025162532_B116_SKII13141-116-YY2-2-241025162531,B116,LC002901-S01-D01-L12-C208C160,531136,365614,0.6884,0.0276,138,141,0.97,0.95,0.52,365390,0.9994,1,2339.57,0.7751,0.9069,100.00%(81),100.00%(81),100.00%(81),100.00%(81),100.00%(81),100.00%(81),100.00%(81),100.00%(81),95.06%(77),76.54%(62),,SKII13141V30_3-LC002901-S01-D01-L12-C208C160,,,pass
241025162532_B116_SKII13141-116-YY2-2-241025162531,B116,LC002922-S01-D01-L12-C206C177,590524,401606,0.6801,0.0188,137,140,0.96,0.94,0.52,401473,0.9997,0.9999,2554.78,0.7671,0.9364,100.00%(81),100.00%(81),100.00%(81),100.00%(81),100.00%(81),100.00%(81),100.00%(81),98.77%(80),96.30%(78),81.48%(66),,SKII13141V30_4-LC002922-S01-D01-L12-C206C177,,,pass
241025162532_B116_SKII13141-116-YY2-2-241025162531,B116,LC001929-S01-D01-L12-C206C184,590718,415872,0.704,0.0371,141,140,0.97,0.95,0.52,415771,0.9998,0.9977,2562.47,0.7531,0.8877,100.00%(81),100.00%(81),100.00%(81),100.00%(81),100.00%(81),100.00%(81),100.00%(81),100.00%(81),91.36%(74),75.31%(61),,SKII13141V30_5-LC001929-S01-D01-L12-C206C184,,,pass
241025162532_B116_SKII13141-116-YY2-2-241025162531,B116,LC002060-S01-D01-L12-C206C190,495000,344280,0.6955,0.0347,140,140,0.97,0.95,0.53,344185,0.9997,0.9997,2118.82,0.7456,0.9031,100.00%(81),100.00%(81),100.00%(81),100.00%(81),100.00%(81),100.00%(81),100.00%(81),100.00%(81),91.36%(74),71.60%(58),,SKII13141V30_6-LC002060-S01-D01-L12-C206C190,,,pass
241025162532_B116_SKII13141-116-YY2-2-241025162531,B116,LC002521-S01-D01-L12-C206C191,673556,463504,0.6881,0.0246,137,139,0.96,0.94,0.52,463360,0.9997,0.9998,2932.35,0.7638,0.9396,100.00%(81),100.00%(81),100.00%(81),100.00%(81),100.00%(81),100.00%(81),100.00%(81),100.00%(81),97.53%(79),85.19%(69),,SKII13141V30_7-LC002521-S01-D01-L12-C206C191,,,pass
241025162532_B116_SKII13141-116-YY2-2-241025162531,B116,LC002635-S01-D01-L12-C206C102,626994,432604,0.69,0.0277,140,141,0.97,0.94,0.51,432458,0.9997,1,2774.76,0.7806,0.9161,100.00%(81),100.00%(81),100.00%(81),100.00%(81),100.00%(81),100.00%(81),100.00%(81),100.00%(81),95.06%(77),82.72%(67),,SKII13141V30_8-LC002635-S01-D01-L12-C206C102,,,pass
241025162532_B116_SKII13141-116-YY2-2-241025162531,B116,LC002636-S01-D01-L12-C206C103,595050,416280,0.6996,0.0254,139,140,0.97,0.95,0.52,416162,0.9997,0.9999,2660.79,0.7702,0.9064,100.00%(81),100.00%(81),100.00%(81),100.00%(81),100.00%(81),100.00%(81),100.00%(81),100.00%(81),95.06%(77),82.72%(67),,SKII13141V30_9-LC002636-S01-D01-L12-C206C103,,,pass
241026150107_B121_SKII13147-121-YY2-2-241026150108,B121,LC002665-S01-D01-L12-C206C106,709064,526360,0.7423,0.0254,141,141,0.97,0.94,0.52,526234,0.9998,1,3440.49,0.8018,0.954,100.00%(81),100.00%(81),100.00%(81),100.00%(81),100.00%(81),100.00%(81),100.00%(81),100.00%(81),100.00%(81),95.06%(77),,SKII13147V30_10-LC002665-S01-D01-L12-C206C106,,,pass
241026150107_B121_SKII13147-121-YY2-2-241026150108,B121,LC002711-S01-D01-L12-C206C111,1000000,708602,0.7086,0.0199,135,139,0.96,0.94,0.53,708339,0.9996,1,4583.29,0.7881,0.9255,100.00%(81),100.00%(81),100.00%(81),100.00%(81),100.00%(81),100.00%(81),100.00%(81),100.00%(81),96.30%(78),91.36%(74),,SKII13147V30_11-LC002711-S01-D01-L12-C206C111,rs1799752|位于灰区|PB285-F-2|PB212-R|PA-SF,rs1799752,pass
241026150107_B121_SKII13147-121-YY2-2-241026150108,B121,LC002712-S01-D01-L12-C206C112,1000000,752654,0.7527,0.0313,140,140,0.97,0.95,0.53,752533,0.9998,1,4936.85,0.8138,0.9146,100.00%(81),100.00%(81),100.00%(81),100.00%(81),100.00%(81),100.00%(81),100.00%(81),100.00%(81),100.00%(81),93.83%(76),,SKII13147V30_12-LC002712-S01-D01-L12-C206C112,,,pass
241026150107_B121_SKII13147-121-YY2-2-241026150108,B121,LC002719-S01-D01-L12-C206C116,1000000,742256,0.7423,0.0337,140,140,0.96,0.94,0.53,742059,0.9997,1,4880.63,0.8255,0.8796,100.00%(81),100.00%(81),100.00%(81),100.00%(81),100.00%(81),100.00%(81),100.00%(81),100.00%(81),100.00%(81),90.12%(73),,SKII13147V30_13-LC002719-S01-D01-L12-C206C116,,,pass
241026150107_B121_SKII13147-121-YY2-2-241026150108,B121,LC002693-S01-D01-L12-C206C107,730656,550260,0.7531,0.0378,142,141,0.97,0.95,0.53,550195,0.9999,1,3647.51,0.8353,0.9194,100.00%(81),100.00%(81),100.00%(81),100.00%(81),100.00%(81),100.00%(81),100.00%(81),100.00%(81),97.53%(79),91.36%(74),,SKII13147V30_14-LC002693-S01-D01-L12-C206C107,,,pass
241026150107_B121_SKII13147-121-YY2-2-241026150108,B121,LC002714-S01-D01-L12-C206C113,1000000,707262,0.7073,0.017,136,139,0.96,0.94,0.53,707189,0.9999,1,4578.9,0.7802,0.9053,100.00%(81),100.00%(81),100.00%(81),100.00%(81),100.00%(81),100.00%(81),100.00%(81),100.00%(81),98.77%(80),91.36%(74),,SKII13147V30_15-LC002714-S01-D01-L12-C206C113,HLA|深度不足|HLA_longrange,hla_warning,warning
241026150107_B121_SKII13147-121-YY2-2-241026150108,B121,LC002909-S01-D01-L12-C206C165,1000000,734878,0.7349,0.0289,137,139,0.96,0.94,0.53,734760,0.9998,1,4741.41,0.7885,0.904,100.00%(81),100.00%(81),100.00%(81),100.00%(81),100.00%(81),100.00%(81),100.00%(81),100.00%(81),97.53%(79),91.36%(74),,SKII13147V30_16-LC002909-S01-D01-L12-C206C165,,,pass
241026150107_B121_SKII13147-121-YY2-2-241026150108,B121,LC002303-S01-D01-L12-C208C143,960886,697454,0.7258,0.0215,140,142,0.96,0.94,0.53,696877,0.9992,1,4533.69,0.7849,0.9572,100.00%(81),100.00%(81),100.00%(81),100.00%(81),100.00%(81),100.00%(81),100.00%(81),100.00%(81),100.00%(81),95.06%(77),,SKII13147V30_17-LC002303-S01-D01-L12-C208C143,,,pass
241026150107_B121_SKII13147-121-YY2-2-241026150108,B121,LC002480-S01-D01-L12-C208C138,1000000,751362,0.7514,0.0228,139,140,0.97,0.95,0.53,751170,0.9997,1,4850.07,0.7695,0.9404,100.00%(81),100.00%(81),100.00%(81),100.00%(81),100.00%(81),100.00%(81),100.00%(81),100.00%(81),100.00%(81),96.30%(78),,SKII13147V30_18-LC002480-S01-D01-L12-C208C138,,,pass
241026150107_B121_SKII13147-121-YY2-2-241026150108,B121,LC002692-S01-D01-L12-C208C156,1000000,739712,0.7397,0.025,138,140,0.96,0.94,0.52,739503,0.9997,1,4794.3,0.786,0.9186,100.00%(81),100.00%(81),100.00%(81),100.00%(81),100.00%(81),100.00%(81),100.00%(81),100.00%(81),98.77%(80),95.06%(77),,SKII13147V30_19-LC002692-S01-D01-L12-C208C156,,,pass
241026150107_B121_SKII13147-121-YY2-2-241026150108,B121,LC002312-S01-D01-L12-C208C145,1000000,719702,0.7197,0.0193,138,141,0.96,0.94,0.53,719408,0.9996,0.9987,4646.76,0.7776,0.9317,100.00%(81),100.00%(81),100.00%(81),100.00%(81),100.00%(81),100.00%(81),100.00%(81),100.00%(81),100.00%(81),93.83%(76),,SKII13147V30_1-LC002312-S01-D01-L12-C208C145,,,pass
241026150107_B121_SKII13147-121-YY2-2-241026150108,B121,LC002647-S01-D01-L12-C206C104,862956,649902,0.7531,0.0258,138,140,0.97,0.95,0.53,649756,0.9998,1,4249.8,0.7895,0.9096,100.00%(81),100.00%(81),100.00%(81),100.00%(81),100.00%(81),100.00%(81),100.00%(81),100.00%(81),98.77%(80),91.36%(74),,SKII13147V30_20-LC002647-S01-D01-L12-C206C104,,,pass
241026150107_B121_SKII13147-121-YY2-2-241026150108,B121,LC002664-S01-D01-L12-C206C105,787604,583310,0.7406,0.0246,140,141,0.96,0.94,0.54,583065,0.9996,0.9987,3824.02,0.8114,0.9384,100.00%(81),100.00%(81),100.00%(81),100.00%(81),100.00%(81),100.00%(81),100.00%(81),100.00%(81),98.77%(80),91.36%(74),,SKII13147V30_21-LC002664-S01-D01-L12-C206C105,,,pass
241026150107_B121_SKII13147-121-YY2-2-241026150108,B121,LC001876-S02-D01-L12-C206C130,988522,740402,0.749,0.036,139,137,0.97,0.95,0.54,740254,0.9998,1,4597.53,0.7559,0.9264,100.00%(81),100.00%(81),100.00%(81),100.00%(81),100.00%(81),100.00%(81),100.00%(81),100.00%(81),98.77%(80),93.83%(76),,SKII13147V30_22-LC001876-S02-D01-L12-C206C130,,,pass
241026150107_B121_SKII13147-121-YY2-2-241026150108,B121,CN001477-S09-D04-L13-C206C131,1000000,723960,0.724,0.0223,138,140,0.96,0.94,0.54,723778,0.9997,1,4533.89,0.7497,0.9301,100.00%(81),100.00%(81),100.00%(81),100.00%(81),100.00%(81),100.00%(81),100.00%(81),100.00%(81),100.00%(81),92.59%(75),,SKII13147V30_23-CN001477-S09-D04-L13-C206C131,,,pass
241026150107_B121_SKII13147-121-YY2-2-241026150108,B121,LC002658-S01-D01-L12-C208C154,789746,574016,0.7268,0.0269,139,141,0.96,0.94,0.53,573854,0.9997,1,3723.95,0.8008,0.9298,100.00%(81),100.00%(81),100.00%(81),100.00%(81),100.00%(81),100.00%(81),100.00%(81),100.00%(81),98.77%(80),91.36%(74),,SKII13147V30_2-LC002658-S01-D01-L12-C208C154,,,pass
241026150107_B121_SKII13147-121-YY2-2-241026150108,B121,LC002901-S01-D01-L12-C208C160,901776,670428,0.7435,0.027,139,141,0.97,0.95,0.53,670048,0.9994,1,4406.96,0.8042,0.9013,100.00%(81),100.00%(81),100.00%(81),100.00%(81),100.00%(81),100.00%(81),100.00%(81),100.00%(81),100.00%(81),93.83%(76),,SKII13147V30_3-LC002901-S01-D01-L12-C208C160,,,pass
241026150107_B121_SKII13147-121-YY2-2-241026150108,B121,LC002922-S01-D01-L12-C206C177,1000000,732858,0.7329,0.0182,138,141,0.96,0.94,0.53,732650,0.9997,1,4803.48,0.8,0.9483,100.00%(81),100.00%(81),100.00%(81),100.00%(81),100.00%(81),100.00%(81),100.00%(81),100.00%(81),100.00%(81),93.83%(76),,SKII13147V30_4-LC002922-S01-D01-L12-C206C177,,,pass
241026150107_B121_SKII13147-121-YY2-2-241026150108,B121,LC001929-S01-D01-L12-C206C184,1000000,746368,0.7464,0.0346,142,142,0.97,0.95,0.53,746200,0.9998,0.9977,4735.56,0.7816,0.9256,100.00%(81),100.00%(81),100.00%(81),100.00%(81),100.00%(81),100.00%(81),100.00%(81),100.00%(81),100.00%(81),93.83%(76),,SKII13147V30_5-LC001929-S01-D01-L12-C206C184,,,pass
241026150107_B121_SKII13147-121-YY2-2-241026150108,B121,LC002060-S01-D01-L12-C206C190,837110,618836,0.7393,0.0321,140,140,0.97,0.94,0.54,618691,0.9998,0.9987,3898.73,0.7706,0.9353,100.00%(81),100.00%(81),100.00%(81),100.00%(81),100.00%(81),100.00%(81),100.00%(81),100.00%(81),100.00%(81),91.36%(74),,SKII13147V30_6-LC002060-S01-D01-L12-C206C190,,,pass
241026150107_B121_SKII13147-121-YY2-2-241026150108,B121,LC002521-S01-D01-L12-C206C191,1000000,738746,0.7387,0.0234,139,141,0.96,0.94,0.54,738569,0.9998,1,4843.91,0.8016,0.9514,100.00%(81),100.00%(81),100.00%(81),100.00%(81),100.00%(81),100.00%(81),100.00%(81),100.00%(81),100.00%(81),96.30%(78),,SKII13147V30_7-LC002521-S01-D01-L12-C206C191,,,pass
241026150107_B121_SKII13147-121-YY2-2-241026150108,B121,LC002635-S01-D01-L12-C206C102,1000000,747364,0.7474,0.0273,141,142,0.96,0.94,0.52,747133,0.9997,1,4944.55,0.8106,0.9274,100.00%(81),100.00%(81),100.00%(81),100.00%(81),100.00%(81),100.00%(81),100.00%(81),100.00%(81),98.77%(80),93.83%(76),,SKII13147V30_8-LC002635-S01-D01-L12-C206C102,,,pass
241026150107_B121_SKII13147-121-YY2-2-241026150108,B121,LC002636-S01-D01-L12-C206C103,1000000,756168,0.7562,0.025,140,141,0.97,0.95,0.53,755945,0.9997,1,4959.72,0.7991,0.9245,100.00%(81),100.00%(81),100.00%(81),100.00%(81),100.00%(81),100.00%(81),100.00%(81),100.00%(81),100.00%(81),95.06%(77),,SKII13147V30_9-LC002636-S01-D01-L12-C206C103,,,pass
241026152151_B115_SKII13148-115-YY2-2-241026152151,B115,LC002665-S01-D01-L12-C206C106,681200,500090,0.7341,0.0278,142,143,0.96,0.94,0.52,499963,0.9997,1,3320.13,0.8136,0.9434,100.00%(81),100.00%(81),100.00%(81),100.00%(81),100.00%(81),100.00%(81),100.00%(81),100.00%(81),98.77%(80),92.59%(75),,SKII13148V30_10-LC002665-S01-D01-L12-C206C106,,,pass
241026152151_B115_SKII13148-115-YY2-2-241026152151,B115,LC002711-S01-D01-L12-C206C111,1000000,697926,0.6979,0.0216,135,140,0.96,0.94,0.52,697636,0.9996,1,4576.59,0.799,0.9147,100.00%(81),100.00%(81),100.00%(81),100.00%(81),100.00%(81),100.00%(81),100.00%(81),100.00%(81),96.30%(78),90.12%(73),,SKII13148V30_11-LC002711-S01-D01-L12-C206C111,rs1799752|位于灰区|PB285-F-2|PB212-R|PA-SF,rs1799752,pass
241026152151_B115_SKII13148-115-YY2-2-241026152151,B115,LC002712-S01-D01-L12-C206C112,1000000,746078,0.7461,0.034,140,141,0.96,0.94,0.53,745930,0.9998,1,4945.06,0.8195,0.9136,100.00%(81),100.00%(81),100.00%(81),100.00%(81),100.00%(81),100.00%(81),100.00%(81),100.00%(81),100.00%(81),93.83%(76),,SKII13148V30_12-LC002712-S01-D01-L12-C206C112,,,pass
241026152151_B115_SKII13148-115-YY2-2-241026152151,B115,LC002719-S01-D01-L12-C206C116,1000000,727838,0.7278,0.0364,141,142,0.96,0.94,0.53,727607,0.9997,1,4860.54,0.838,0.8867,100.00%(81),100.00%(81),100.00%(81),100.00%(81),100.00%(81),100.00%(81),100.00%(81),100.00%(81),98.77%(80),91.36%(74),,SKII13148V30_13-LC002719-S01-D01-L12-C206C116,,,pass
241026152151_B115_SKII13148-115-YY2-2-241026152151,B115,LC002693-S01-D01-L12-C206C107,710016,529858,0.7463,0.0408,144,143,0.96,0.94,0.53,529755,0.9998,1,3569.08,0.8467,0.9125,100.00%(81),100.00%(81),100.00%(81),100.00%(81),100.00%(81),100.00%(81),100.00%(81),100.00%(81),97.53%(79),92.59%(75),,SKII13148V30_14-LC002693-S01-D01-L12-C206C107,,,pass
241026152151_B115_SKII13148-115-YY2-2-241026152151,B115,LC002714-S01-D01-L12-C206C113,1000000,692444,0.6924,0.0193,136,141,0.96,0.93,0.53,692344,0.9999,1,4544.24,0.7905,0.9142,100.00%(81),100.00%(81),100.00%(81),100.00%(81),100.00%(81),100.00%(81),100.00%(81),100.00%(81),97.53%(79),91.36%(74),,SKII13148V30_15-LC002714-S01-D01-L12-C206C113,HLA|深度不足|HLA_longrange,hla_warning,warning
241026152151_B115_SKII13148-115-YY2-2-241026152151,B115,LC002909-S01-D01-L12-C206C165,995702,721402,0.7245,0.0319,138,140,0.96,0.94,0.53,721261,0.9998,1,4700.66,0.7919,0.8869,100.00%(81),100.00%(81),100.00%(81),100.00%(81),100.00%(81),100.00%(81),100.00%(81),100.00%(81),98.77%(80),90.12%(73),,SKII13148V30_16-LC002909-S01-D01-L12-C206C165,,,pass
241026152151_B115_SKII13148-115-YY2-2-241026152151,B115,LC002303-S01-D01-L12-C208C143,937566,672756,0.7176,0.0238,141,144,0.96,0.94,0.52,672164,0.9991,1,4440.68,0.7965,0.9439,100.00%(81),100.00%(81),100.00%(81),100.00%(81),100.00%(81),100.00%(81),100.00%(81),100.00%(81),100.00%(81),95.06%(77),,SKII13148V30_17-LC002303-S01-D01-L12-C208C143,,,pass
241026152151_B115_SKII13148-115-YY2-2-241026152151,B115,LC002480-S01-D01-L12-C208C138,1000000,742698,0.7427,0.0251,139,141,0.96,0.94,0.53,742499,0.9997,1,4859.23,0.7758,0.9354,100.00%(81),100.00%(81),100.00%(81),100.00%(81),100.00%(81),100.00%(81),100.00%(81),100.00%(81),100.00%(81),97.53%(79),,SKII13148V30_18-LC002480-S01-D01-L12-C208C138,,,pass
241026152151_B115_SKII13148-115-YY2-2-241026152151,B115,LC002692-S01-D01-L12-C208C156,990942,721852,0.7285,0.0273,139,142,0.96,0.94,0.52,721654,0.9997,1,4748.7,0.795,0.914,100.00%(81),100.00%(81),100.00%(81),100.00%(81),100.00%(81),100.00%(81),100.00%(81),100.00%(81),98.77%(80),95.06%(77),,SKII13148V30_19-LC002692-S01-D01-L12-C208C156,,,pass
241026152151_B115_SKII13148-115-YY2-2-241026152151,B115,LC002312-S01-D01-L12-C208C145,1000000,714468,0.7145,0.0216,139,143,0.96,0.94,0.53,714180,0.9996,0.9987,4695.71,0.7899,0.9283,100.00%(81),100.00%(81),100.00%(81),100.00%(81),100.00%(81),100.00%(81),100.00%(81),100.00%(81),100.00%(81),92.59%(75),,SKII13148V30_1-LC002312-S01-D01-L12-C208C145,,,pass
241026152151_B115_SKII13148-115-YY2-2-241026152151,B115,LC002647-S01-D01-L12-C206C104,837454,624638,0.7459,0.0283,139,140,0.96,0.94,0.53,624520,0.9998,0.9977,4120.33,0.7919,0.9017,100.00%(81),100.00%(81),100.00%(81),100.00%(81),100.00%(81),100.00%(81),100.00%(81),100.00%(81),96.30%(78),88.89%(72),,SKII13148V30_20-LC002647-S01-D01-L12-C206C104,,,pass
241026152151_B115_SKII13148-115-YY2-2-241026152151,B115,LC002664-S01-D01-L12-C206C105,762238,560884,0.7358,0.027,141,142,0.96,0.94,0.54,560645,0.9996,0.9999,3715.65,0.8175,0.9343,100.00%(81),100.00%(81),100.00%(81),100.00%(81),100.00%(81),100.00%(81),100.00%(81),100.00%(81),98.77%(80),90.12%(73),,SKII13148V30_21-LC002664-S01-D01-L12-C206C105,,,pass
241026152151_B115_SKII13148-115-YY2-2-241026152151,B115,LC001876-S02-D01-L12-C206C130,956128,711500,0.7441,0.039,140,139,0.96,0.94,0.54,711297,0.9997,1,4469.91,0.7601,0.9042,100.00%(81),100.00%(81),100.00%(81),100.00%(81),100.00%(81),100.00%(81),100.00%(81),100.00%(81),97.53%(79),91.36%(74),,SKII13148V30_22-LC001876-S02-D01-L12-C206C130,,,pass
241026152151_B115_SKII13148-115-YY2-2-241026152151,B115,CN001477-S09-D04-L13-C206C131,1000000,722730,0.7227,0.0252,139,141,0.96,0.94,0.54,722544,0.9997,1,4575.19,0.7536,0.9082,100.00%(81),100.00%(81),100.00%(81),100.00%(81),100.00%(81),100.00%(81),100.00%(81),100.00%(81),100.00%(81),91.36%(74),,SKII13148V30_23-CN001477-S09-D04-L13-C206C131,,,pass
241026152151_B115_SKII13148-115-YY2-2-241026152151,B115,LC002658-S01-D01-L12-C208C154,763900,546150,0.7149,0.0298,140,142,0.96,0.94,0.53,546002,0.9997,1,3584.58,0.8088,0.9266,100.00%(81),100.00%(81),100.00%(81),100.00%(81),100.00%(81),100.00%(81),100.00%(81),100.00%(81),97.53%(79),91.36%(74),,SKII13148V30_2-LC002658-S01-D01-L12-C208C154,,,pass
241026152151_B115_SKII13148-115-YY2-2-241026152151,B115,LC002901-S01-D01-L12-C208C160,885510,651200,0.7354,0.0295,140,143,0.96,0.94,0.53,650770,0.9993,1,4338.92,0.8119,0.9108,100.00%(81),100.00%(81),100.00%(81),100.00%(81),100.00%(81),100.00%(81),100.00%(81),100.00%(81),100.00%(81),92.59%(75),,SKII13148V30_3-LC002901-S01-D01-L12-C208C160,,,pass
241026152151_B115_SKII13148-115-YY2-2-241026152151,B115,LC002922-S01-D01-L12-C206C177,998316,722778,0.724,0.0202,139,143,0.96,0.94,0.53,722545,0.9997,1,4803.24,0.8109,0.9367,100.00%(81),100.00%(81),100.00%(81),100.00%(81),100.00%(81),100.00%(81),100.00%(81),100.00%(81),100.00%(81),92.59%(75),,SKII13148V30_4-LC002922-S01-D01-L12-C206C177,,,pass
241026152151_B115_SKII13148-115-YY2-2-241026152151,B115,LC001929-S01-D01-L12-C206C184,978416,725920,0.7419,0.0377,143,143,0.96,0.94,0.53,725759,0.9998,0.9977,4660.92,0.7889,0.9066,100.00%(81),100.00%(81),100.00%(81),100.00%(81),100.00%(81),100.00%(81),100.00%(81),100.00%(81),98.77%(80),91.36%(74),,SKII13148V30_5-LC001929-S01-D01-L12-C206C184,,,pass
241026152151_B115_SKII13148-115-YY2-2-241026152151,B115,LC002060-S01-D01-L12-C206C190,820692,604758,0.7369,0.0354,141,142,0.96,0.94,0.54,604583,0.9997,0.9987,3862.15,0.7782,0.9161,100.00%(81),100.00%(81),100.00%(81),100.00%(81),100.00%(81),100.00%(81),100.00%(81),100.00%(81),100.00%(81),90.12%(73),,SKII13148V30_6-LC002060-S01-D01-L12-C206C190,,,pass
241026152151_B115_SKII13148-115-YY2-2-241026152151,B115,LC002521-S01-D01-L12-C206C191,1000000,731374,0.7314,0.0259,140,142,0.96,0.94,0.53,731170,0.9997,1,4841.31,0.8085,0.9419,100.00%(81),100.00%(81),100.00%(81),100.00%(81),100.00%(81),100.00%(81),100.00%(81),100.00%(81),100.00%(81),96.30%(78),,SKII13148V30_7-LC002521-S01-D01-L12-C206C191,,,pass
241026152151_B115_SKII13148-115-YY2-2-241026152151,B115,LC002635-S01-D01-L12-C206C102,1000000,738012,0.738,0.0293,142,144,0.96,0.94,0.52,737712,0.9996,1,4944.14,0.8194,0.9237,100.00%(81),100.00%(81),100.00%(81),100.00%(81),100.00%(81),100.00%(81),100.00%(81),100.00%(81),98.77%(80),95.06%(77),,SKII13148V30_8-LC002635-S01-D01-L12-C206C102,,,pass
241026152151_B115_SKII13148-115-YY2-2-241026152151,B115,LC002636-S01-D01-L12-C206C103,987502,738646,0.748,0.0268,141,142,0.96,0.94,0.52,738368,0.9996,1,4922.93,0.8094,0.9155,100.00%(81),100.00%(81),100.00%(81),100.00%(81),100.00%(81),100.00%(81),100.00%(81),100.00%(81),100.00%(81),95.06%(77),,SKII13148V30_9-LC002636-S01-D01-L12-C206C103,,,pass
241027150041_B116_SKII13151-116-YY2-3-241027150041,B116,LC002665-S01-D01-L12-C206C106,385520,276798,0.718,0.0256,144,142,0.97,0.95,0.51,276737,0.9998,1,1788.99,0.7866,0.9388,100.00%(81),100.00%(81),100.00%(81),100.00%(81),100.00%(81),100.00%(81),100.00%(81),98.77%(80),93.83%(76),71.60%(58),,SKII13151V30_10-LC002665-S01-D01-L12-C206C106,,,pass
241027150041_B116_SKII13151-116-YY2-3-241027150041,B116,LC002711-S01-D01-L12-C206C111,732366,508772,0.6947,0.0203,136,139,0.97,0.94,0.51,508603,0.9997,1,3229.96,0.765,0.9145,100.00%(81),100.00%(81),100.00%(81),100.00%(81),100.00%(81),100.00%(81),100.00%(81),100.00%(81),95.06%(77),87.65%(71),,SKII13151V30_11-LC002711-S01-D01-L12-C206C111,,,pass
241027150041_B116_SKII13151-116-YY2-3-241027150041,B116,LC002712-S01-D01-L12-C206C112,678966,491858,0.7244,0.0329,141,140,0.97,0.95,0.52,491750,0.9998,1,3167.8,0.7943,0.8961,100.00%(81),100.00%(81),100.00%(81),100.00%(81),100.00%(81),100.00%(81),100.00%(81),100.00%(81),95.06%(77),90.12%(73),,SKII13151V30_12-LC002712-S01-D01-L12-C206C112,,,pass
241027150041_B116_SKII13151-116-YY2-3-241027150041,B116,LC002719-S01-D01-L12-C206C116,702922,502562,0.715,0.0347,141,140,0.97,0.95,0.52,502417,0.9997,1,3221.92,0.798,0.8725,100.00%(81),100.00%(81),100.00%(81),100.00%(81),100.00%(81),100.00%(81),100.00%(81),100.00%(81),95.06%(77),86.42%(70),,SKII13151V30_13-LC002719-S01-D01-L12-C206C116,,,pass
241027150041_B116_SKII13151-116-YY2-3-241027150041,B116,LC002693-S01-D01-L12-C206C107,450900,324054,0.7187,0.0382,144,141,0.97,0.95,0.52,324004,0.9998,1,2103.36,0.8094,0.8985,100.00%(81),100.00%(81),100.00%(81),100.00%(81),100.00%(81),100.00%(81),100.00%(81),100.00%(81),91.36%(74),79.01%(64),,SKII13151V30_14-LC002693-S01-D01-L12-C206C107,,,pass
241027150041_B116_SKII13151-116-YY2-3-241027150041,B116,LC002714-S01-D01-L12-C206C113,814154,568614,0.6984,0.0175,137,140,0.97,0.95,0.52,568548,0.9999,1,3617.09,0.7568,0.9027,100.00%(81),100.00%(81),100.00%(81),100.00%(81),100.00%(81),100.00%(81),100.00%(81),100.00%(81),95.06%(77),88.89%(72),,SKII13151V30_15-LC002714-S01-D01-L12-C206C113,,,pass
241027150041_B116_SKII13151-116-YY2-3-241027150041,B116,LC002909-S01-D01-L12-C206C165,629846,445412,0.7072,0.0297,138,139,0.97,0.95,0.52,445309,0.9998,1,2815.48,0.7669,0.886,100.00%(81),100.00%(81),100.00%(81),100.00%(81),100.00%(81),100.00%(81),100.00%(81),100.00%(81),92.59%(75),86.42%(70),,SKII13151V30_16-LC002909-S01-D01-L12-C206C165,,,pass
241027150041_B116_SKII13151-116-YY2-3-241027150041,B116,LC002303-S01-D01-L12-C208C143,555708,392124,0.7056,0.0225,142,142,0.97,0.95,0.52,391790,0.9991,0.9996,2523.29,0.7715,0.9459,100.00%(81),100.00%(81),100.00%(81),100.00%(81),100.00%(81),100.00%(81),100.00%(81),100.00%(81),96.30%(78),81.48%(66),,SKII13151V30_17-LC002303-S01-D01-L12-C208C143,,,pass
241027150041_B116_SKII13151-116-YY2-3-241027150041,B116,LC002480-S01-D01-L12-C208C138,659138,474892,0.7205,0.0242,140,140,0.97,0.95,0.52,474751,0.9997,1,3017.02,0.7525,0.9284,100.00%(81),100.00%(81),100.00%(81),100.00%(81),100.00%(81),100.00%(81),100.00%(81),100.00%(81),100.00%(81),88.89%(72),,SKII13151V30_18-LC002480-S01-D01-L12-C208C138,,,pass
241027150041_B116_SKII13151-116-YY2-3-241027150041,B116,LC002692-S01-D01-L12-C208C156,625712,447366,0.715,0.0256,140,140,0.97,0.95,0.51,447256,0.9998,1,2842.04,0.7628,0.91,100.00%(81),100.00%(81),100.00%(81),100.00%(81),100.00%(81),100.00%(81),100.00%(81),100.00%(81),97.53%(79),87.65%(71),,SKII13151V30_19-LC002692-S01-D01-L12-C208C156,,,pass
241027150041_B116_SKII13151-116-YY2-3-241027150041,B116,LC002312-S01-D01-L12-C208C145,703824,488990,0.6948,0.0201,140,142,0.97,0.94,0.52,488756,0.9995,0.9987,3096.28,0.7543,0.9382,100.00%(81),100.00%(81),100.00%(81),100.00%(81),100.00%(81),100.00%(81),100.00%(81),100.00%(81),97.53%(79),87.65%(71),,SKII13151V30_1-LC002312-S01-D01-L12-C208C145,,,pass
241027150041_B116_SKII13151-116-YY2-3-241027150041,B116,LC002647-S01-D01-L12-C206C104,532812,380990,0.7151,0.0269,139,140,0.97,0.95,0.52,380891,0.9997,0.9978,2447.05,0.772,0.8945,100.00%(81),100.00%(81),100.00%(81),100.00%(81),100.00%(81),100.00%(81),100.00%(81),100.00%(81),91.36%(74),80.25%(65),,SKII13151V30_20-LC002647-S01-D01-L12-C206C104,,,pass
241027150041_B116_SKII13151-116-YY2-3-241027150041,B116,LC002664-S01-D01-L12-C206C105,476752,336714,0.7063,0.0249,141,141,0.97,0.95,0.53,336568,0.9996,0.9977,2161.32,0.7864,0.9238,100.00%(81),100.00%(81),100.00%(81),100.00%(81),100.00%(81),100.00%(81),100.00%(81),98.77%(80),93.83%(76),79.01%(64),,SKII13151V30_21-LC002664-S01-D01-L12-C206C105,,,pass
241027150041_B116_SKII13151-116-YY2-3-241027150041,B116,LC001876-S02-D01-L12-C206C130,603380,427986,0.7093,0.038,140,138,0.97,0.95,0.53,427878,0.9997,1,2611.98,0.7384,0.9194,100.00%(81),100.00%(81),100.00%(81),100.00%(81),100.00%(81),100.00%(81),100.00%(81),98.77%(80),95.06%(77),81.48%(66),,SKII13151V30_22-LC001876-S02-D01-L12-C206C130,,,pass
241027150041_B116_SKII13151-116-YY2-3-241027150041,B116,CN001477-S09-D04-L13-C206C131,643646,450638,0.7001,0.0231,139,141,0.97,0.95,0.53,450494,0.9997,1,2794.26,0.7365,0.9257,100.00%(81),100.00%(81),100.00%(81),100.00%(81),100.00%(81),100.00%(81),100.00%(81),100.00%(81),96.30%(78),85.19%(69),,SKII13151V30_23-CN001477-S09-D04-L13-C206C131,,,pass
241027150041_B116_SKII13151-116-YY2-3-241027150041,B116,LC002658-S01-D01-L12-C208C154,482772,337116,0.6983,0.0278,140,141,0.97,0.95,0.52,337024,0.9997,1,2150.67,0.7783,0.9182,100.00%(81),100.00%(81),100.00%(81),100.00%(81),100.00%(81),100.00%(81),100.00%(81),100.00%(81),92.59%(75),77.78%(63),,SKII13151V30_2-LC002658-S01-D01-L12-C208C154,,,pass
241027150041_B116_SKII13151-116-YY2-3-241027150041,B116,LC002901-S01-D01-L12-C208C160,554474,395252,0.7128,0.0276,140,141,0.97,0.95,0.52,395025,0.9994,0.9996,2545.7,0.7795,0.8939,100.00%(81),100.00%(81),100.00%(81),100.00%(81),100.00%(81),100.00%(81),100.00%(81),100.00%(81),96.30%(78),82.72%(67),,SKII13151V30_3-LC002901-S01-D01-L12-C208C160,,,pass
241027150041_B116_SKII13151-116-YY2-3-241027150041,B116,LC002922-S01-D01-L12-C206C177,619720,439448,0.7091,0.0193,140,142,0.97,0.95,0.52,439315,0.9997,1,2834.74,0.7798,0.9473,100.00%(81),100.00%(81),100.00%(81),100.00%(81),100.00%(81),100.00%(81),100.00%(81),100.00%(81),96.30%(78),85.19%(69),,SKII13151V30_4-LC002922-S01-D01-L12-C206C177,,,pass
241027150041_B116_SKII13151-116-YY2-3-241027150041,B116,LC001929-S01-D01-L12-C206C184,624862,445326,0.7127,0.0358,143,142,0.97,0.95,0.52,445213,0.9997,0.9999,2774.79,0.7621,0.9065,100.00%(81),100.00%(81),100.00%(81),100.00%(81),100.00%(81),100.00%(81),100.00%(81),100.00%(81),95.06%(77),82.72%(67),,SKII13151V30_5-LC001929-S01-D01-L12-C206C184,,,pass
241027150041_B116_SKII13151-116-YY2-3-241027150041,B116,LC002060-S01-D01-L12-C206C190,527042,374228,0.7101,0.0339,141,141,0.97,0.95,0.53,374128,0.9997,0.9987,2321.32,0.7533,0.9278,100.00%(81),100.00%(81),100.00%(81),100.00%(81),100.00%(81),100.00%(81),100.00%(81),100.00%(81),95.06%(77),80.25%(65),,SKII13151V30_6-LC002060-S01-D01-L12-C206C190,,,pass
241027150041_B116_SKII13151-116-YY2-3-241027150041,B116,LC002521-S01-D01-L12-C206C191,709440,503438,0.7096,0.0251,140,141,0.97,0.95,0.52,503307,0.9997,1,3241.06,0.7796,0.935,100.00%(81),100.00%(81),100.00%(81),100.00%(81),100.00%(81),100.00%(81),100.00%(81),100.00%(81),98.77%(80),90.12%(73),,SKII13151V30_7-LC002521-S01-D01-L12-C206C191,HLA|深度不足|HLA_longrange,hla_warning,warning
241027150041_B116_SKII13151-116-YY2-3-241027150041,B116,LC002635-S01-D01-L12-C206C102,652064,469692,0.7203,0.028,142,142,0.97,0.95,0.51,469498,0.9996,1,3039.18,0.7848,0.9104,100.00%(81),100.00%(81),100.00%(81),100.00%(81),100.00%(81),100.00%(81),100.00%(81),100.00%(81),96.30%(78),88.89%(72),,SKII13151V30_8-LC002635-S01-D01-L12-C206C102,,,pass
241027150041_B116_SKII13151-116-YY2-3-241027150041,B116,LC002636-S01-D01-L12-C206C103,625264,450552,0.7206,0.0259,141,141,0.97,0.95,0.52,450356,0.9996,1,2904.69,0.778,0.9111,100.00%(81),100.00%(81),100.00%(81),100.00%(81),100.00%(81),100.00%(81),100.00%(81),100.00%(81),96.30%(78),88.89%(72),,SKII13151V30_9-LC002636-S01-D01-L12-C206C103,,,pass
241028160314_B121_SKII13155-121-YY2-3-241028160314,B121,LC002665-S01-D01-L12-C206C106,689642,535108,0.7759,0.0234,142,142,0.97,0.95,0.52,534985,0.9998,1,3517.62,0.8058,0.9406,100.00%(81),100.00%(81),100.00%(81),100.00%(81),100.00%(81),100.00%(81),100.00%(81),100.00%(81),98.77%(80),92.59%(75),,SKII13155V30_10-LC002665-S01-D01-L12-C206C106,,,pass
241028160314_B121_SKII13155-121-YY2-3-241028160314,B121,LC002711-S01-D01-L12-C206C111,1000000,747590,0.7476,0.0187,137,140,0.96,0.94,0.53,747381,0.9997,1,4886.49,0.7933,0.9008,100.00%(81),100.00%(81),100.00%(81),100.00%(81),100.00%(81),100.00%(81),100.00%(81),100.00%(81),97.53%(79),91.36%(74),,SKII13155V30_11-LC002711-S01-D01-L12-C206C111,,,pass
241028160314_B121_SKII13155-121-YY2-3-241028160314,B121,LC002712-S01-D01-L12-C206C112,1000000,787578,0.7876,0.0301,141,141,0.97,0.95,0.53,787464,0.9999,1,5212.41,0.8178,0.9073,100.00%(81),100.00%(81),100.00%(81),100.00%(81),100.00%(81),100.00%(81),100.00%(81),100.00%(81),100.00%(81),92.59%(75),,SKII13155V30_12-LC002712-S01-D01-L12-C206C112,,,pass
241028160314_B121_SKII13155-121-YY2-3-241028160314,B121,LC002719-S01-D01-L12-C206C116,1000000,780206,0.7802,0.0322,142,141,0.97,0.95,0.53,780011,0.9998,1,5173.1,0.8288,0.8831,100.00%(81),100.00%(81),100.00%(81),100.00%(81),100.00%(81),100.00%(81),100.00%(81),100.00%(81),97.53%(79),91.36%(74),,SKII13155V30_13-LC002719-S01-D01-L12-C206C116,,,pass
241028160314_B121_SKII13155-121-YY2-3-241028160314,B121,LC002693-S01-D01-L12-C206C107,785330,616952,0.7856,0.0363,144,143,0.97,0.95,0.53,616852,0.9998,1,4127.88,0.8392,0.8961,100.00%(81),100.00%(81),100.00%(81),100.00%(81),100.00%(81),100.00%(81),100.00%(81),100.00%(81),97.53%(79),93.83%(76),,SKII13155V30_14-LC002693-S01-D01-L12-C206C107,,,pass
241028160314_B121_SKII13155-121-YY2-3-241028160314,B121,LC002714-S01-D01-L12-C206C113,1000000,749250,0.7492,0.0159,137,141,0.96,0.95,0.53,749169,0.9999,1,4901.04,0.7851,0.8856,100.00%(81),100.00%(81),100.00%(81),100.00%(81),100.00%(81),100.00%(81),100.00%(81),98.77%(80),97.53%(79),91.36%(74),,SKII13155V30_15-LC002714-S01-D01-L12-C206C113,HLA|深度不足|HLA_longrange,hla_warning,warning
241028160314_B121_SKII13155-121-YY2-3-241028160314,B121,LC002909-S01-D01-L12-C206C165,1000000,771444,0.7714,0.0277,139,140,0.97,0.95,0.53,771327,0.9998,1,5016.33,0.7906,0.8973,100.00%(81),100.00%(81),100.00%(81),100.00%(81),100.00%(81),100.00%(81),100.00%(81),100.00%(81),98.77%(80),91.36%(74),,SKII13155V30_16-LC002909-S01-D01-L12-C206C165,,,pass
241028160314_B121_SKII13155-121-YY2-3-241028160314,B121,LC002303-S01-D01-L12-C208C143,1000000,759536,0.7595,0.0206,141,143,0.97,0.95,0.53,758946,0.9992,1,5001.7,0.7951,0.9546,100.00%(81),100.00%(81),100.00%(81),100.00%(81),100.00%(81),100.00%(81),100.00%(81),100.00%(81),100.00%(81),96.30%(78),,SKII13155V30_17-LC002303-S01-D01-L12-C208C143,,,pass
241028160314_B121_SKII13155-121-YY2-3-241028160314,B121,LC002480-S01-D01-L12-C208C138,1000000,783220,0.7832,0.0219,140,141,0.97,0.95,0.53,783048,0.9998,1,5113.19,0.7764,0.9321,100.00%(81),100.00%(81),100.00%(81),100.00%(81),100.00%(81),100.00%(81),100.00%(81),100.00%(81),100.00%(81),97.53%(79),,SKII13155V30_18-LC002480-S01-D01-L12-C208C138,,,pass
241028160314_B121_SKII13155-121-YY2-3-241028160314,B121,LC002692-S01-D01-L12-C208C156,1000000,776788,0.7768,0.0237,140,141,0.97,0.95,0.52,776603,0.9998,1,5086.36,0.7908,0.9015,100.00%(81),100.00%(81),100.00%(81),100.00%(81),100.00%(81),100.00%(81),100.00%(81),100.00%(81),98.77%(80),93.83%(76),,SKII13155V30_19-LC002692-S01-D01-L12-C208C156,,,pass
241028160314_B121_SKII13155-121-YY2-3-241028160314,B121,LC002312-S01-D01-L12-C208C145,1000000,748482,0.7485,0.018,139,143,0.96,0.94,0.53,748206,0.9996,0.9987,4865.76,0.782,0.9245,100.00%(81),100.00%(81),100.00%(81),100.00%(81),100.00%(81),100.00%(81),100.00%(81),100.00%(81),100.00%(81),92.59%(75),,SKII13155V30_1-LC002312-S01-D01-L12-C208C145,,,pass
241028160314_B121_SKII13155-121-YY2-3-241028160314,B121,LC002647-S01-D01-L12-C206C104,928558,724096,0.7798,0.0249,139,141,0.97,0.95,0.53,723961,0.9998,0.9999,4789.79,0.7965,0.9023,100.00%(81),100.00%(81),100.00%(81),100.00%(81),100.00%(81),100.00%(81),100.00%(81),100.00%(81),98.77%(80),91.36%(74),,SKII13155V30_20-LC002647-S01-D01-L12-C206C104,,,pass
241028160314_B121_SKII13155-121-YY2-3-241028160314,B121,LC002664-S01-D01-L12-C206C105,851186,653572,0.7678,0.0226,141,142,0.97,0.95,0.54,653318,0.9996,0.9987,4319.4,0.8142,0.9232,100.00%(81),100.00%(81),100.00%(81),100.00%(81),100.00%(81),100.00%(81),100.00%(81),100.00%(81),100.00%(81),93.83%(76),,SKII13155V30_21-LC002664-S01-D01-L12-C206C105,,,pass
241028160314_B121_SKII13155-121-YY2-3-241028160314,B121,LC001876-S02-D01-L12-C206C130,1000000,775620,0.7756,0.0343,140,139,0.97,0.95,0.54,775441,0.9998,1,4857.63,0.759,0.9216,100.00%(81),100.00%(81),100.00%(81),100.00%(81),100.00%(81),100.00%(81),100.00%(81),100.00%(81),98.77%(80),92.59%(75),,SKII13155V30_22-LC001876-S02-D01-L12-C206C130,,,pass
241028160314_B121_SKII13155-121-YY2-3-241028160314,B121,CN001477-S09-D04-L13-C206C131,1000000,752738,0.7527,0.0207,139,141,0.97,0.95,0.54,752593,0.9998,1,4769.12,0.7549,0.9234,100.00%(81),100.00%(81),100.00%(81),100.00%(81),100.00%(81),100.00%(81),100.00%(81),100.00%(81),100.00%(81),93.83%(76),,SKII13155V30_23-CN001477-S09-D04-L13-C206C131,,,pass
241028160314_B121_SKII13155-121-YY2-3-241028160314,B121,LC002658-S01-D01-L12-C208C154,854632,648166,0.7584,0.0257,140,142,0.97,0.95,0.53,648022,0.9998,1,4241.15,0.8054,0.928,100.00%(81),100.00%(81),100.00%(81),100.00%(81),100.00%(81),100.00%(81),100.00%(81),100.00%(81),98.77%(80),93.83%(76),,SKII13155V30_2-LC002658-S01-D01-L12-C208C154,,,pass
241028160314_B121_SKII13155-121-YY2-3-241028160314,B121,LC002901-S01-D01-L12-C208C160,966288,751360,0.7776,0.0258,141,142,0.97,0.95,0.53,750917,0.9994,1,4984.71,0.8082,0.8961,100.00%(81),100.00%(81),100.00%(81),100.00%(81),100.00%(81),100.00%(81),100.00%(81),100.00%(81),100.00%(81),93.83%(76),,SKII13155V30_3-LC002901-S01-D01-L12-C208C160,,,pass
241028160314_B121_SKII13155-121-YY2-3-241028160314,B121,LC002922-S01-D01-L12-C206C177,1000000,765252,0.7653,0.0173,140,143,0.97,0.95,0.53,765043,0.9997,0.9997,5072.49,0.8059,0.9477,100.00%(81),100.00%(81),100.00%(81),100.00%(81),100.00%(81),100.00%(81),100.00%(81),100.00%(81),100.00%(81),93.83%(76),,SKII13155V30_4-LC002922-S01-D01-L12-C206C177,,,pass
241028160314_B121_SKII13155-121-YY2-3-241028160314,B121,LC001929-S01-D01-L12-C206C184,1000000,773132,0.7731,0.0332,143,143,0.97,0.95,0.53,772992,0.9998,0.9987,4949.12,0.7858,0.9133,100.00%(81),100.00%(81),100.00%(81),100.00%(81),100.00%(81),100.00%(81),100.00%(81),100.00%(81),100.00%(81),93.83%(76),,SKII13155V30_5-LC001929-S01-D01-L12-C206C184,,,pass
241028160314_B121_SKII13155-121-YY2-3-241028160314,B121,LC002060-S01-D01-L12-C206C190,911208,700484,0.7687,0.0312,141,141,0.97,0.95,0.54,700349,0.9998,0.9987,4450.37,0.7733,0.9384,100.00%(81),100.00%(81),100.00%(81),100.00%(81),100.00%(81),100.00%(81),100.00%(81),100.00%(81),100.00%(81),93.83%(76),,SKII13155V30_6-LC002060-S01-D01-L12-C206C190,,,pass
241028160314_B121_SKII13155-121-YY2-3-241028160314,B121,LC002521-S01-D01-L12-C206C191,1000000,770870,0.7709,0.0226,141,143,0.97,0.95,0.54,770699,0.9998,1,5122.17,0.8098,0.9334,100.00%(81),100.00%(81),100.00%(81),100.00%(81),100.00%(81),100.00%(81),100.00%(81),100.00%(81),100.00%(81),96.30%(78),,SKII13155V30_7-LC002521-S01-D01-L12-C206C191,,,pass
241028160314_B121_SKII13155-121-YY2-3-241028160314,B121,LC002635-S01-D01-L12-C206C102,1000000,783242,0.7832,0.0255,143,144,0.97,0.95,0.52,782951,0.9996,1,5236.5,0.8166,0.9197,100.00%(81),100.00%(81),100.00%(81),100.00%(81),100.00%(81),100.00%(81),100.00%(81),100.00%(81),98.77%(80),95.06%(77),,SKII13155V30_8-LC002635-S01-D01-L12-C206C102,,,pass
241028160314_B121_SKII13155-121-YY2-3-241028160314,B121,LC002636-S01-D01-L12-C206C103,1000000,789162,0.7892,0.0237,142,142,0.97,0.95,0.53,788865,0.9996,1,5240.86,0.8055,0.9204,100.00%(81),100.00%(81),100.00%(81),100.00%(81),100.00%(81),100.00%(81),100.00%(81),100.00%(81),100.00%(81),96.30%(78),,SKII13155V30_9-LC002636-S01-D01-L12-C206C103,,,pass
241024172116_B130_SKII13138-1011N29-241024172117,B130,LC002665-S01-D01-L12-C206C106,970888,692998,0.7138,0.0296,133,136,0.97,0.94,0.51,692835,0.9998,1,4394.53,0.7936,0.8667,100.00%(81),100.00%(81),100.00%(81),100.00%(81),100.00%(81),100.00%(81),100.00%(81),100.00%(81),97.53%(79),87.65%(71),,SKII13138V30_10-LC002665-S01-D01-L12-C206C106,,,pass
241024172116_B130_SKII13138-1011N29-241024172117,B130,LC002711-S01-D01-L12-C206C111,1000000,672148,0.6721,0.0187,126,134,0.97,0.94,0.51,671875,0.9996,0.9999,4267.06,0.7896,0.8523,100.00%(81),100.00%(81),100.00%(81),100.00%(81),100.00%(81),100.00%(81),100.00%(81),98.77%(80),88.89%(72),83.95%(68),,SKII13138V30_11-LC002711-S01-D01-L12-C206C111,,,pass
241024172116_B130_SKII13138-1011N29-241024172117,B130,LC002712-S01-D01-L12-C206C112,1000000,721880,0.7219,0.0358,133,135,0.97,0.95,0.52,721743,0.9998,0.9997,4587.18,0.807,0.7926,100.00%(81),100.00%(81),100.00%(81),100.00%(81),100.00%(81),100.00%(81),100.00%(81),100.00%(81),91.36%(74),82.72%(67),,SKII13138V30_12-LC002712-S01-D01-L12-C206C112,,,pass
241024172116_B130_SKII13138-1011N29-241024172117,B130,LC002719-S01-D01-L12-C206C116,1000000,713820,0.7138,0.0388,132,136,0.97,0.95,0.52,713542,0.9996,1,4597.35,0.8338,0.7779,100.00%(81),100.00%(81),100.00%(81),100.00%(81),100.00%(81),100.00%(81),100.00%(81),100.00%(81),92.59%(75),80.25%(65),,SKII13138V30_13-LC002719-S01-D01-L12-C206C116,,,pass
241024172116_B130_SKII13138-1011N29-241024172117,B130,LC002693-S01-D01-L12-C206C107,1000000,733106,0.7331,0.0445,135,136,0.97,0.95,0.52,733009,0.9999,1,4718.19,0.8324,0.7876,100.00%(81),100.00%(81),100.00%(81),100.00%(81),100.00%(81),100.00%(81),100.00%(81),100.00%(81),96.30%(78),82.72%(67),,SKII13138V30_14-LC002693-S01-D01-L12-C206C107,,,pass
241024172116_B130_SKII13138-1011N29-241024172117,B130,LC002714-S01-D01-L12-C206C113,1000000,667234,0.6672,0.0159,127,135,0.96,0.94,0.52,667185,0.9999,1,4218.71,0.7729,0.8676,100.00%(81),100.00%(81),100.00%(81),100.00%(81),100.00%(81),100.00%(81),100.00%(81),98.77%(80),93.83%(76),85.19%(69),,SKII13138V30_15-LC002714-S01-D01-L12-C206C113,HLA|深度不足|HLA_longrange,hla_warning,warning
241024172116_B130_SKII13138-1011N29-241024172117,B130,LC002909-S01-D01-L12-C206C165,1000000,706384,0.7064,0.0333,130,134,0.97,0.94,0.52,706308,0.9999,1,4440.55,0.7848,0.7866,100.00%(81),100.00%(81),100.00%(81),100.00%(81),100.00%(81),100.00%(81),100.00%(81),100.00%(81),93.83%(76),81.48%(66),,SKII13138V30_16-LC002909-S01-D01-L12-C206C165,,,pass
241024172116_B130_SKII13138-1011N29-241024172117,B130,LC002303-S01-D01-L12-C208C143,1000000,695512,0.6955,0.0229,131,136,0.97,0.94,0.51,694996,0.9993,0.9999,4394.01,0.7787,0.8734,100.00%(81),100.00%(81),100.00%(81),100.00%(81),100.00%(81),100.00%(81),100.00%(81),100.00%(81),98.77%(80),86.42%(70),,SKII13138V30_17-LC002303-S01-D01-L12-C208C143,,,pass
241024172116_B130_SKII13138-1011N29-241024172117,B130,LC002480-S01-D01-L12-C208C138,1000000,721306,0.7213,0.0251,130,134,0.97,0.94,0.52,721146,0.9998,1,4502.46,0.753,0.8466,100.00%(81),100.00%(81),100.00%(81),100.00%(81),100.00%(81),100.00%(81),100.00%(81),100.00%(81),95.06%(77),83.95%(68),,SKII13138V30_18-LC002480-S01-D01-L12-C208C138,,,pass
241024172116_B130_SKII13138-1011N29-241024172117,B130,LC002692-S01-D01-L12-C208C156,1000000,700016,0.7,0.0262,130,136,0.97,0.94,0.51,699839,0.9997,0.9996,4439.53,0.7864,0.8231,100.00%(81),100.00%(81),100.00%(81),100.00%(81),100.00%(81),100.00%(81),100.00%(81),100.00%(81),92.59%(75),82.72%(67),,SKII13138V30_19-LC002692-S01-D01-L12-C208C156,,,pass
241024172116_B130_SKII13138-1011N29-241024172117,B130,LC002312-S01-D01-L12-C208C145,1000000,692482,0.6925,0.0199,131,136,0.97,0.94,0.52,692131,0.9995,0.9998,4386.61,0.774,0.8622,100.00%(81),100.00%(81),100.00%(81),100.00%(81),100.00%(81),100.00%(81),100.00%(81),100.00%(81),95.06%(77),85.19%(69),,SKII13138V30_1-LC002312-S01-D01-L12-C208C145,rs28371725|位于灰区|PB-S14-F|PB-S14-R-3|PB-S14-F,rs28371725,pass
241024172116_B130_SKII13138-1011N29-241024172117,B130,LC002647-S01-D01-L12-C206C104,1000000,724168,0.7242,0.0296,131,134,0.97,0.95,0.52,724010,0.9998,0.9987,4574.15,0.7777,0.8024,100.00%(81),100.00%(81),100.00%(81),100.00%(81),100.00%(81),100.00%(81),100.00%(81),100.00%(81),88.89%(72),81.48%(66),,SKII13138V30_20-LC002647-S01-D01-L12-C206C104,,,pass
241024172116_B130_SKII13138-1011N29-241024172117,B130,LC002664-S01-D01-L12-C206C105,1000000,718468,0.7185,0.0285,133,136,0.97,0.94,0.53,718147,0.9996,0.9977,4542.07,0.7985,0.8061,100.00%(81),100.00%(81),100.00%(81),100.00%(81),100.00%(81),100.00%(81),100.00%(81),100.00%(81),96.30%(78),83.95%(68),,SKII13138V30_21-LC002664-S01-D01-L12-C206C105,,,pass
241024172116_B130_SKII13138-1011N29-241024172117,B130,LC001876-S02-D01-L12-C206C130,1000000,731304,0.7313,0.0456,132,131,0.97,0.94,0.53,731153,0.9998,1,4372.44,0.7408,0.797,100.00%(81),100.00%(81),100.00%(81),100.00%(81),100.00%(81),100.00%(81),100.00%(81),100.00%(81),96.30%(78),80.25%(65),,SKII13138V30_22-LC001876-S02-D01-L12-C206C130,,,pass
241024172116_B130_SKII13138-1011N29-241024172117,B130,CN001477-S09-D04-L13-C206C131,1000000,711104,0.7111,0.0254,131,133,0.97,0.94,0.53,710914,0.9997,0.9994,4282.78,0.7275,0.8344,100.00%(81),100.00%(81),100.00%(81),100.00%(81),100.00%(81),100.00%(81),100.00%(81),100.00%(81),95.06%(77),81.48%(66),,SKII13138V30_23-CN001477-S09-D04-L13-C206C131,,,pass
241024172116_B130_SKII13138-1011N29-241024172117,B130,LC002658-S01-D01-L12-C208C154,1000000,707286,0.7073,0.032,132,136,0.97,0.94,0.52,707171,0.9998,1,4449.06,0.7915,0.8227,100.00%(81),100.00%(81),100.00%(81),100.00%(81),100.00%(81),100.00%(81),100.00%(81),100.00%(81),97.53%(79),83.95%(68),,SKII13138V30_2-LC002658-S01-D01-L12-C208C154,,,pass
241024172116_B130_SKII13138-1011N29-241024172117,B130,LC002901-S01-D01-L12-C208C160,1000000,716390,0.7164,0.0296,132,136,0.97,0.95,0.52,716090,0.9996,1,4610.29,0.8037,0.7863,100.00%(81),100.00%(81),100.00%(81),100.00%(81),100.00%(81),100.00%(81),100.00%(81),100.00%(81),95.06%(77),81.48%(66),,SKII13138V30_3-LC002901-S01-D01-L12-C208C160,,,pass
241024172116_B130_SKII13138-1011N29-241024172117,B130,LC002922-S01-D01-L12-C206C177,1000000,700340,0.7003,0.0198,130,136,0.97,0.94,0.52,700119,0.9997,0.9998,4450.74,0.7899,0.8479,100.00%(81),100.00%(81),100.00%(81),100.00%(81),100.00%(81),100.00%(81),100.00%(81),98.77%(80),93.83%(76),81.48%(66),,SKII13138V30_4-LC002922-S01-D01-L12-C206C177,,,pass
241024172116_B130_SKII13138-1011N29-241024172117,B130,LC001929-S01-D01-L12-C206C184,1000000,732564,0.7326,0.0417,135,135,0.97,0.95,0.52,732387,0.9998,0.9987,4498.29,0.772,0.7846,100.00%(81),100.00%(81),100.00%(81),100.00%(81),100.00%(81),100.00%(81),100.00%(81),100.00%(81),92.59%(75),80.25%(65),,SKII13138V30_5-LC001929-S01-D01-L12-C206C184,,,pass
241024172116_B130_SKII13138-1011N29-241024172117,B130,LC002060-S01-D01-L12-C206C190,1000000,723886,0.7239,0.0388,133,135,0.97,0.95,0.53,723628,0.9996,0.9975,4426.74,0.7618,0.8099,100.00%(81),100.00%(81),100.00%(81),100.00%(81),100.00%(81),100.00%(81),100.00%(81),100.00%(81),93.83%(76),81.48%(66),,SKII13138V30_6-LC002060-S01-D01-L12-C206C190,,,pass
241024172116_B130_SKII13138-1011N29-241024172117,B130,LC002521-S01-D01-L12-C206C191,1000000,708338,0.7083,0.0264,131,135,0.97,0.94,0.52,708114,0.9997,0.9999,4477.53,0.7869,0.8544,100.00%(81),100.00%(81),100.00%(81),100.00%(81),100.00%(81),100.00%(81),100.00%(81),100.00%(81),95.06%(77),85.19%(69),,SKII13138V30_7-LC002521-S01-D01-L12-C206C191,,,pass
241024172116_B130_SKII13138-1011N29-241024172117,B130,LC002635-S01-D01-L12-C206C102,1000000,714858,0.7149,0.0298,133,137,0.97,0.95,0.51,714609,0.9997,1,4589.38,0.8058,0.8322,100.00%(81),100.00%(81),100.00%(81),100.00%(81),100.00%(81),100.00%(81),100.00%(81),100.00%(81),96.30%(78),83.95%(68),,SKII13138V30_8-LC002635-S01-D01-L12-C206C102,,,pass
241024172116_B130_SKII13138-1011N29-241024172117,B130,LC002636-S01-D01-L12-C206C103,1000000,727584,0.7276,0.0282,132,136,0.97,0.95,0.52,727418,0.9998,1,4642.87,0.7911,0.8075,100.00%(81),100.00%(81),100.00%(81),100.00%(81),100.00%(81),100.00%(81),100.00%(81),100.00%(81),93.83%(76),82.72%(67),,SKII13138V30_9-LC002636-S01-D01-L12-C206C103,,,pass
241026165346_B130_SKII13144-121021N12-241026165347,B130,LC002665-S01-D01-L12-C206C106,891240,640144,0.7183,0.0273,133,135,0.97,0.94,0.51,639969,0.9997,1,4037.73,0.7869,0.8685,100.00%(81),100.00%(81),100.00%(81),100.00%(81),100.00%(81),100.00%(81),100.00%(81),100.00%(81),97.53%(79),86.42%(70),,SKII13144V30_10-LC002665-S01-D01-L12-C206C106,,,pass
241026165346_B130_SKII13144-121021N12-241026165347,B130,LC002711-S01-D01-L12-C206C111,1000000,676752,0.6768,0.0169,127,134,0.97,0.94,0.51,676458,0.9996,1,4279.47,0.7852,0.8769,100.00%(81),100.00%(81),100.00%(81),100.00%(81),100.00%(81),100.00%(81),100.00%(81),100.00%(81),92.59%(75),88.89%(72),,SKII13144V30_11-LC002711-S01-D01-L12-C206C111,,,pass
241026165346_B130_SKII13144-121021N12-241026165347,B130,LC002712-S01-D01-L12-C206C112,1000000,728110,0.7281,0.0334,134,135,0.97,0.95,0.52,727997,0.9998,1,4613.57,0.8045,0.8167,100.00%(81),100.00%(81),100.00%(81),100.00%(81),100.00%(81),100.00%(81),100.00%(81),100.00%(81),93.83%(76),82.72%(67),,SKII13144V30_12-LC002712-S01-D01-L12-C206C112,,,pass
241026165346_B130_SKII13144-121021N12-241026165347,B130,LC002719-S01-D01-L12-C206C116,1000000,715262,0.7153,0.036,132,135,0.97,0.95,0.52,714899,0.9995,1,4563.43,0.8222,0.8043,100.00%(81),100.00%(81),100.00%(81),100.00%(81),100.00%(81),100.00%(81),100.00%(81),100.00%(81),92.59%(75),82.72%(67),,SKII13144V30_13-LC002719-S01-D01-L12-C206C116,,,pass
241026165346_B130_SKII13144-121021N12-241026165347,B130,LC002693-S01-D01-L12-C206C107,896484,661068,0.7374,0.0415,136,136,0.97,0.95,0.52,660977,0.9999,1,4229.59,0.8239,0.8158,100.00%(81),100.00%(81),100.00%(81),100.00%(81),100.00%(81),100.00%(81),100.00%(81),100.00%(81),96.30%(78),85.19%(69),,SKII13144V30_14-LC002693-S01-D01-L12-C206C107,,,pass
241026165346_B130_SKII13144-121021N12-241026165347,B130,LC002714-S01-D01-L12-C206C113,1000000,670200,0.6702,0.0143,128,135,0.97,0.94,0.51,670165,0.9999,1,4223.77,0.7712,0.8835,100.00%(81),100.00%(81),100.00%(81),100.00%(81),100.00%(81),100.00%(81),100.00%(81),98.77%(80),96.30%(78),87.65%(71),,SKII13144V30_15-LC002714-S01-D01-L12-C206C113,HLA|深度不足|HLA_longrange,hla_warning,warning
241026165346_B130_SKII13144-121021N12-241026165347,B130,LC002909-S01-D01-L12-C206C165,1000000,710048,0.71,0.0303,131,135,0.97,0.95,0.52,709962,0.9999,1,4457.16,0.7851,0.811,100.00%(81),100.00%(81),100.00%(81),100.00%(81),100.00%(81),100.00%(81),100.00%(81),100.00%(81),96.30%(78),82.72%(67),,SKII13144V30_16-LC002909-S01-D01-L12-C206C165,,,pass
241026165346_B130_SKII13144-121021N12-241026165347,B130,LC002303-S01-D01-L12-C208C143,1000000,708518,0.7085,0.0208,133,136,0.97,0.94,0.51,708022,0.9993,1,4467.05,0.7773,0.8884,100.00%(81),100.00%(81),100.00%(81),100.00%(81),100.00%(81),100.00%(81),100.00%(81),100.00%(81),98.77%(80),88.89%(72),,SKII13144V30_17-LC002303-S01-D01-L12-C208C143,,,pass
241026165346_B130_SKII13144-121021N12-241026165347,B130,LC002480-S01-D01-L12-C208C138,1000000,724836,0.7248,0.0229,132,135,0.97,0.95,0.52,724621,0.9997,1,4543.22,0.7616,0.8642,100.00%(81),100.00%(81),100.00%(81),100.00%(81),100.00%(81),100.00%(81),100.00%(81),100.00%(81),96.30%(78),86.42%(70),,SKII13144V30_18-LC002480-S01-D01-L12-C208C138,,,pass
241026165346_B130_SKII13144-121021N12-241026165347,B130,LC002692-S01-D01-L12-C208C156,1000000,705068,0.7051,0.0241,131,136,0.97,0.95,0.51,704863,0.9997,1,4456.71,0.7851,0.8624,100.00%(81),100.00%(81),100.00%(81),100.00%(81),100.00%(81),100.00%(81),100.00%(81),100.00%(81),95.06%(77),85.19%(69),,SKII13144V30_19-LC002692-S01-D01-L12-C208C156,,,pass
241026165346_B130_SKII13144-121021N12-241026165347,B130,LC002312-S01-D01-L12-C208C145,1000000,702420,0.7024,0.0179,132,137,0.97,0.94,0.52,702047,0.9995,0.9997,4452.45,0.7765,0.8878,100.00%(81),100.00%(81),100.00%(81),100.00%(81),100.00%(81),100.00%(81),100.00%(81),100.00%(81),96.30%(78),88.89%(72),,SKII13144V30_1-LC002312-S01-D01-L12-C208C145,,,pass
241026165346_B130_SKII13144-121021N12-241026165347,B130,LC002647-S01-D01-L12-C206C104,1000000,728718,0.7287,0.0269,133,135,0.97,0.95,0.52,728505,0.9997,0.9986,4606.46,0.7834,0.8233,100.00%(81),100.00%(81),100.00%(81),100.00%(81),100.00%(81),100.00%(81),100.00%(81),100.00%(81),95.06%(77),85.19%(69),,SKII13144V30_20-LC002647-S01-D01-L12-C206C104,,,pass
241026165346_B130_SKII13144-121021N12-241026165347,B130,LC002664-S01-D01-L12-C206C105,888000,642156,0.7231,0.0259,134,135,0.97,0.94,0.52,641822,0.9995,0.9977,4047.73,0.7956,0.8454,100.00%(81),100.00%(81),100.00%(81),100.00%(81),100.00%(81),100.00%(81),100.00%(81),100.00%(81),97.53%(79),83.95%(68),,SKII13144V30_21-LC002664-S01-D01-L12-C206C105,,,pass
241026165346_B130_SKII13144-121021N12-241026165347,B130,LC001876-S02-D01-L12-C206C130,1000000,734216,0.7342,0.0421,134,132,0.97,0.94,0.53,734035,0.9998,1,4409.83,0.7507,0.834,100.00%(81),100.00%(81),100.00%(81),100.00%(81),100.00%(81),100.00%(81),100.00%(81),100.00%(81),95.06%(77),83.95%(68),,SKII13144V30_22-LC001876-S02-D01-L12-C206C130,,,pass
241026165346_B130_SKII13144-121021N12-241026165347,B130,CN001477-S09-D04-L13-C206C131,1000000,714362,0.7144,0.0228,132,134,0.97,0.94,0.53,714153,0.9997,1,4320.74,0.7368,0.8533,100.00%(81),100.00%(81),100.00%(81),100.00%(81),100.00%(81),100.00%(81),100.00%(81),100.00%(81),97.53%(79),85.19%(69),,SKII13144V30_23-CN001477-S09-D04-L13-C206C131,,,pass
241026165346_B130_SKII13144-121021N12-241026165347,B130,LC002658-S01-D01-L12-C208C154,913874,653100,0.7146,0.0286,134,136,0.97,0.94,0.52,652991,0.9998,0.9998,4101.5,0.7881,0.8543,100.00%(81),100.00%(81),100.00%(81),100.00%(81),100.00%(81),100.00%(81),100.00%(81),100.00%(81),96.30%(78),82.72%(67),,SKII13144V30_2-LC002658-S01-D01-L12-C208C154,,,pass
241026165346_B130_SKII13144-121021N12-241026165347,B130,LC002901-S01-D01-L12-C208C160,1000000,718612,0.7186,0.0275,133,137,0.97,0.95,0.52,718225,0.9995,1,4612.83,0.8031,0.8348,100.00%(81),100.00%(81),100.00%(81),100.00%(81),100.00%(81),100.00%(81),100.00%(81),100.00%(81),98.77%(80),86.42%(70),,SKII13144V30_3-LC002901-S01-D01-L12-C208C160,,,pass
241026165346_B130_SKII13144-121021N12-241026165347,B130,LC002922-S01-D01-L12-C206C177,1000000,706036,0.706,0.0184,132,136,0.97,0.94,0.52,705795,0.9997,1,4472.19,0.7859,0.8798,100.00%(81),100.00%(81),100.00%(81),100.00%(81),100.00%(81),100.00%(81),100.00%(81),100.00%(81),96.30%(78),87.65%(71),,SKII13144V30_4-LC002922-S01-D01-L12-C206C177,,,pass
241026165346_B130_SKII13144-121021N12-241026165347,B130,LC001929-S01-D01-L12-C206C184,1000000,735862,0.7359,0.0377,136,135,0.97,0.95,0.52,735642,0.9997,0.9987,4517.41,0.7705,0.8227,100.00%(81),100.00%(81),100.00%(81),100.00%(81),100.00%(81),100.00%(81),100.00%(81),100.00%(81),95.06%(77),83.95%(68),,SKII13144V30_5-LC001929-S01-D01-L12-C206C184,,,pass
241026165346_B130_SKII13144-121021N12-241026165347,B130,LC002060-S01-D01-L12-C206C190,948136,689362,0.7271,0.0362,134,135,0.97,0.95,0.52,689107,0.9996,0.9977,4219.37,0.7639,0.8425,100.00%(81),100.00%(81),100.00%(81),100.00%(81),100.00%(81),100.00%(81),100.00%(81),100.00%(81),95.06%(77),82.72%(67),,SKII13144V30_6-LC002060-S01-D01-L12-C206C190,,,pass
241026165346_B130_SKII13144-121021N12-241026165347,B130,LC002521-S01-D01-L12-C206C191,1000000,713986,0.714,0.0236,133,136,0.97,0.94,0.52,713814,0.9998,1,4520.99,0.7886,0.8684,100.00%(81),100.00%(81),100.00%(81),100.00%(81),100.00%(81),100.00%(81),100.00%(81),100.00%(81),96.30%(78),86.42%(70),,SKII13144V30_7-LC002521-S01-D01-L12-C206C191,HLA|深度不足|HLA_longrange,hla_warning,warning
241026165346_B130_SKII13144-121021N12-241026165347,B130,LC002635-S01-D01-L12-C206C102,1000000,718856,0.7189,0.0277,134,137,0.97,0.95,0.51,718591,0.9996,0.9999,4594.03,0.7999,0.8549,100.00%(81),100.00%(81),100.00%(81),100.00%(81),100.00%(81),100.00%(81),100.00%(81),100.00%(81),95.06%(77),86.42%(70),,SKII13144V30_8-LC002635-S01-D01-L12-C206C102,,,pass
241026165346_B130_SKII13144-121021N12-241026165347,B130,LC002636-S01-D01-L12-C206C103,1000000,729242,0.7292,0.0261,134,136,0.97,0.95,0.51,729020,0.9997,1,4642.55,0.7904,0.8276,100.00%(81),100.00%(81),100.00%(81),100.00%(81),100.00%(81),100.00%(81),100.00%(81),100.00%(81),96.30%(78),83.95%(68),,SKII13144V30_9-LC002636-S01-D01-L12-C206C103,,,pass
PL2402402_-,-,LC002665-S01-D01-L12-C206C106,824258,791484,0.9602,0.0076,150,147,0.97,0.92,0.56,791389,0.9999,0.9979,4985.4,0.9001,0.9194,100.00%(81),100.00%(81),100.00%(81),100.00%(81),100.00%(81),100.00%(81),100.00%(81),100.00%(81),98.77%(80),96.30%(78),,PL2402402V30_10-LC002665-S01-D01-L12-C206C106,,,pass
PL2402402_-,-,LC002711-S01-D01-L12-C206C111,1000000,960044,0.96,0.0046,150,147,0.97,0.92,0.56,959795,0.9997,0.998,5969.79,0.9078,0.8374,100.00%(81),100.00%(81),100.00%(81),100.00%(81),100.00%(81),100.00%(81),100.00%(81),100.00%(81),98.77%(80),93.83%(76),,PL2402402V30_11-LC002711-S01-D01-L12-C206C111,,,pass
PL2402402_-,-,LC002712-S01-D01-L12-C206C112,1000000,970954,0.971,0.0069,150,147,0.98,0.93,0.56,970886,0.9999,0.9979,6226.42,0.9252,0.8851,100.00%(81),100.00%(81),100.00%(81),100.00%(81),100.00%(81),100.00%(81),100.00%(81),100.00%(81),98.77%(80),97.53%(79),,PL2402402V30_12-LC002712-S01-D01-L12-C206C112,,,pass
PL2402402_-,-,LC002719-S01-D01-L12-C206C116,1000000,968926,0.9689,0.0081,150,147,0.97,0.93,0.56,968514,0.9996,0.9979,6266.2,0.9339,0.8705,100.00%(81),100.00%(81),100.00%(81),100.00%(81),100.00%(81),100.00%(81),100.00%(81),100.00%(81),97.53%(79),93.83%(76),,PL2402402V30_13-LC002719-S01-D01-L12-C206C116,,,pass
PL2402402_-,-,LC002693-S01-D01-L12-C206C107,758046,731318,0.9647,0.0131,150,147,0.97,0.93,0.55,731252,0.9999,0.9979,4721.48,0.9237,0.898,100.00%(81),100.00%(81),100.00%(81),100.00%(81),100.00%(81),100.00%(81),100.00%(81),100.00%(81),98.77%(80),96.30%(78),,PL2402402V30_14-LC002693-S01-D01-L12-C206C107,rs1799752|位于灰区|PB285-F-2|PB212-R|PA-SF,rs1799752,pass
PL2402402_-,-,LC002714-S01-D01-L12-C206C113,1000000,955570,0.9556,0.0066,150,147,0.97,0.92,0.56,955518,0.9999,0.9981,6055.75,0.9163,0.8417,100.00%(81),100.00%(81),100.00%(81),100.00%(81),100.00%(81),100.00%(81),100.00%(81),98.77%(80),98.77%(80),93.83%(76),,PL2402402V30_15-LC002714-S01-D01-L12-C206C113,,,pass
PL2402402_-,-,LC002909-S01-D01-L12-C206C165,1000000,966904,0.9669,0.0084,150,147,0.97,0.93,0.56,966842,0.9999,0.9979,6250.27,0.9227,0.8592,100.00%(81),100.00%(81),100.00%(81),100.00%(81),100.00%(81),100.00%(81),100.00%(81),100.00%(81),98.77%(80),93.83%(76),,PL2402402V30_16-LC002909-S01-D01-L12-C206C165,,,pass
PL2402402_-,-,LC002303-S01-D01-L12-C208C143,1000000,957140,0.9571,0.006,150,147,0.97,0.92,0.56,956185,0.999,0.9981,5847.27,0.8647,0.8865,100.00%(81),100.00%(81),100.00%(81),100.00%(81),100.00%(81),100.00%(81),100.00%(81),100.00%(81),100.00%(81),96.30%(78),,PL2402402V30_17-LC002303-S01-D01-L12-C208C143,,,pass
PL2402402_-,-,LC002480-S01-D01-L12-C208C138,1000000,962062,0.9621,0.0063,150,148,0.97,0.92,0.56,961909,0.9998,0.9994,6049.12,0.8901,0.8916,100.00%(81),100.00%(81),100.00%(81),100.00%(81),100.00%(81),100.00%(81),100.00%(81),100.00%(81),100.00%(81),96.30%(78),,PL2402402V30_18-LC002480-S01-D01-L12-C208C138,,,pass
PL2402402_-,-,LC002692-S01-D01-L12-C208C156,1000000,958776,0.9588,0.0064,150,147,0.97,0.92,0.55,958597,0.9998,0.9979,5985.92,0.8906,0.9069,100.00%(81),100.00%(81),100.00%(81),100.00%(81),100.00%(81),100.00%(81),100.00%(81),100.00%(81),100.00%(81),97.53%(79),,PL2402402V30_19-LC002692-S01-D01-L12-C208C156,,,pass
PL2402402_-,-,LC002312-S01-D01-L12-C208C145,1000000,950818,0.9508,0.0058,150,147,0.97,0.91,0.57,950368,0.9995,0.9979,5674.15,0.8648,0.8788,100.00%(81),100.00%(81),100.00%(81),100.00%(81),100.00%(81),100.00%(81),100.00%(81),100.00%(81),98.77%(80),95.06%(77),,PL2402402V30_1-LC002312-S01-D01-L12-C208C145,,,pass
PL2402402_-,-,LC002647-S01-D01-L12-C206C104,957252,925904,0.9673,0.0096,150,147,0.97,0.93,0.56,925865,1,0.9979,5892.19,0.9063,0.8764,100.00%(81),100.00%(81),100.00%(81),100.00%(81),100.00%(81),100.00%(81),100.00%(81),100.00%(81),98.77%(80),95.06%(77),,PL2402402V30_20-LC002647-S01-D01-L12-C206C104,,,pass
PL2402402_-,-,LC002664-S01-D01-L12-C206C105,907834,868280,0.9564,0.0102,150,147,0.97,0.92,0.57,867522,0.9991,0.9979,5453.94,0.9146,0.91,100.00%(81),100.00%(81),100.00%(81),100.00%(81),100.00%(81),100.00%(81),100.00%(81),100.00%(81),98.77%(80),98.77%(80),,PL2402402V30_21-LC002664-S01-D01-L12-C206C105,,,pass
PL2402402_-,-,LC001876-S02-D01-L12-C206C130,1000000,956086,0.9561,0.018,150,146,0.97,0.93,0.57,955931,0.9998,0.9981,5898.62,0.8862,0.8949,100.00%(81),100.00%(81),100.00%(81),100.00%(81),100.00%(81),100.00%(81),100.00%(81),100.00%(81),98.77%(80),96.30%(78),,PL2402402V30_22-LC001876-S02-D01-L12-C206C130,,,pass
PL2402402_-,-,CN001477-S09-D04-L13-C206C131,1000000,952404,0.9524,0.0094,150,147,0.97,0.92,0.57,952345,0.9999,0.9983,5586.27,0.8376,0.8622,100.00%(81),100.00%(81),100.00%(81),100.00%(81),100.00%(81),100.00%(81),100.00%(81),100.00%(81),100.00%(81),92.59%(75),,PL2402402V30_23-CN001477-S09-D04-L13-C206C131,,,pass
PL2402402_-,-,LC002658-S01-D01-L12-C208C154,918778,874466,0.9518,0.011,150,147,0.97,0.92,0.56,874344,0.9999,0.9979,5461.93,0.8929,0.904,100.00%(81),100.00%(81),100.00%(81),100.00%(81),100.00%(81),100.00%(81),100.00%(81),100.00%(81),100.00%(81),96.30%(78),,PL2402402V30_2-LC002658-S01-D01-L12-C208C154,,,pass
PL2402402_-,-,LC002901-S01-D01-L12-C208C160,1000000,960630,0.9606,0.0081,150,147,0.97,0.92,0.56,959967,0.9993,0.9979,6189.24,0.9231,0.8951,100.00%(81),100.00%(81),100.00%(81),100.00%(81),100.00%(81),100.00%(81),100.00%(81),100.00%(81),100.00%(81),97.53%(79),,PL2402402V30_3-LC002901-S01-D01-L12-C208C160,,,pass
PL2402402_-,-,LC002922-S01-D01-L12-C206C177,1000000,963774,0.9638,0.0048,150,148,0.97,0.93,0.56,963716,0.9999,0.9982,6026.1,0.9015,0.9035,100.00%(81),100.00%(81),100.00%(81),100.00%(81),100.00%(81),100.00%(81),100.00%(81),100.00%(81),98.77%(80),95.06%(77),,PL2402402V30_4-LC002922-S01-D01-L12-C206C177,,,pass
PL2402402_-,-,LC001929-S01-D01-L12-C206C184,1000000,955434,0.9554,0.0156,150,147,0.97,0.93,0.56,955396,1,0.9981,5798.89,0.868,0.9121,100.00%(81),100.00%(81),100.00%(81),100.00%(81),100.00%(81),100.00%(81),100.00%(81),100.00%(81),98.77%(80),96.30%(78),,PL2402402V30_5-LC001929-S01-D01-L12-C206C184,,,pass
PL2402402_-,-,LC002060-S01-D01-L12-C206C190,959352,915798,0.9546,0.0142,150,147,0.97,0.92,0.56,915741,0.9999,0.9999,5539.23,0.8679,0.9034,100.00%(81),100.00%(81),100.00%(81),100.00%(81),100.00%(81),100.00%(81),100.00%(81),100.00%(81),98.77%(80),96.30%(78),,PL2402402V30_6-LC002060-S01-D01-L12-C206C190,,,pass
PL2402402_-,-,LC002521-S01-D01-L12-C206C191,1000000,965198,0.9652,0.0062,150,148,0.97,0.93,0.57,965115,0.9999,0.9985,6032.87,0.8986,0.8938,100.00%(81),100.00%(81),100.00%(81),100.00%(81),100.00%(81),100.00%(81),100.00%(81),100.00%(81),100.00%(81),97.53%(79),,PL2402402V30_7-LC002521-S01-D01-L12-C206C191,,,pass
PL2402402_-,-,LC002635-S01-D01-L12-C206C102,1000000,968076,0.9681,0.0049,150,148,0.97,0.93,0.55,967642,0.9996,0.9979,6203.54,0.9119,0.9185,100.00%(81),100.00%(81),100.00%(81),100.00%(81),100.00%(81),100.00%(81),100.00%(81),100.00%(81),100.00%(81),97.53%(79),,PL2402402V30_8-LC002635-S01-D01-L12-C206C102,,,pass
PL2402402_-,-,LC002636-S01-D01-L12-C206C103,982856,947260,0.9638,0.0071,150,147,0.97,0.93,0.55,946877,0.9996,0.9979,6083.77,0.9194,0.9127,100.00%(81),100.00%(81),100.00%(81),100.00%(81),100.00%(81),100.00%(81),100.00%(81),100.00%(81),100.00%(81),98.77%(80),,PL2402402V30_9-LC002636-S01-D01-L12-C206C103,,,pass
GZ240557652_-,-,LC002665-S01-D01-L12-C206C106,1000000,848516,0.8485,0.0093,151,148,0.94,0.89,0.54,848375,0.9998,0.9981,5556.3,0.9017,0.9398,100.00%(81),100.00%(81),100.00%(81),100.00%(81),100.00%(81),100.00%(81),100.00%(81),100.00%(81),98.77%(80),98.77%(80),,GZ240557652V30_10-LC002665-S01-D01-L12-C206C106,,,pass
GZ240557652_-,-,LC002711-S01-D01-L12-C206C111,1000000,896446,0.8964,0.0062,151,148,0.96,0.92,0.54,896198,0.9997,0.9981,5864.56,0.9079,0.8526,100.00%(81),100.00%(81),100.00%(81),100.00%(81),100.00%(81),100.00%(81),100.00%(81),100.00%(81),98.77%(80),92.59%(75),,GZ240557652V30_11-LC002711-S01-D01-L12-C206C111,,,pass
GZ240557652_-,-,LC002712-S01-D01-L12-C206C112,1000000,894124,0.8941,0.0085,151,148,0.96,0.92,0.55,894028,0.9999,0.9986,5975.16,0.9204,0.9039,100.00%(81),100.00%(81),100.00%(81),100.00%(81),100.00%(81),100.00%(81),100.00%(81),100.00%(81),98.77%(80),97.53%(79),,GZ240557652V30_12-LC002712-S01-D01-L12-C206C112,,,pass
GZ240557652_-,-,LC002719-S01-D01-L12-C206C116,1000000,890362,0.8904,0.0094,151,148,0.96,0.92,0.54,889996,0.9996,0.9994,6043.86,0.9321,0.8849,100.00%(81),100.00%(81),100.00%(81),100.00%(81),100.00%(81),100.00%(81),100.00%(81),100.00%(81),97.53%(79),93.83%(76),,GZ240557652V30_13-LC002719-S01-D01-L12-C206C116,,,pass
GZ240557652_-,-,LC002693-S01-D01-L12-C206C107,1000000,892222,0.8922,0.0145,151,147,0.96,0.92,0.54,892090,0.9999,0.9981,5993.06,0.9223,0.9181,100.00%(81),100.00%(81),100.00%(81),100.00%(81),100.00%(81),100.00%(81),100.00%(81),100.00%(81),98.77%(80),98.77%(80),,GZ240557652V30_14-LC002693-S01-D01-L12-C206C107,,,pass
GZ240557652_-,-,LC002714-S01-D01-L12-C206C113,1000000,900174,0.9002,0.0077,151,148,0.96,0.92,0.54,900114,0.9999,0.9981,5948.48,0.9126,0.8431,100.00%(81),100.00%(81),100.00%(81),100.00%(81),100.00%(81),100.00%(81),100.00%(81),98.77%(80),98.77%(80),93.83%(76),,GZ240557652V30_15-LC002714-S01-D01-L12-C206C113,,,pass
GZ240557652_-,-,LC002909-S01-D01-L12-C206C165,1000000,886516,0.8865,0.0106,151,148,0.95,0.91,0.54,886355,0.9998,0.9982,5937.93,0.9174,0.8823,100.00%(81),100.00%(81),100.00%(81),100.00%(81),100.00%(81),100.00%(81),100.00%(81),100.00%(81),98.77%(80),93.83%(76),,GZ240557652V30_16-LC002909-S01-D01-L12-C206C165,,,pass
GZ240557652_-,-,LC002303-S01-D01-L12-C208C143,1000000,925886,0.9259,0.007,151,149,0.97,0.94,0.54,925039,0.9991,0.9982,5953.96,0.8722,0.9108,100.00%(81),100.00%(81),100.00%(81),100.00%(81),100.00%(81),100.00%(81),100.00%(81),100.00%(81),100.00%(81),96.30%(78),,GZ240557652V30_17-LC002303-S01-D01-L12-C208C143,,,pass
GZ240557652_-,-,LC002480-S01-D01-L12-C208C138,1000000,914752,0.9148,0.0079,151,148,0.97,0.93,0.54,914528,0.9998,0.9982,6012.29,0.8901,0.913,100.00%(81),100.00%(81),100.00%(81),100.00%(81),100.00%(81),100.00%(81),100.00%(81),100.00%(81),100.00%(81),97.53%(79),,GZ240557652V30_18-LC002480-S01-D01-L12-C208C138,,,pass
GZ240557652_-,-,LC002692-S01-D01-L12-C208C156,1000000,921108,0.9211,0.0083,151,148,0.97,0.93,0.53,920926,0.9998,0.9981,6057.25,0.8947,0.9093,100.00%(81),100.00%(81),100.00%(81),100.00%(81),100.00%(81),100.00%(81),100.00%(81),100.00%(81),100.00%(81),97.53%(79),,GZ240557652V30_19-LC002692-S01-D01-L12-C208C156,,,pass
GZ240557652_-,-,LC002312-S01-D01-L12-C208C145,1000000,906450,0.9064,0.0077,151,148,0.96,0.92,0.55,906138,0.9997,0.998,5697.78,0.8645,0.8925,100.00%(81),100.00%(81),100.00%(81),100.00%(81),100.00%(81),100.00%(81),100.00%(81),100.00%(81),100.00%(81),95.06%(77),,GZ240557652V30_1-LC002312-S01-D01-L12-C208C145,,,pass
GZ240557652_-,-,LC002647-S01-D01-L12-C206C104,1000000,889952,0.89,0.012,151,148,0.95,0.91,0.55,889881,0.9999,0.9982,5875.84,0.9057,0.9019,100.00%(81),100.00%(81),100.00%(81),100.00%(81),100.00%(81),100.00%(81),100.00%(81),100.00%(81),98.77%(80),96.30%(78),,GZ240557652V30_20-LC002647-S01-D01-L12-C206C104,,,pass
GZ240557652_-,-,LC002664-S01-D01-L12-C206C105,1000000,899996,0.9,0.0116,151,148,0.96,0.92,0.55,899418,0.9994,0.9981,5883.08,0.9123,0.9209,100.00%(81),100.00%(81),100.00%(81),100.00%(81),100.00%(81),100.00%(81),100.00%(81),100.00%(81),98.77%(80),98.77%(80),,GZ240557652V30_21-LC002664-S01-D01-L12-C206C105,,,pass
GZ240557652_-,-,LC001876-S02-D01-L12-C206C130,1000000,891718,0.8917,0.0191,151,146,0.96,0.92,0.56,891539,0.9998,0.9982,5687.06,0.8832,0.9151,100.00%(81),100.00%(81),100.00%(81),100.00%(81),100.00%(81),100.00%(81),100.00%(81),100.00%(81),98.77%(80),97.53%(79),,GZ240557652V30_22-LC001876-S02-D01-L12-C206C130,,,pass
GZ240557652_-,-,CN001477-S09-D04-L13-C206C131,1000000,908646,0.9086,0.0107,151,148,0.96,0.93,0.56,908558,0.9999,0.9981,5564.89,0.8407,0.868,100.00%(81),100.00%(81),100.00%(81),100.00%(81),100.00%(81),100.00%(81),100.00%(81),100.00%(81),100.00%(81),95.06%(77),,GZ240557652V30_23-CN001477-S09-D04-L13-C206C131,,,pass
GZ240557652_-,-,LC002658-S01-D01-L12-C208C154,1000000,914524,0.9145,0.0124,151,147,0.96,0.93,0.54,914363,0.9998,0.998,5965.17,0.8947,0.9127,100.00%(81),100.00%(81),100.00%(81),100.00%(81),100.00%(81),100.00%(81),100.00%(81),100.00%(81),100.00%(81),98.77%(80),,GZ240557652V30_2-LC002658-S01-D01-L12-C208C154,,,pass
GZ240557652_-,-,LC002901-S01-D01-L12-C208C160,1000000,913934,0.9139,0.0093,151,148,0.97,0.93,0.54,913367,0.9994,0.998,6138.57,0.9204,0.8978,100.00%(81),100.00%(81),100.00%(81),100.00%(81),100.00%(81),100.00%(81),100.00%(81),100.00%(81),100.00%(81),97.53%(79),,GZ240557652V30_3-LC002901-S01-D01-L12-C208C160,,,pass
GZ240557652_-,-,LC002922-S01-D01-L12-C206C177,1000000,894624,0.8946,0.0063,151,148,0.96,0.92,0.55,894517,0.9999,0.9992,5842.98,0.8996,0.9127,100.00%(81),100.00%(81),100.00%(81),100.00%(81),100.00%(81),100.00%(81),100.00%(81),100.00%(81),98.77%(80),95.06%(77),,GZ240557652V30_4-LC002922-S01-D01-L12-C206C177,,,pass
GZ240557652_-,-,LC001929-S01-D01-L12-C206C184,1000000,896118,0.8961,0.017,151,147,0.96,0.92,0.54,896000,0.9999,0.9983,5629.38,0.8664,0.9156,100.00%(81),100.00%(81),100.00%(81),100.00%(81),100.00%(81),100.00%(81),100.00%(81),100.00%(81),98.77%(80),96.30%(78),,GZ240557652V30_5-LC001929-S01-D01-L12-C206C184,,,pass
GZ240557652_-,-,LC002060-S01-D01-L12-C206C190,1000000,904890,0.9049,0.0157,151,147,0.96,0.92,0.55,904776,0.9999,0.9999,5685.4,0.8665,0.9137,100.00%(81),100.00%(81),100.00%(81),100.00%(81),100.00%(81),100.00%(81),100.00%(81),100.00%(81),98.77%(80),96.30%(78),,GZ240557652V30_6-LC002060-S01-D01-L12-C206C190,,,pass
GZ240557652_-,-,LC002521-S01-D01-L12-C206C191,1000000,883332,0.8833,0.0077,151,148,0.95,0.91,0.55,883240,0.9999,0.9982,5741.92,0.895,0.9035,100.00%(81),100.00%(81),100.00%(81),100.00%(81),100.00%(81),100.00%(81),100.00%(81),100.00%(81),100.00%(81),97.53%(79),,GZ240557652V30_7-LC002521-S01-D01-L12-C206C191,,,pass
GZ240557652_-,-,LC002635-S01-D01-L12-C206C102,1000000,887724,0.8877,0.0067,151,149,0.95,0.91,0.54,887350,0.9996,0.998,5955.48,0.9112,0.9302,100.00%(81),100.00%(81),100.00%(81),100.00%(81),100.00%(81),100.00%(81),100.00%(81),100.00%(81),100.00%(81),97.53%(79),,GZ240557652V30_8-LC002635-S01-D01-L12-C206C102,,,pass
GZ240557652_-,-,LC002636-S01-D01-L12-C206C103,1000000,886424,0.8864,0.0087,151,148,0.95,0.91,0.54,886058,0.9996,0.998,5920.08,0.9163,0.9262,100.00%(81),100.00%(81),100.00%(81),100.00%(81),100.00%(81),100.00%(81),100.00%(81),100.00%(81),98.77%(80),98.77%(80),,GZ240557652V30_9-LC002636-S01-D01-L12-C206C103,,,pass
GZ240557663_-,-,LC002665-S01-D01-L12-C206C106,964758,810552,0.8402,0.0096,151,148,0.94,0.88,0.54,810410,0.9998,0.998,5285.44,0.9013,0.9392,100.00%(81),100.00%(81),100.00%(81),100.00%(81),100.00%(81),100.00%(81),100.00%(81),100.00%(81),98.77%(80),98.77%(80),,GZ240557663V30_10-LC002665-S01-D01-L12-C206C106,,,pass
GZ240557663_-,-,LC002711-S01-D01-L12-C206C111,1000000,882740,0.8827,0.0067,151,148,0.95,0.91,0.54,882480,0.9997,0.9981,5735.09,0.9061,0.8503,100.00%(81),100.00%(81),100.00%(81),100.00%(81),100.00%(81),100.00%(81),100.00%(81),100.00%(81),98.77%(80),92.59%(75),,GZ240557663V30_11-LC002711-S01-D01-L12-C206C111,,,pass
GZ240557663_-,-,LC002712-S01-D01-L12-C206C112,1000000,873154,0.8732,0.0093,151,148,0.95,0.9,0.54,873031,0.9999,0.9982,5790.85,0.9179,0.8996,100.00%(81),100.00%(81),100.00%(81),100.00%(81),100.00%(81),100.00%(81),100.00%(81),100.00%(81),98.77%(80),97.53%(79),,GZ240557663V30_12-LC002712-S01-D01-L12-C206C112,,,pass
GZ240557663_-,-,LC002719-S01-D01-L12-C206C116,1000000,861000,0.861,0.01,151,147,0.94,0.89,0.54,860674,0.9996,0.9981,5794.86,0.929,0.8825,100.00%(81),100.00%(81),100.00%(81),100.00%(81),100.00%(81),100.00%(81),100.00%(81),100.00%(81),97.53%(79),93.83%(76),,GZ240557663V30_13-LC002719-S01-D01-L12-C206C116,,,pass
GZ240557663_-,-,LC002693-S01-D01-L12-C206C107,1000000,858630,0.8586,0.0153,151,147,0.94,0.89,0.54,858464,0.9998,0.998,5717.99,0.9203,0.913,100.00%(81),100.00%(81),100.00%(81),100.00%(81),100.00%(81),100.00%(81),100.00%(81),100.00%(81),98.77%(80),98.77%(80),,GZ240557663V30_14-LC002693-S01-D01-L12-C206C107,,,pass
GZ240557663_-,-,LC002714-S01-D01-L12-C206C113,1000000,878320,0.8783,0.0081,151,148,0.95,0.9,0.54,878239,0.9999,0.998,5764.5,0.91,0.8494,100.00%(81),100.00%(81),100.00%(81),100.00%(81),100.00%(81),100.00%(81),100.00%(81),98.77%(80),98.77%(80),93.83%(76),,GZ240557663V30_15-LC002714-S01-D01-L12-C206C113,,,pass
GZ240557663_-,-,LC002909-S01-D01-L12-C206C165,1000000,861994,0.862,0.0112,151,147,0.94,0.89,0.54,861823,0.9998,0.998,5731.44,0.9157,0.8812,100.00%(81),100.00%(81),100.00%(81),100.00%(81),100.00%(81),100.00%(81),100.00%(81),100.00%(81),98.77%(80),95.06%(77),,GZ240557663V30_16-LC002909-S01-D01-L12-C206C165,,,pass
GZ240557663_-,-,LC002303-S01-D01-L12-C208C143,1000000,914312,0.9143,0.0078,151,148,0.96,0.93,0.54,913601,0.9992,0.9986,5856.8,0.873,0.9142,100.00%(81),100.00%(81),100.00%(81),100.00%(81),100.00%(81),100.00%(81),100.00%(81),100.00%(81),100.00%(81),96.30%(78),,GZ240557663V30_17-LC002303-S01-D01-L12-C208C143,,,pass
GZ240557663_-,-,LC002480-S01-D01-L12-C208C138,1000000,884938,0.8849,0.0085,151,148,0.95,0.91,0.54,884739,0.9998,0.9981,5775.05,0.8889,0.9142,100.00%(81),100.00%(81),100.00%(81),100.00%(81),100.00%(81),100.00%(81),100.00%(81),100.00%(81),100.00%(81),97.53%(79),,GZ240557663V30_18-LC002480-S01-D01-L12-C208C138,,,pass
GZ240557663_-,-,LC002692-S01-D01-L12-C208C156,1000000,898400,0.8984,0.0087,151,148,0.96,0.92,0.53,898228,0.9998,0.9981,5866.92,0.8934,0.9111,100.00%(81),100.00%(81),100.00%(81),100.00%(81),100.00%(81),100.00%(81),100.00%(81),100.00%(81),100.00%(81),97.53%(79),,GZ240557663V30_19-LC002692-S01-D01-L12-C208C156,,,pass
GZ240557663_-,-,LC002312-S01-D01-L12-C208C145,1000000,890688,0.8907,0.0082,151,148,0.96,0.91,0.55,890388,0.9997,0.998,5574.14,0.8643,0.8893,100.00%(81),100.00%(81),100.00%(81),100.00%(81),100.00%(81),100.00%(81),100.00%(81),100.00%(81),98.77%(80),95.06%(77),,GZ240557663V30_1-LC002312-S01-D01-L12-C208C145,,,pass
GZ240557663_-,-,LC002647-S01-D01-L12-C206C104,1000000,876180,0.8762,0.0126,151,147,0.95,0.9,0.55,876074,0.9999,0.9977,5737.08,0.9038,0.903,100.00%(81),100.00%(81),100.00%(81),100.00%(81),100.00%(81),100.00%(81),100.00%(81),100.00%(81),98.77%(80),96.30%(78),,GZ240557663V30_20-LC002647-S01-D01-L12-C206C104,,,pass
GZ240557663_-,-,LC002664-S01-D01-L12-C206C105,1000000,879062,0.8791,0.0122,151,147,0.95,0.9,0.55,878447,0.9993,0.9978,5701.37,0.9097,0.9298,100.00%(81),100.00%(81),100.00%(81),100.00%(81),100.00%(81),100.00%(81),100.00%(81),100.00%(81),98.77%(80),98.77%(80),,GZ240557663V30_21-LC002664-S01-D01-L12-C206C105,,,pass
GZ240557663_-,-,LC001876-S02-D01-L12-C206C130,1000000,862632,0.8626,0.0201,151,146,0.94,0.89,0.55,862472,0.9998,0.9982,5456.64,0.8817,0.9137,100.00%(81),100.00%(81),100.00%(81),100.00%(81),100.00%(81),100.00%(81),100.00%(81),100.00%(81),98.77%(80),97.53%(79),,GZ240557663V30_22-LC001876-S02-D01-L12-C206C130,,,pass
GZ240557663_-,-,CN001477-S09-D04-L13-C206C131,1000000,884032,0.884,0.0111,151,147,0.95,0.91,0.55,883937,0.9999,1,5392.87,0.8416,0.867,100.00%(81),100.00%(81),100.00%(81),100.00%(81),100.00%(81),100.00%(81),100.00%(81),100.00%(81),100.00%(81),96.30%(78),,GZ240557663V30_23-CN001477-S09-D04-L13-C206C131,,,pass
GZ240557663_-,-,LC002658-S01-D01-L12-C208C154,1000000,885778,0.8858,0.0131,151,147,0.95,0.91,0.54,885610,0.9998,0.998,5738.36,0.8938,0.9189,100.00%(81),100.00%(81),100.00%(81),100.00%(81),100.00%(81),100.00%(81),100.00%(81),100.00%(81),100.00%(81),98.77%(80),,GZ240557663V30_2-LC002658-S01-D01-L12-C208C154,,,pass
GZ240557663_-,-,LC002901-S01-D01-L12-C208C160,1000000,888434,0.8884,0.0098,151,148,0.95,0.91,0.54,887857,0.9994,0.9981,5926.55,0.919,0.9023,100.00%(81),100.00%(81),100.00%(81),100.00%(81),100.00%(81),100.00%(81),100.00%(81),100.00%(81),100.00%(81),97.53%(79),,GZ240557663V30_3-LC002901-S01-D01-L12-C208C160,,,pass
GZ240557663_-,-,LC002922-S01-D01-L12-C206C177,1000000,876022,0.876,0.0068,151,148,0.95,0.9,0.55,875898,0.9999,1,5697.11,0.9004,0.9261,100.00%(81),100.00%(81),100.00%(81),100.00%(81),100.00%(81),100.00%(81),100.00%(81),100.00%(81),100.00%(81),96.30%(78),,GZ240557663V30_4-LC002922-S01-D01-L12-C206C177,,,pass
GZ240557663_-,-,LC001929-S01-D01-L12-C206C184,1000000,864420,0.8644,0.0179,151,146,0.95,0.9,0.54,864239,0.9998,0.9971,5398.11,0.8668,0.9146,100.00%(81),100.00%(81),100.00%(81),100.00%(81),100.00%(81),100.00%(81),100.00%(81),100.00%(81),98.77%(80),97.53%(79),,GZ240557663V30_5-LC001929-S01-D01-L12-C206C184,,,pass
GZ240557663_-,-,LC002060-S01-D01-L12-C206C190,1000000,873814,0.8738,0.0165,151,147,0.95,0.9,0.55,873660,0.9998,0.9981,5458.91,0.8673,0.9193,100.00%(81),100.00%(81),100.00%(81),100.00%(81),100.00%(81),100.00%(81),100.00%(81),100.00%(81),98.77%(80),96.30%(78),,GZ240557663V30_6-LC002060-S01-D01-L12-C206C190,,,pass
GZ240557663_-,-,LC002521-S01-D01-L12-C206C191,1000000,856260,0.8563,0.0084,151,148,0.94,0.89,0.55,856103,0.9998,0.9981,5528.99,0.8941,0.9162,100.00%(81),100.00%(81),100.00%(81),100.00%(81),100.00%(81),100.00%(81),100.00%(81),100.00%(81),98.77%(80),98.77%(80),,GZ240557663V30_7-LC002521-S01-D01-L12-C206C191,,,pass
GZ240557663_-,-,LC002635-S01-D01-L12-C206C102,1000000,865278,0.8653,0.0073,151,148,0.95,0.9,0.53,864897,0.9996,0.998,5758.17,0.9092,0.9233,100.00%(81),100.00%(81),100.00%(81),100.00%(81),100.00%(81),100.00%(81),100.00%(81),100.00%(81),98.77%(80),97.53%(79),,GZ240557663V30_8-LC002635-S01-D01-L12-C206C102,,,pass
GZ240557663_-,-,LC002636-S01-D01-L12-C206C103,1000000,857426,0.8574,0.0094,151,148,0.94,0.89,0.54,857092,0.9996,0.998,5684.01,0.9149,0.9314,100.00%(81),100.00%(81),100.00%(81),100.00%(81),100.00%(81),100.00%(81),100.00%(81),100.00%(81),98.77%(80),98.77%(80),,GZ240557663V30_9-LC002636-S01-D01-L12-C206C103,,,pass
PL2402602_-,-,LC002665-S01-D01-L12-C206C106,979606,901244,0.92,0.0078,150,146,0.96,0.9,0.55,901063,0.9998,0.9979,5614.92,0.893,0.9301,100.00%(81),100.00%(81),100.00%(81),100.00%(81),100.00%(81),100.00%(81),100.00%(81),100.00%(81),98.77%(80),98.77%(80),,PL2402602V30_10-LC002665-S01-D01-L12-C206C106,,,pass
PL2402602_-,-,LC002711-S01-D01-L12-C206C111,1000000,918088,0.9181,0.0049,150,147,0.96,0.9,0.55,917782,0.9997,0.9981,5662.31,0.901,0.8495,100.00%(81),100.00%(81),100.00%(81),100.00%(81),100.00%(81),100.00%(81),100.00%(81),100.00%(81),98.77%(80),93.83%(76),,PL2402602V30_11-LC002711-S01-D01-L12-C206C111,,,pass
PL2402602_-,-,LC002712-S01-D01-L12-C206C112,1000000,927986,0.928,0.0075,150,146,0.96,0.91,0.55,927884,0.9999,0.9982,5870.59,0.917,0.8898,100.00%(81),100.00%(81),100.00%(81),100.00%(81),100.00%(81),100.00%(81),100.00%(81),100.00%(81),98.77%(80),97.53%(79),,PL2402602V30_12-LC002712-S01-D01-L12-C206C112,,,pass
PL2402602_-,-,LC002719-S01-D01-L12-C206C116,1000000,924494,0.9245,0.0086,150,146,0.96,0.91,0.55,924088,0.9996,0.9982,5920.06,0.9274,0.8737,100.00%(81),100.00%(81),100.00%(81),100.00%(81),100.00%(81),100.00%(81),100.00%(81),100.00%(81),97.53%(79),93.83%(76),,PL2402602V30_13-LC002719-S01-D01-L12-C206C116,,,pass
PL2402602_-,-,LC002693-S01-D01-L12-C206C107,885692,832392,0.9398,0.0135,150,146,0.97,0.92,0.55,832297,0.9999,0.9981,5332.9,0.9187,0.9157,100.00%(81),100.00%(81),100.00%(81),100.00%(81),100.00%(81),100.00%(81),100.00%(81),100.00%(81),98.77%(80),97.53%(79),,PL2402602V30_14-LC002693-S01-D01-L12-C206C107,rs1799752|位于灰区|PB285-F-2|PB212-R|PA-SF,rs1799752,pass
PL2402602_-,-,LC002714-S01-D01-L12-C206C113,1000000,911708,0.9117,0.0065,150,147,0.96,0.9,0.55,911628,0.9999,0.9983,5720.51,0.9083,0.8384,100.00%(81),100.00%(81),100.00%(81),100.00%(81),100.00%(81),100.00%(81),100.00%(81),98.77%(80),98.77%(80),93.83%(76),,PL2402602V30_15-LC002714-S01-D01-L12-C206C113,,,pass
PL2402602_-,-,LC002909-S01-D01-L12-C206C165,1000000,923422,0.9234,0.0087,150,146,0.96,0.91,0.55,923313,0.9999,0.9979,5895.03,0.9152,0.8732,100.00%(81),100.00%(81),100.00%(81),100.00%(81),100.00%(81),100.00%(81),100.00%(81),100.00%(81),98.77%(80),93.83%(76),,PL2402602V30_16-LC002909-S01-D01-L12-C206C165,,,pass
PL2402602_-,-,LC002303-S01-D01-L12-C208C143,1000000,930516,0.9305,0.0063,150,147,0.97,0.91,0.55,929607,0.999,0.998,5655.06,0.8629,0.8991,100.00%(81),100.00%(81),100.00%(81),100.00%(81),100.00%(81),100.00%(81),100.00%(81),100.00%(81),100.00%(81),96.30%(78),,PL2402602V30_17-LC002303-S01-D01-L12-C208C143,,,pass
PL2402602_-,-,LC002480-S01-D01-L12-C208C138,1000000,921168,0.9212,0.0067,150,146,0.96,0.91,0.55,920969,0.9998,0.9999,5723.97,0.8827,0.8989,100.00%(81),100.00%(81),100.00%(81),100.00%(81),100.00%(81),100.00%(81),100.00%(81),100.00%(81),100.00%(81),97.53%(79),,PL2402602V30_18-LC002480-S01-D01-L12-C208C138,,,pass
PL2402602_-,-,LC002692-S01-D01-L12-C208C156,1000000,917634,0.9176,0.0068,150,146,0.96,0.9,0.54,917424,0.9998,0.9982,5681.34,0.8857,0.9096,100.00%(81),100.00%(81),100.00%(81),100.00%(81),100.00%(81),100.00%(81),100.00%(81),100.00%(81),100.00%(81),96.30%(78),,PL2402602V30_19-LC002692-S01-D01-L12-C208C156,,,pass
PL2402602_-,-,LC002312-S01-D01-L12-C208C145,1000000,910422,0.9104,0.006,150,146,0.96,0.9,0.56,909893,0.9994,0.998,5399.84,0.8579,0.8826,100.00%(81),100.00%(81),100.00%(81),100.00%(81),100.00%(81),100.00%(81),100.00%(81),100.00%(81),98.77%(80),95.06%(77),,PL2402602V30_1-LC002312-S01-D01-L12-C208C145,,,pass
PL2402602_-,-,LC002647-S01-D01-L12-C206C104,1000000,925118,0.9251,0.0099,150,146,0.96,0.91,0.56,925030,0.9999,0.9977,5816.31,0.8996,0.8826,100.00%(81),100.00%(81),100.00%(81),100.00%(81),100.00%(81),100.00%(81),100.00%(81),100.00%(81),98.77%(80),96.30%(78),,PL2402602V30_20-LC002647-S01-D01-L12-C206C104,,,pass
PL2402602_-,-,LC002664-S01-D01-L12-C206C105,1000000,914752,0.9148,0.0099,150,146,0.96,0.9,0.56,913987,0.9992,0.9991,5690.6,0.9082,0.9185,100.00%(81),100.00%(81),100.00%(81),100.00%(81),100.00%(81),100.00%(81),100.00%(81),100.00%(81),98.77%(80),98.77%(80),,PL2402602V30_21-LC002664-S01-D01-L12-C206C105,,,pass
PL2402602_-,-,LC001876-S02-D01-L12-C206C130,1000000,933564,0.9336,0.018,150,145,0.97,0.92,0.56,933436,0.9999,0.998,5726.34,0.8834,0.9021,100.00%(81),100.00%(81),100.00%(81),100.00%(81),100.00%(81),100.00%(81),100.00%(81),100.00%(81),98.77%(80),97.53%(79),,PL2402602V30_22-LC001876-S02-D01-L12-C206C130,,,pass
PL2402602_-,-,CN001477-S09-D04-L13-C206C131,1000000,911582,0.9116,0.0091,150,146,0.96,0.9,0.57,911487,0.9999,0.9998,5317.77,0.8363,0.8577,100.00%(81),100.00%(81),100.00%(81),100.00%(81),100.00%(81),100.00%(81),100.00%(81),100.00%(81),100.00%(81),93.83%(76),,PL2402602V30_23-CN001477-S09-D04-L13-C206C131,,,pass
PL2402602_-,-,LC002658-S01-D01-L12-C208C154,1000000,915074,0.9151,0.0107,150,146,0.96,0.9,0.55,914908,0.9998,0.9979,5667.93,0.8876,0.9124,100.00%(81),100.00%(81),100.00%(81),100.00%(81),100.00%(81),100.00%(81),100.00%(81),100.00%(81),100.00%(81),97.53%(79),,PL2402602V30_2-LC002658-S01-D01-L12-C208C154,,,pass
PL2402602_-,-,LC002901-S01-D01-L12-C208C160,1000000,921736,0.9217,0.0084,150,146,0.96,0.91,0.55,921093,0.9993,0.998,5878.27,0.9165,0.8932,100.00%(81),100.00%(81),100.00%(81),100.00%(81),100.00%(81),100.00%(81),100.00%(81),100.00%(81),100.00%(81),97.53%(79),,PL2402602V30_3-LC002901-S01-D01-L12-C208C160,,,pass
PL2402602_-,-,LC002922-S01-D01-L12-C206C177,1000000,921312,0.9213,0.0052,150,147,0.96,0.91,0.56,921179,0.9999,0.9982,5706.99,0.8954,0.9085,100.00%(81),100.00%(81),100.00%(81),100.00%(81),100.00%(81),100.00%(81),100.00%(81),100.00%(81),100.00%(81),95.06%(77),,PL2402602V30_4-LC002922-S01-D01-L12-C206C177,,,pass
PL2402602_-,-,LC001929-S01-D01-L12-C206C184,1000000,922820,0.9228,0.0154,150,146,0.97,0.91,0.55,922719,0.9999,0.9968,5547.32,0.8641,0.9197,100.00%(81),100.00%(81),100.00%(81),100.00%(81),100.00%(81),100.00%(81),100.00%(81),100.00%(81),98.77%(80),97.53%(79),,PL2402602V30_5-LC001929-S01-D01-L12-C206C184,,,pass
PL2402602_-,-,LC002060-S01-D01-L12-C206C190,1000000,914012,0.914,0.0138,150,146,0.96,0.91,0.56,913882,0.9999,0.9987,5480.29,0.8638,0.9072,100.00%(81),100.00%(81),100.00%(81),100.00%(81),100.00%(81),100.00%(81),100.00%(81),100.00%(81),98.77%(80),96.30%(78),,PL2402602V30_6-LC002060-S01-D01-L12-C206C190,,,pass
PL2402602_-,-,LC002521-S01-D01-L12-C206C191,1000000,923596,0.9236,0.0068,150,147,0.96,0.91,0.56,923451,0.9998,0.998,5705.87,0.8926,0.9002,100.00%(81),100.00%(81),100.00%(81),100.00%(81),100.00%(81),100.00%(81),100.00%(81),100.00%(81),98.77%(80),97.53%(79),,PL2402602V30_7-LC002521-S01-D01-L12-C206C191,,,pass
PL2402602_-,-,LC002635-S01-D01-L12-C206C102,1000000,923120,0.9231,0.0053,150,147,0.96,0.91,0.54,922669,0.9995,0.9979,5845.45,0.9044,0.927,100.00%(81),100.00%(81),100.00%(81),100.00%(81),100.00%(81),100.00%(81),100.00%(81),100.00%(81),100.00%(81),97.53%(79),,PL2402602V30_8-LC002635-S01-D01-L12-C206C102,,,pass
PL2402602_-,-,LC002636-S01-D01-L12-C206C103,1000000,921468,0.9215,0.0072,150,146,0.96,0.91,0.55,920999,0.9995,0.9979,5848.05,0.9118,0.9223,100.00%(81),100.00%(81),100.00%(81),100.00%(81),100.00%(81),100.00%(81),100.00%(81),100.00%(81),98.77%(80),98.77%(80),,PL2402602V30_9-LC002636-S01-D01-L12-C206C103,,,pass
250219151728_B137_SKII13548-YY2-250219151728,B137,LC002665-S01-D01-L12-C206C106,460750,330826,0.718,0.0177,132,135,0.98,0.94,0.52,330759,0.9998,0.9998,1852.21,0.728,0.8958,100.00%(81),100.00%(81),100.00%(81),100.00%(81),100.00%(81),100.00%(81),98.77%(80),97.53%(79),91.36%(74),76.54%(62),,SKII13548V30_10-LC002665-S01-D01-L12-C206C106,,,pass
250219151728_B137_SKII13548-YY2-250219151728,B137,LC002711-S01-D01-L12-C206C111,679562,464976,0.6842,0.0102,128,134,0.98,0.94,0.52,464839,0.9997,0.9998,2557.07,0.7071,0.8794,100.00%(81),100.00%(81),100.00%(81),100.00%(81),100.00%(81),100.00%(81),100.00%(81),100.00%(81),90.12%(73),79.01%(64),,SKII13548V30_11-LC002711-S01-D01-L12-C206C111,,,pass
250219151728_B137_SKII13548-YY2-250219151728,B137,LC002712-S01-D01-L12-C206C112,684442,500558,0.7313,0.0214,134,136,0.98,0.94,0.53,500491,0.9999,0.9999,2797.39,0.7447,0.8535,100.00%(81),100.00%(81),100.00%(81),100.00%(81),100.00%(81),100.00%(81),98.77%(80),97.53%(79),93.83%(76),85.19%(69),,SKII13548V30_12-LC002712-S01-D01-L12-C206C112,,,pass
250219151728_B137_SKII13548-YY2-250219151728,B137,LC002719-S01-D01-L12-C206C116,753730,553044,0.7337,0.0237,133,134,0.98,0.94,0.52,552909,0.9998,0.9998,3118.5,0.7573,0.8364,100.00%(81),100.00%(81),100.00%(81),100.00%(81),100.00%(81),100.00%(81),98.77%(80),97.53%(79),93.83%(76),85.19%(69),,SKII13548V30_13-LC002719-S01-D01-L12-C206C116,,,pass
250219151728_B137_SKII13548-YY2-250219151728,B137,LC002693-S01-D01-L12-C206C107,506218,380964,0.7526,0.0293,136,136,0.98,0.94,0.52,380916,0.9999,0.9999,2172.09,0.7661,0.8609,100.00%(81),100.00%(81),100.00%(81),100.00%(81),100.00%(81),100.00%(81),98.77%(80),97.53%(79),92.59%(75),80.25%(65),,SKII13548V30_14-LC002693-S01-D01-L12-C206C107,,,pass
250219151728_B137_SKII13548-YY2-250219151728,B137,LC002714-S01-D01-L12-C206C113,752140,509438,0.6773,0.0087,129,135,0.98,0.94,0.52,509416,1,0.9999,2835.7,0.7035,0.8872,100.00%(81),100.00%(81),100.00%(81),100.00%(81),100.00%(81),100.00%(81),100.00%(81),100.00%(81),96.30%(78),82.72%(67),,SKII13548V30_15-LC002714-S01-D01-L12-C206C113,,,pass
250219151728_B137_SKII13548-YY2-250219151728,B137,LC002909-S01-D01-L12-C206C165,668884,484926,0.725,0.0199,132,135,0.98,0.94,0.52,484875,0.9999,0.9998,2723.53,0.74,0.8542,100.00%(81),100.00%(81),100.00%(81),100.00%(81),100.00%(81),100.00%(81),100.00%(81),97.53%(79),93.83%(76),82.72%(67),,SKII13548V30_16-LC002909-S01-D01-L12-C206C165,,,pass
250219151728_B137_SKII13548-YY2-250219151728,B137,LC002303-S01-D01-L12-C208C143,526460,361364,0.6864,0.0135,133,137,0.98,0.94,0.52,361123,0.9993,0.9999,1989.16,0.7006,0.8962,100.00%(81),100.00%(81),100.00%(81),100.00%(81),100.00%(81),100.00%(81),100.00%(81),98.77%(80),91.36%(74),75.31%(61),,SKII13548V30_17-LC002303-S01-D01-L12-C208C143,,,pass
250219151728_B137_SKII13548-YY2-250219151728,B137,LC002480-S01-D01-L12-C208C138,661318,479802,0.7255,0.0149,132,136,0.98,0.94,0.53,479675,0.9997,0.9999,2681.02,0.7182,0.8868,100.00%(81),100.00%(81),100.00%(81),100.00%(81),100.00%(81),100.00%(81),100.00%(81),98.77%(80),95.06%(77),86.42%(70),,SKII13548V30_18-LC002480-S01-D01-L12-C208C138,,,pass
250219151728_B137_SKII13548-YY2-250219151728,B137,LC002692-S01-D01-L12-C208C156,612004,439422,0.718,0.0155,132,136,0.98,0.94,0.51,439342,0.9998,0.9999,2438.09,0.7173,0.8776,100.00%(81),100.00%(81),100.00%(81),100.00%(81),100.00%(81),100.00%(81),100.00%(81),97.53%(79),93.83%(76),83.95%(68),,SKII13548V30_19-LC002692-S01-D01-L12-C208C156,,,pass
250219151728_B137_SKII13548-YY2-250219151728,B137,LC002312-S01-D01-L12-C208C145,650136,448998,0.6906,0.0104,132,137,0.98,0.94,0.53,448769,0.9995,0.9975,2457.9,0.6986,0.895,100.00%(81),100.00%(81),100.00%(81),100.00%(81),100.00%(81),100.00%(81),100.00%(81),100.00%(81),92.59%(75),81.48%(66),,SKII13548V30_1-LC002312-S01-D01-L12-C208C145,,,pass
250219151728_B137_SKII13548-YY2-250219151728,B137,LC002647-S01-D01-L12-C206C104,539644,401106,0.7433,0.0186,133,135,0.98,0.94,0.53,401034,0.9998,0.9984,2256.09,0.7351,0.8459,100.00%(81),100.00%(81),100.00%(81),100.00%(81),100.00%(81),100.00%(81),98.77%(80),96.30%(78),92.59%(75),79.01%(64),,SKII13548V30_20-LC002647-S01-D01-L12-C206C104,,,pass
250219151728_B137_SKII13548-YY2-250219151728,B137,LC002664-S01-D01-L12-C206C105,497846,366522,0.7362,0.0181,134,136,0.98,0.94,0.53,366332,0.9995,0.9976,2068.2,0.7444,0.8704,100.00%(81),100.00%(81),100.00%(81),100.00%(81),100.00%(81),100.00%(81),98.77%(80),97.53%(79),92.59%(75),76.54%(62),,SKII13548V30_21-LC002664-S01-D01-L12-C206C105,,,pass
250219151728_B137_SKII13548-YY2-250219151728,B137,LC001876-S02-D01-L12-C206C130,664678,494024,0.7433,0.033,134,134,0.98,0.94,0.54,493911,0.9998,0.9998,2672.71,0.7116,0.86,100.00%(81),100.00%(81),100.00%(81),100.00%(81),100.00%(81),100.00%(81),98.77%(80),98.77%(80),93.83%(76),83.95%(68),,SKII13548V30_22-LC001876-S02-D01-L12-C206C130,,,pass
250219151728_B137_SKII13548-YY2-250219151728,B137,CN001477-S09-D04-L13-C206C131,627068,445182,0.7099,0.0159,133,136,0.98,0.94,0.54,445091,0.9998,0.9999,2431.11,0.6981,0.8617,100.00%(81),100.00%(81),100.00%(81),100.00%(81),100.00%(81),100.00%(81),100.00%(81),98.77%(80),91.36%(74),80.25%(65),,SKII13548V30_23-CN001477-S09-D04-L13-C206C131,,,pass
250219151728_B137_SKII13548-YY2-250219151728,B137,LC002658-S01-D01-L12-C208C154,497088,360938,0.7261,0.0197,134,137,0.98,0.94,0.52,360865,0.9998,0.9998,2036.63,0.7355,0.8797,100.00%(81),100.00%(81),100.00%(81),100.00%(81),100.00%(81),100.00%(81),98.77%(80),98.77%(80),90.12%(73),79.01%(64),,SKII13548V30_2-LC002658-S01-D01-L12-C208C154,,,pass
250219151728_B137_SKII13548-YY2-250219151728,B137,LC002901-S01-D01-L12-C208C160,562150,405754,0.7218,0.017,133,136,0.98,0.94,0.52,405521,0.9994,0.9998,2283.7,0.7336,0.855,100.00%(81),100.00%(81),100.00%(81),100.00%(81),100.00%(81),100.00%(81),98.77%(80),97.53%(79),93.83%(76),76.54%(62),,SKII13548V30_3-LC002901-S01-D01-L12-C208C160,,,pass
250219151728_B137_SKII13548-YY2-250219151728,B137,LC002922-S01-D01-L12-C206C177,628870,443380,0.705,0.0115,131,136,0.98,0.94,0.53,443272,0.9998,0.9999,2486.58,0.7265,0.904,100.00%(81),100.00%(81),100.00%(81),100.00%(81),100.00%(81),100.00%(81),100.00%(81),98.77%(80),93.83%(76),85.19%(69),,SKII13548V30_4-LC002922-S01-D01-L12-C206C177,,,pass
250219151728_B137_SKII13548-YY2-250219151728,B137,LC001929-S01-D01-L12-C206C184,646944,479672,0.7414,0.0288,136,136,0.98,0.94,0.52,479593,0.9998,0.9986,2633.11,0.7215,0.8675,100.00%(81),100.00%(81),100.00%(81),100.00%(81),100.00%(81),100.00%(81),98.77%(80),97.53%(79),92.59%(75),82.72%(67),,SKII13548V30_5-LC001929-S01-D01-L12-C206C184,,,pass
250219151728_B137_SKII13548-YY2-250219151728,B137,LC002060-S01-D01-L12-C206C190,517306,377394,0.7295,0.0268,134,136,0.98,0.94,0.53,377304,0.9998,0.9985,2054.85,0.713,0.8663,100.00%(81),100.00%(81),100.00%(81),100.00%(81),100.00%(81),100.00%(81),98.77%(80),97.53%(79),91.36%(74),76.54%(62),,SKII13548V30_6-LC002060-S01-D01-L12-C206C190,,,pass
250219151728_B137_SKII13548-YY2-250219151728,B137,LC002521-S01-D01-L12-C206C191,712544,507672,0.7125,0.0149,133,137,0.98,0.94,0.53,507562,0.9998,0.9999,2853.55,0.7331,0.8999,100.00%(81),100.00%(81),100.00%(81),100.00%(81),100.00%(81),100.00%(81),100.00%(81),98.77%(80),96.30%(78),88.89%(72),,SKII13548V30_7-LC002521-S01-D01-L12-C206C191,,,pass
250219151728_B137_SKII13548-YY2-250219151728,B137,LC002635-S01-D01-L12-C206C102,684766,504476,0.7367,0.0171,135,137,0.98,0.94,0.52,504285,0.9996,0.9998,2869.92,0.7432,0.8887,100.00%(81),100.00%(81),100.00%(81),100.00%(81),100.00%(81),100.00%(81),98.77%(80),97.53%(79),95.06%(77),86.42%(70),,SKII13548V30_8-LC002635-S01-D01-L12-C206C102,,,pass
250219151728_B137_SKII13548-YY2-250219151728,B137,LC002636-S01-D01-L12-C206C103,643346,472726,0.7348,0.0167,134,136,0.98,0.94,0.52,472568,0.9997,1,2675.59,0.7367,0.8769,100.00%(81),100.00%(81),100.00%(81),100.00%(81),100.00%(81),100.00%(81),98.77%(80),97.53%(79),95.06%(77),87.65%(71),,SKII13548V30_9-LC002636-S01-D01-L12-C206C103,,,pass
250307163627_B137_SKII13657-YY2-250307163628,B137,LC002665-S01-D01-L12-C206C106,728572,567714,0.7792,0.0233,141,144,0.97,0.95,0.52,567595,0.9998,1,3689.1,0.831,0.9368,100.00%(81),100.00%(81),100.00%(81),100.00%(81),100.00%(81),100.00%(81),100.00%(81),100.00%(81),98.77%(80),93.83%(76),,SKII13657V30_10-LC002665-S01-D01-L12-C206C106,,,pass
250307163627_B137_SKII13657-YY2-250307163628,B137,LC002711-S01-D01-L12-C206C111,1000000,752810,0.7528,0.0157,137,143,0.97,0.94,0.52,752557,0.9997,0.9999,4847.65,0.8285,0.9104,100.00%(81),100.00%(81),100.00%(81),100.00%(81),100.00%(81),100.00%(81),100.00%(81),100.00%(81),98.77%(80),91.36%(74),,SKII13657V30_11-LC002711-S01-D01-L12-C206C111,,,pass
250307163627_B137_SKII13657-YY2-250307163628,B137,LC002712-S01-D01-L12-C206C112,1000000,795364,0.7954,0.0272,142,144,0.98,0.95,0.53,795236,0.9998,0.9999,5189.93,0.8509,0.9073,100.00%(81),100.00%(81),100.00%(81),100.00%(81),100.00%(81),100.00%(81),100.00%(81),100.00%(81),98.77%(80),95.06%(77),,SKII13657V30_12-LC002712-S01-D01-L12-C206C112,,,pass
250307163627_B137_SKII13657-YY2-250307163628,B137,LC002719-S01-D01-L12-C206C116,1000000,790902,0.7909,0.0297,141,143,0.98,0.95,0.53,790644,0.9997,0.9999,5154.68,0.8491,0.8738,100.00%(81),100.00%(81),100.00%(81),100.00%(81),100.00%(81),100.00%(81),100.00%(81),100.00%(81),98.77%(80),92.59%(75),,SKII13657V30_13-LC002719-S01-D01-L12-C206C116,,,pass
250307163627_B137_SKII13657-YY2-250307163628,B137,LC002693-S01-D01-L12-C206C107,785608,629606,0.8014,0.0356,144,144,0.98,0.95,0.52,629520,0.9999,0.9999,4136,0.8555,0.892,100.00%(81),100.00%(81),100.00%(81),100.00%(81),100.00%(81),100.00%(81),100.00%(81),98.77%(80),98.77%(80),95.06%(77),,SKII13657V30_14-LC002693-S01-D01-L12-C206C107,,,pass
250307163627_B137_SKII13657-YY2-250307163628,B137,LC002714-S01-D01-L12-C206C113,1000000,753550,0.7535,0.0139,138,143,0.97,0.94,0.52,753512,0.9999,0.9999,4851.02,0.8179,0.9007,100.00%(81),100.00%(81),100.00%(81),100.00%(81),100.00%(81),100.00%(81),100.00%(81),100.00%(81),98.77%(80),93.83%(76),,SKII13657V30_15-LC002714-S01-D01-L12-C206C113,HLA|深度不足|HLA_longrange,hla_warning,warning
250307163627_B137_SKII13657-YY2-250307163628,B137,LC002909-S01-D01-L12-C206C165,1000000,778226,0.7782,0.0262,139,143,0.97,0.95,0.52,778152,0.9999,0.9999,5025.08,0.8302,0.9006,100.00%(81),100.00%(81),100.00%(81),100.00%(81),100.00%(81),100.00%(81),100.00%(81),100.00%(81),97.53%(79),95.06%(77),,SKII13657V30_16-LC002909-S01-D01-L12-C206C165,,,pass
250307163627_B137_SKII13657-YY2-250307163628,B137,LC002303-S01-D01-L12-C208C143,839516,644542,0.7678,0.0185,141,146,0.97,0.95,0.52,643999,0.9992,1,4176.15,0.8223,0.942,100.00%(81),100.00%(81),100.00%(81),100.00%(81),100.00%(81),100.00%(81),100.00%(81),100.00%(81),100.00%(81),96.30%(78),,SKII13657V30_17-LC002303-S01-D01-L12-C208C143,,,pass
250307163627_B137_SKII13657-YY2-250307163628,B137,LC002480-S01-D01-L12-C208C138,1000000,785962,0.786,0.0203,141,145,0.97,0.95,0.53,785768,0.9998,0.9999,5087.13,0.8215,0.937,100.00%(81),100.00%(81),100.00%(81),100.00%(81),100.00%(81),100.00%(81),100.00%(81),100.00%(81),100.00%(81),98.77%(80),,SKII13657V30_18-LC002480-S01-D01-L12-C208C138,,,pass
250307163627_B137_SKII13657-YY2-250307163628,B137,LC002692-S01-D01-L12-C208C156,942004,739452,0.785,0.0214,141,144,0.97,0.95,0.51,739265,0.9997,0.9999,4762.73,0.821,0.91,100.00%(81),100.00%(81),100.00%(81),100.00%(81),100.00%(81),100.00%(81),100.00%(81),100.00%(81),100.00%(81),93.83%(76),,SKII13657V30_19-LC002692-S01-D01-L12-C208C156,,,pass
250307163627_B137_SKII13657-YY2-250307163628,B137,LC002312-S01-D01-L12-C208C145,1000000,759266,0.7593,0.0154,140,146,0.97,0.94,0.53,758890,0.9995,0.9986,4822.9,0.8087,0.9413,100.00%(81),100.00%(81),100.00%(81),100.00%(81),100.00%(81),100.00%(81),100.00%(81),100.00%(81),100.00%(81),93.83%(76),,SKII13657V30_1-LC002312-S01-D01-L12-C208C145,,,pass
250307163627_B137_SKII13657-YY2-250307163628,B137,LC002647-S01-D01-L12-C206C104,802096,640874,0.799,0.024,141,144,0.98,0.95,0.53,640741,0.9998,0.9998,4180.4,0.8353,0.898,100.00%(81),100.00%(81),100.00%(81),100.00%(81),100.00%(81),100.00%(81),100.00%(81),100.00%(81),98.77%(80),92.59%(75),,SKII13657V30_20-LC002647-S01-D01-L12-C206C104,,,pass
250307163627_B137_SKII13657-YY2-250307163628,B137,LC002664-S01-D01-L12-C206C105,766654,604142,0.788,0.0228,142,144,0.97,0.95,0.53,603806,0.9994,0.9998,3930.2,0.8452,0.9189,100.00%(81),100.00%(81),100.00%(81),100.00%(81),100.00%(81),100.00%(81),100.00%(81),100.00%(81),98.77%(80),95.06%(77),,SKII13657V30_21-LC002664-S01-D01-L12-C206C105,,,pass
250307163627_B137_SKII13657-YY2-250307163628,B137,LC001876-S02-D01-L12-C206C130,1000000,796654,0.7967,0.0385,142,142,0.98,0.95,0.54,796494,0.9998,0.9999,4961.99,0.8058,0.8984,100.00%(81),100.00%(81),100.00%(81),100.00%(81),100.00%(81),100.00%(81),100.00%(81),100.00%(81),98.77%(80),96.30%(78),,SKII13657V30_22-LC001876-S02-D01-L12-C206C130,,,pass
250307163627_B137_SKII13657-YY2-250307163628,B137,CN001477-S09-D04-L13-C206C131,945708,730064,0.772,0.0201,140,144,0.97,0.95,0.54,729891,0.9998,0.9999,4557.95,0.7933,0.9215,100.00%(81),100.00%(81),100.00%(81),100.00%(81),100.00%(81),100.00%(81),100.00%(81),100.00%(81),98.77%(80),95.06%(77),,SKII13657V30_23-CN001477-S09-D04-L13-C206C131,,,pass
250307163627_B137_SKII13657-YY2-250307163628,B137,LC002658-S01-D01-L12-C208C154,736720,573286,0.7782,0.0255,141,145,0.97,0.95,0.52,573193,0.9998,0.9999,3713.41,0.8293,0.9304,100.00%(81),100.00%(81),100.00%(81),100.00%(81),100.00%(81),100.00%(81),100.00%(81),100.00%(81),98.77%(80),92.59%(75),,SKII13657V30_2-LC002658-S01-D01-L12-C208C154,,,pass
250307163627_B137_SKII13657-YY2-250307163628,B137,LC002901-S01-D01-L12-C208C160,855088,671396,0.7852,0.0227,141,144,0.98,0.95,0.52,671046,0.9995,0.9999,4376.24,0.8359,0.9068,100.00%(81),100.00%(81),100.00%(81),100.00%(81),100.00%(81),100.00%(81),100.00%(81),100.00%(81),98.77%(80),95.06%(77),,SKII13657V30_3-LC002901-S01-D01-L12-C208C160,,,pass
250307163627_B137_SKII13657-YY2-250307163628,B137,LC002922-S01-D01-L12-C206C177,922488,704990,0.7642,0.0161,139,145,0.97,0.95,0.53,704823,0.9998,0.9999,4602.26,0.8397,0.9523,100.00%(81),100.00%(81),100.00%(81),100.00%(81),100.00%(81),100.00%(81),100.00%(81),100.00%(81),100.00%(81),93.83%(76),,SKII13657V30_4-LC002922-S01-D01-L12-C206C177,,,pass
250307163627_B137_SKII13657-YY2-250307163628,B137,LC001929-S01-D01-L12-C206C184,977034,779154,0.7975,0.0335,143,145,0.98,0.95,0.53,779004,0.9998,0.9976,4905.15,0.8095,0.9072,100.00%(81),100.00%(81),100.00%(81),100.00%(81),100.00%(81),100.00%(81),100.00%(81),100.00%(81),98.77%(80),96.30%(78),,SKII13657V30_5-LC001929-S01-D01-L12-C206C184,,,pass
250307163627_B137_SKII13657-YY2-250307163628,B137,LC002060-S01-D01-L12-C206C190,770950,612106,0.794,0.0324,142,144,0.98,0.95,0.53,611940,0.9997,0.9986,3831.11,0.8042,0.9378,100.00%(81),100.00%(81),100.00%(81),100.00%(81),100.00%(81),100.00%(81),100.00%(81),100.00%(81),98.77%(80),95.06%(77),,SKII13657V30_6-LC002060-S01-D01-L12-C206C190,,,pass
250307163627_B137_SKII13657-YY2-250307163628,B137,LC002521-S01-D01-L12-C206C191,1000000,773780,0.7738,0.0205,141,145,0.97,0.95,0.53,773628,0.9998,0.9999,5045.52,0.8387,0.9354,100.00%(81),100.00%(81),100.00%(81),100.00%(81),100.00%(81),100.00%(81),100.00%(81),100.00%(81),100.00%(81),98.77%(80),,SKII13657V30_7-LC002521-S01-D01-L12-C206C191,HLA|深度不足|HLA_longrange,hla_warning,warning
250307163627_B137_SKII13657-YY2-250307163628,B137,LC002635-S01-D01-L12-C206C102,992932,786938,0.7925,0.0232,143,146,0.98,0.95,0.52,786670,0.9997,0.9999,5168.48,0.8387,0.9184,100.00%(81),100.00%(81),100.00%(81),100.00%(81),100.00%(81),100.00%(81),100.00%(81),100.00%(81),98.77%(80),96.30%(78),,SKII13657V30_8-LC002635-S01-D01-L12-C206C102,,,pass
250307163627_B137_SKII13657-YY2-250307163628,B137,LC002636-S01-D01-L12-C206C103,959012,763410,0.796,0.023,142,145,0.98,0.95,0.52,763161,0.9997,0.9999,4995.28,0.8383,0.9219,100.00%(81),100.00%(81),100.00%(81),100.00%(81),100.00%(81),100.00%(81),100.00%(81),100.00%(81),98.77%(80),96.30%(78),,SKII13657V30_9-LC002636-S01-D01-L12-C206C103,,,pass
250314152904_B096_SKII13727-QC6-100M-1-250314152905,B096,LC002665-S01-D01-L12-C206C106,657484,476382,0.7246,0.0236,140,139,0.97,0.95,0.53,476284,0.9998,1,3012.48,0.7852,0.938,100.00%(81),100.00%(81),100.00%(81),100.00%(81),100.00%(81),100.00%(81),100.00%(81),100.00%(81),97.53%(79),91.36%(74),,SKII13727V30_10-LC002665-S01-D01-L12-C206C106,,,pass
250314152904_B096_SKII13727-QC6-100M-1-250314152905,B096,LC002711-S01-D01-L12-C206C111,955470,679488,0.7112,0.0173,134,136,0.97,0.95,0.53,679235,0.9996,1,4237.51,0.7724,0.9055,100.00%(81),100.00%(81),100.00%(81),100.00%(81),100.00%(81),100.00%(81),100.00%(81),100.00%(81),97.53%(79),91.36%(74),,SKII13727V30_11-LC002711-S01-D01-L12-C206C111,,,pass
250314152904_B096_SKII13727-QC6-100M-1-250314152905,B096,LC002712-S01-D01-L12-C206C112,880334,658760,0.7483,0.0304,139,137,0.97,0.95,0.54,658669,0.9999,1,4170.56,0.799,0.9057,100.00%(81),100.00%(81),100.00%(81),100.00%(81),100.00%(81),100.00%(81),100.00%(81),100.00%(81),96.30%(78),92.59%(75),,SKII13727V30_12-LC002712-S01-D01-L12-C206C112,,,pass
250314152904_B096_SKII13727-QC6-100M-1-250314152905,B096,LC002719-S01-D01-L12-C206C116,884732,654404,0.7397,0.0313,140,138,0.97,0.95,0.53,654189,0.9997,1,4168.08,0.8132,0.8726,100.00%(81),100.00%(81),100.00%(81),100.00%(81),100.00%(81),100.00%(81),100.00%(81),100.00%(81),93.83%(76),90.12%(73),,SKII13727V30_13-LC002719-S01-D01-L12-C206C116,,,pass
250314152904_B096_SKII13727-QC6-100M-1-250314152905,B096,LC002693-S01-D01-L12-C206C107,619768,458786,0.7403,0.0381,142,139,0.97,0.95,0.53,458733,0.9999,1,2936.72,0.8232,0.9011,100.00%(81),100.00%(81),100.00%(81),100.00%(81),100.00%(81),100.00%(81),100.00%(81),98.77%(80),96.30%(78),88.89%(72),,SKII13727V30_14-LC002693-S01-D01-L12-C206C107,,,pass
250314152904_B096_SKII13727-QC6-100M-1-250314152905,B096,LC002714-S01-D01-L12-C206C113,1000000,707668,0.7077,0.0138,134,136,0.97,0.95,0.53,707632,0.9999,1,4425.55,0.7617,0.9061,100.00%(81),100.00%(81),100.00%(81),100.00%(81),100.00%(81),100.00%(81),100.00%(81),100.00%(81),96.30%(78),92.59%(75),,SKII13727V30_15-LC002714-S01-D01-L12-C206C113,,,pass
250314152904_B096_SKII13727-QC6-100M-1-250314152905,B096,LC002909-S01-D01-L12-C206C165,823860,601066,0.7296,0.0282,137,136,0.97,0.95,0.53,600996,0.9999,1,3744.23,0.776,0.887,100.00%(81),100.00%(81),100.00%(81),100.00%(81),100.00%(81),100.00%(81),100.00%(81),98.77%(80),96.30%(78),90.12%(73),,SKII13727V30_16-LC002909-S01-D01-L12-C206C165,,,pass
250314152904_B096_SKII13727-QC6-100M-1-250314152905,B096,LC002303-S01-D01-L12-C208C143,740350,534546,0.722,0.0189,139,139,0.97,0.95,0.53,534016,0.999,1,3358.02,0.772,0.9543,100.00%(81),100.00%(81),100.00%(81),100.00%(81),100.00%(81),100.00%(81),100.00%(81),100.00%(81),96.30%(78),90.12%(73),,SKII13727V30_17-LC002303-S01-D01-L12-C208C143,,,pass
250314152904_B096_SKII13727-QC6-100M-1-250314152905,B096,LC002480-S01-D01-L12-C208C138,843178,625452,0.7418,0.0199,138,138,0.97,0.95,0.53,625292,0.9997,1,3903.64,0.7551,0.9312,100.00%(81),100.00%(81),100.00%(81),100.00%(81),100.00%(81),100.00%(81),100.00%(81),100.00%(81),98.77%(80),92.59%(75),,SKII13727V30_18-LC002480-S01-D01-L12-C208C138,,,pass
250314152904_B096_SKII13727-QC6-100M-1-250314152905,B096,LC002692-S01-D01-L12-C208C156,796456,584512,0.7339,0.0218,138,138,0.97,0.95,0.52,584388,0.9998,1,3661.07,0.7694,0.908,100.00%(81),100.00%(81),100.00%(81),100.00%(81),100.00%(81),100.00%(81),100.00%(81),98.77%(80),98.77%(80),91.36%(74),,SKII13727V30_19-LC002692-S01-D01-L12-C208C156,,,pass
250314152904_B096_SKII13727-QC6-100M-1-250314152905,B096,LC002312-S01-D01-L12-C208C145,917476,651982,0.7106,0.0162,137,139,0.97,0.94,0.54,651646,0.9995,0.9987,4047.53,0.7606,0.945,100.00%(81),100.00%(81),100.00%(81),100.00%(81),100.00%(81),100.00%(81),100.00%(81),100.00%(81),97.53%(79),92.59%(75),,SKII13727V30_1-LC002312-S01-D01-L12-C208C145,,,pass
250314152904_B096_SKII13727-QC6-100M-1-250314152905,B096,LC002647-S01-D01-L12-C206C104,711402,524664,0.7375,0.0255,138,137,0.97,0.95,0.54,524561,0.9998,0.9984,3314.93,0.7789,0.8945,100.00%(81),100.00%(81),100.00%(81),100.00%(81),100.00%(81),100.00%(81),100.00%(81),98.77%(80),96.30%(78),90.12%(73),,SKII13727V30_20-LC002647-S01-D01-L12-C206C104,,,pass
250314152904_B096_SKII13727-QC6-100M-1-250314152905,B096,LC002664-S01-D01-L12-C206C105,652274,474600,0.7276,0.0233,139,138,0.97,0.95,0.54,474280,0.9993,0.9987,2985.73,0.7919,0.9149,100.00%(81),100.00%(81),100.00%(81),100.00%(81),100.00%(81),100.00%(81),100.00%(81),100.00%(81),96.30%(78),86.42%(70),,SKII13727V30_21-LC002664-S01-D01-L12-C206C105,,,pass
250314152904_B096_SKII13727-QC6-100M-1-250314152905,B096,LC001876-S02-D01-L12-C206C130,837580,611736,0.7304,0.0377,138,135,0.97,0.95,0.55,611610,0.9998,0.9999,3636.16,0.7325,0.9179,100.00%(81),100.00%(81),100.00%(81),100.00%(81),100.00%(81),100.00%(81),100.00%(81),100.00%(81),97.53%(79),88.89%(72),,SKII13727V30_22-LC001876-S02-D01-L12-C206C130,,,pass
250314152904_B096_SKII13727-QC6-100M-1-250314152905,B096,CN001477-S09-D04-L13-C206C131,860772,615932,0.7156,0.0206,137,137,0.97,0.95,0.55,615815,0.9998,1,3737.77,0.7364,0.9201,100.00%(81),100.00%(81),100.00%(81),100.00%(81),100.00%(81),100.00%(81),100.00%(81),100.00%(81),97.53%(79),88.89%(72),,SKII13727V30_23-CN001477-S09-D04-L13-C206C131,,,pass
250314152904_B096_SKII13727-QC6-100M-1-250314152905,B096,LC002658-S01-D01-L12-C208C154,630448,453534,0.7194,0.026,139,139,0.97,0.95,0.53,453439,0.9998,1,2837.06,0.7834,0.9271,100.00%(81),100.00%(81),100.00%(81),100.00%(81),100.00%(81),100.00%(81),100.00%(81),100.00%(81),96.30%(78),87.65%(71),,SKII13727V30_2-LC002658-S01-D01-L12-C208C154,,,pass
250314152904_B096_SKII13727-QC6-100M-1-250314152905,B096,LC002901-S01-D01-L12-C208C160,710642,519762,0.7314,0.0252,139,139,0.97,0.95,0.53,519409,0.9993,1,3307.15,0.7891,0.8936,100.00%(81),100.00%(81),100.00%(81),100.00%(81),100.00%(81),100.00%(81),100.00%(81),100.00%(81),96.30%(78),88.89%(72),,SKII13727V30_3-LC002901-S01-D01-L12-C208C160,,,pass
250314152904_B096_SKII13727-QC6-100M-1-250314152905,B096,LC002922-S01-D01-L12-C206C177,804532,584452,0.7264,0.0161,137,139,0.97,0.95,0.54,584321,0.9998,1,3701.45,0.784,0.9546,100.00%(81),100.00%(81),100.00%(81),100.00%(81),100.00%(81),100.00%(81),100.00%(81),100.00%(81),96.30%(78),91.36%(74),,SKII13727V30_4-LC002922-S01-D01-L12-C206C177,,,pass
250314152904_B096_SKII13727-QC6-100M-1-250314152905,B096,LC001929-S01-D01-L12-C206C184,818722,600640,0.7336,0.0333,141,139,0.97,0.95,0.53,600505,0.9998,0.9987,3667.77,0.7657,0.9037,100.00%(81),100.00%(81),100.00%(81),100.00%(81),100.00%(81),100.00%(81),100.00%(81),100.00%(81),95.06%(77),90.12%(73),,SKII13727V30_5-LC001929-S01-D01-L12-C206C184,,,pass
250314152904_B096_SKII13727-QC6-100M-1-250314152905,B096,LC002060-S01-D01-L12-C206C190,702282,509382,0.7253,0.0362,139,138,0.97,0.95,0.54,509264,0.9998,0.9986,3083.42,0.7496,0.9185,100.00%(81),100.00%(81),100.00%(81),100.00%(81),100.00%(81),100.00%(81),100.00%(81),100.00%(81),96.30%(78),87.65%(71),,SKII13727V30_6-LC002060-S01-D01-L12-C206C190,,,pass
250314152904_B096_SKII13727-QC6-100M-1-250314152905,B096,LC002521-S01-D01-L12-C206C191,919244,673992,0.7332,0.0205,139,139,0.97,0.95,0.54,673832,0.9998,1,4269.49,0.7864,0.9366,100.00%(81),100.00%(81),100.00%(81),100.00%(81),100.00%(81),100.00%(81),100.00%(81),100.00%(81),98.77%(80),95.06%(77),,SKII13727V30_7-LC002521-S01-D01-L12-C206C191,,,pass
250314152904_B096_SKII13727-QC6-100M-1-250314152905,B096,LC002635-S01-D01-L12-C206C102,835624,621658,0.7439,0.0248,141,140,0.97,0.95,0.53,621422,0.9996,1,3975.88,0.7947,0.9161,100.00%(81),100.00%(81),100.00%(81),100.00%(81),100.00%(81),100.00%(81),100.00%(81),100.00%(81),98.77%(80),92.59%(75),,SKII13727V30_8-LC002635-S01-D01-L12-C206C102,,,pass
250314152904_B096_SKII13727-QC6-100M-1-250314152905,B096,LC002636-S01-D01-L12-C206C103,810656,606282,0.7479,0.0231,139,138,0.97,0.95,0.53,606039,0.9996,1,3843.73,0.7838,0.9109,100.00%(81),100.00%(81),100.00%(81),100.00%(81),100.00%(81),100.00%(81),100.00%(81),100.00%(81),97.53%(79),92.59%(75),,SKII13727V30_9-LC002636-S01-D01-L12-C206C103,,,pass
250315103452_B097_SKII13731-QC6-100M-1-250315103453,B097,LC002665-S01-D01-L12-C206C106,744550,535234,0.7189,0.0267,137,138,0.97,0.94,0.53,535090,0.9997,1,3404.06,0.7842,0.9155,100.00%(81),100.00%(81),100.00%(81),100.00%(81),100.00%(81),100.00%(81),100.00%(81),100.00%(81),97.53%(79),91.36%(74),,SKII13731V30_10-LC002665-S01-D01-L12-C206C106,,,pass
250315103452_B097_SKII13731-QC6-100M-1-250315103453,B097,LC002711-S01-D01-L12-C206C111,1000000,691536,0.6915,0.0191,130,134,0.97,0.94,0.53,691232,0.9996,1,4341.24,0.7658,0.8978,100.00%(81),100.00%(81),100.00%(81),100.00%(81),100.00%(81),100.00%(81),100.00%(81),100.00%(81),93.83%(76),90.12%(73),,SKII13731V30_11-LC002711-S01-D01-L12-C206C111,,,pass
250315103452_B097_SKII13731-QC6-100M-1-250315103453,B097,LC002712-S01-D01-L12-C206C112,1000000,732272,0.7323,0.0332,136,136,0.97,0.95,0.53,732115,0.9998,1,4645.45,0.7892,0.8512,100.00%(81),100.00%(81),100.00%(81),100.00%(81),100.00%(81),100.00%(81),100.00%(81),100.00%(81),98.77%(80),88.89%(72),,SKII13731V30_12-LC002712-S01-D01-L12-C206C112,,,pass
250315103452_B097_SKII13731-QC6-100M-1-250315103453,B097,LC002719-S01-D01-L12-C206C116,1000000,724450,0.7244,0.0348,137,138,0.97,0.95,0.53,724253,0.9997,1,4676.76,0.818,0.8455,100.00%(81),100.00%(81),100.00%(81),100.00%(81),100.00%(81),100.00%(81),100.00%(81),100.00%(81),96.30%(78),87.65%(71),,SKII13731V30_13-LC002719-S01-D01-L12-C206C116,,,pass
250315103452_B097_SKII13731-QC6-100M-1-250315103453,B097,LC002693-S01-D01-L12-C206C107,711290,524728,0.7377,0.0399,140,139,0.98,0.95,0.53,524639,0.9998,1,3415.67,0.8293,0.8673,100.00%(81),100.00%(81),100.00%(81),100.00%(81),100.00%(81),100.00%(81),100.00%(81),100.00%(81),96.30%(78),87.65%(71),,SKII13731V30_14-LC002693-S01-D01-L12-C206C107,,,pass
250315103452_B097_SKII13731-QC6-100M-1-250315103453,B097,LC002714-S01-D01-L12-C206C113,1000000,688474,0.6885,0.0163,132,135,0.97,0.94,0.53,688375,0.9999,1,4335.2,0.7606,0.8848,100.00%(81),100.00%(81),100.00%(81),100.00%(81),100.00%(81),100.00%(81),100.00%(81),100.00%(81),97.53%(79),88.89%(72),,SKII13731V30_15-LC002714-S01-D01-L12-C206C113,HLA|深度不足|HLA_longrange,hla_warning,warning
250315103452_B097_SKII13731-QC6-100M-1-250315103453,B097,LC002909-S01-D01-L12-C206C165,958596,692428,0.7223,0.0298,133,135,0.97,0.95,0.53,692282,0.9998,1,4331.14,0.7635,0.8489,100.00%(81),100.00%(81),100.00%(81),100.00%(81),100.00%(81),100.00%(81),100.00%(81),100.00%(81),97.53%(79),86.42%(70),,SKII13731V30_16-LC002909-S01-D01-L12-C206C165,,,pass
250315103452_B097_SKII13731-QC6-100M-1-250315103453,B097,LC002303-S01-D01-L12-C208C143,882836,623782,0.7066,0.0216,136,138,0.97,0.94,0.53,623153,0.999,1,3930.99,0.7664,0.919,100.00%(81),100.00%(81),100.00%(81),100.00%(81),100.00%(81),100.00%(81),100.00%(81),100.00%(81),100.00%(81),91.36%(74),,SKII13731V30_17-LC002303-S01-D01-L12-C208C143,,,pass
250315103452_B097_SKII13731-QC6-100M-1-250315103453,B097,LC002480-S01-D01-L12-C208C138,1000000,734574,0.7346,0.0231,135,135,0.97,0.95,0.53,734374,0.9997,1,4583.47,0.7396,0.9006,100.00%(81),100.00%(81),100.00%(81),100.00%(81),100.00%(81),100.00%(81),100.00%(81),100.00%(81),98.77%(80),93.83%(76),,SKII13731V30_18-LC002480-S01-D01-L12-C208C138,,,pass
250315103452_B097_SKII13731-QC6-100M-1-250315103453,B097,LC002692-S01-D01-L12-C208C156,948170,679752,0.7169,0.0251,135,138,0.97,0.95,0.52,679516,0.9997,1,4300.12,0.7717,0.8825,100.00%(81),100.00%(81),100.00%(81),100.00%(81),100.00%(81),100.00%(81),100.00%(81),100.00%(81),97.53%(79),91.36%(74),,SKII13731V30_19-LC002692-S01-D01-L12-C208C156,,,pass
250315103452_B097_SKII13731-QC6-100M-1-250315103453,B097,LC002312-S01-D01-L12-C208C145,1000000,704252,0.7043,0.0193,134,137,0.97,0.94,0.53,703877,0.9995,0.9987,4419.15,0.7567,0.9189,100.00%(81),100.00%(81),100.00%(81),100.00%(81),100.00%(81),100.00%(81),100.00%(81),100.00%(81),97.53%(79),92.59%(75),,SKII13731V30_1-LC002312-S01-D01-L12-C208C145,,,pass
250315103452_B097_SKII13731-QC6-100M-1-250315103453,B097,LC002647-S01-D01-L12-C206C104,824730,609848,0.7395,0.0265,135,136,0.97,0.95,0.53,609728,0.9998,0.9987,3843.52,0.7569,0.8647,100.00%(81),100.00%(81),100.00%(81),100.00%(81),100.00%(81),100.00%(81),100.00%(81),100.00%(81),96.30%(78),86.42%(70),,SKII13731V30_20-LC002647-S01-D01-L12-C206C104,,,pass
250315103452_B097_SKII13731-QC6-100M-1-250315103453,B097,LC002664-S01-D01-L12-C206C105,758226,552790,0.7291,0.0258,137,137,0.97,0.95,0.54,552454,0.9994,0.9987,3503.74,0.787,0.8736,100.00%(81),100.00%(81),100.00%(81),100.00%(81),100.00%(81),100.00%(81),100.00%(81),100.00%(81),95.06%(77),86.42%(70),,SKII13731V30_21-LC002664-S01-D01-L12-C206C105,,,pass
250315103452_B097_SKII13731-QC6-100M-1-250315103453,B097,LC001876-S02-D01-L12-C206C130,969644,716814,0.7393,0.0396,136,133,0.97,0.95,0.54,716614,0.9997,1,4272.94,0.7221,0.879,100.00%(81),100.00%(81),100.00%(81),100.00%(81),100.00%(81),100.00%(81),100.00%(81),100.00%(81),97.53%(79),88.89%(72),,SKII13731V30_22-LC001876-S02-D01-L12-C206C130,,,pass
250315103452_B097_SKII13731-QC6-100M-1-250315103453,B097,CN001477-S09-D04-L13-C206C131,998074,718910,0.7203,0.0239,134,135,0.97,0.94,0.54,718759,0.9998,1,4346.32,0.7182,0.8781,100.00%(81),100.00%(81),100.00%(81),100.00%(81),100.00%(81),100.00%(81),100.00%(81),100.00%(81),98.77%(80),87.65%(71),,SKII13731V30_23-CN001477-S09-D04-L13-C206C131,,,pass
250315103452_B097_SKII13731-QC6-100M-1-250315103453,B097,LC002658-S01-D01-L12-C208C154,730952,518896,0.7099,0.0285,136,138,0.97,0.94,0.53,518786,0.9998,1,3272.3,0.7844,0.8892,100.00%(81),100.00%(81),100.00%(81),100.00%(81),100.00%(81),100.00%(81),100.00%(81),100.00%(81),97.53%(79),87.65%(71),,SKII13731V30_2-LC002658-S01-D01-L12-C208C154,,,pass
250315103452_B097_SKII13731-QC6-100M-1-250315103453,B097,LC002901-S01-D01-L12-C208C160,851824,617080,0.7244,0.0275,135,138,0.97,0.95,0.53,616708,0.9994,1,3953.82,0.7881,0.8707,100.00%(81),100.00%(81),100.00%(81),100.00%(81),100.00%(81),100.00%(81),100.00%(81),100.00%(81),100.00%(81),88.89%(72),,SKII13731V30_3-LC002901-S01-D01-L12-C208C160,,,pass
250315103452_B097_SKII13731-QC6-100M-1-250315103453,B097,LC002922-S01-D01-L12-C206C177,946836,677444,0.7155,0.0186,134,137,0.97,0.94,0.53,677238,0.9997,1,4304.1,0.7768,0.8964,100.00%(81),100.00%(81),100.00%(81),100.00%(81),100.00%(81),100.00%(81),100.00%(81),98.77%(80),97.53%(79),88.89%(72),,SKII13731V30_4-LC002922-S01-D01-L12-C206C177,,,pass
250315103452_B097_SKII13731-QC6-100M-1-250315103453,B097,LC001929-S01-D01-L12-C206C184,960284,708380,0.7377,0.0374,139,137,0.97,0.95,0.53,708196,0.9997,0.9987,4338.05,0.7582,0.8768,100.00%(81),100.00%(81),100.00%(81),100.00%(81),100.00%(81),100.00%(81),100.00%(81),100.00%(81),97.53%(79),86.42%(70),,SKII13731V30_5-LC001929-S01-D01-L12-C206C184,,,pass
250315103452_B097_SKII13731-QC6-100M-1-250315103453,B097,LC002060-S01-D01-L12-C206C190,808358,588940,0.7286,0.0348,137,137,0.97,0.95,0.54,588787,0.9997,1,3591.9,0.7457,0.8783,100.00%(81),100.00%(81),100.00%(81),100.00%(81),100.00%(81),100.00%(81),100.00%(81),100.00%(81),97.53%(79),83.95%(68),,SKII13731V30_6-LC002060-S01-D01-L12-C206C190,,,pass
250315103452_B097_SKII13731-QC6-100M-1-250315103453,B097,LC002521-S01-D01-L12-C206C191,1000000,722222,0.7222,0.0239,135,136,0.97,0.94,0.54,721991,0.9997,1,4564.82,0.7737,0.9205,100.00%(81),100.00%(81),100.00%(81),100.00%(81),100.00%(81),100.00%(81),100.00%(81),100.00%(81),98.77%(80),92.59%(75),,SKII13731V30_7-LC002521-S01-D01-L12-C206C191,,,pass
250315103452_B097_SKII13731-QC6-100M-1-250315103453,B097,LC002635-S01-D01-L12-C206C102,982790,714692,0.7272,0.0275,139,139,0.97,0.95,0.52,714401,0.9996,1,4619.75,0.7992,0.8859,100.00%(81),100.00%(81),100.00%(81),100.00%(81),100.00%(81),100.00%(81),100.00%(81),100.00%(81),98.77%(80),91.36%(74),,SKII13731V30_8-LC002635-S01-D01-L12-C206C102,,,pass
250315103452_B097_SKII13731-QC6-100M-1-250315103453,B097,LC002636-S01-D01-L12-C206C103,951518,701574,0.7373,0.0251,137,137,0.97,0.95,0.53,701301,0.9996,1,4476.23,0.7778,0.8916,100.00%(81),100.00%(81),100.00%(81),100.00%(81),100.00%(81),100.00%(81),100.00%(81),100.00%(81),98.77%(80),91.36%(74),,SKII13731V30_9-LC002636-S01-D01-L12-C206C103,,,pass
250506154409_B085_SK13920_RPA-B-YY2-250506154409,B085,LC002665-S01-D01-L12-C206C106,325064,232010,0.7137,0.0217,137,134,0.98,0.95,0.54,231935,0.9997,1,1411.75,0.7606,0.9193,100.00%(81),100.00%(81),100.00%(81),100.00%(81),100.00%(81),100.00%(81),98.77%(80),95.06%(77),86.42%(70),56.79%(46),,SK13920V30_10-LC002665-S01-D01-L12-C206C106,,,pass
250506154409_B085_SK13920_RPA-B-YY2-250506154409,B085,LC002711-S01-D01-L12-C206C111,482056,329378,0.6833,0.0143,131,132,0.98,0.95,0.54,329267,0.9997,0.9996,1993.82,0.7494,0.9017,100.00%(81),100.00%(81),100.00%(81),100.00%(81),100.00%(81),100.00%(81),98.77%(80),96.30%(78),87.65%(71),60.49%(49),,SK13920V30_11-LC002711-S01-D01-L12-C206C111,rs1415744|位于灰区|rs1415744-F|rs1415744-R|rs1415744-F,rs1415744,pass
250506154409_B085_SK13920_RPA-B-YY2-250506154409,B085,LC002712-S01-D01-L12-C206C112,444132,326058,0.7341,0.0261,135,132,0.98,0.95,0.55,326016,0.9999,1,1977.81,0.7697,0.902,100.00%(81),100.00%(81),100.00%(81),100.00%(81),100.00%(81),100.00%(81),98.77%(80),95.06%(77),92.59%(75),69.14%(56),,SK13920V30_12-LC002712-S01-D01-L12-C206C112,,,pass
250506154409_B085_SK13920_RPA-B-YY2-250506154409,B085,LC002719-S01-D01-L12-C206C116,447160,323738,0.724,0.0301,136,133,0.98,0.95,0.55,323637,0.9997,1,1979.84,0.7947,0.8606,100.00%(81),100.00%(81),100.00%(81),100.00%(81),100.00%(81),100.00%(81),98.77%(80),92.59%(75),87.65%(71),67.90%(55),,SK13920V30_13-LC002719-S01-D01-L12-C206C116,,,pass
250506154409_B085_SK13920_RPA-B-YY2-250506154409,B085,LC002693-S01-D01-L12-C206C107,286990,212600,0.7408,0.0318,138,133,0.98,0.95,0.54,212565,0.9998,0.9996,1305.2,0.7922,0.891,100.00%(81),100.00%(81),100.00%(81),100.00%(81),100.00%(81),98.77%(80),97.53%(79),96.30%(78),80.25%(65),50.62%(41),,SK13920V30_14-LC002693-S01-D01-L12-C206C107,,,pass
250506154409_B085_SK13920_RPA-B-YY2-250506154409,B085,LC002714-S01-D01-L12-C206C113,537538,366656,0.6821,0.0139,134,133,0.97,0.95,0.55,366638,1,1,2227.63,0.7486,0.8955,100.00%(81),100.00%(81),100.00%(81),100.00%(81),100.00%(81),100.00%(81),97.53%(79),97.53%(79),91.36%(74),66.67%(54),,SK13920V30_15-LC002714-S01-D01-L12-C206C113,HLA|深度不足|HLA_longrange,hla_warning,warning
250506154409_B085_SK13920_RPA-B-YY2-250506154409,B085,LC002909-S01-D01-L12-C206C165,401730,286534,0.7133,0.0237,134,132,0.98,0.95,0.55,286498,0.9999,1,1728.16,0.7559,0.8971,100.00%(81),100.00%(81),100.00%(81),100.00%(81),100.00%(81),98.77%(80),98.77%(80),93.83%(76),87.65%(71),66.67%(54),,SK13920V30_16-LC002909-S01-D01-L12-C206C165,,,pass
250506154409_B085_SK13920_RPA-B-YY2-250506154409,B085,LC002303-S01-D01-L12-C208C143,387216,275216,0.7108,0.0186,135,133,0.98,0.95,0.54,274989,0.9992,0.9999,1644.4,0.7303,0.9471,100.00%(81),100.00%(81),100.00%(81),100.00%(81),100.00%(81),100.00%(81),98.77%(80),96.30%(78),90.12%(73),61.73%(50),,SK13920V30_17-LC002303-S01-D01-L12-C208C143,,,pass
250506154409_B085_SK13920_RPA-B-YY2-250506154409,B085,LC002480-S01-D01-L12-C208C138,426536,307502,0.7209,0.0205,134,133,0.98,0.95,0.55,307434,0.9998,1,1856.44,0.7364,0.9219,100.00%(81),100.00%(81),100.00%(81),100.00%(81),100.00%(81),100.00%(81),98.77%(80),98.77%(80),88.89%(72),62.96%(51),,SK13920V30_18-LC002480-S01-D01-L12-C208C138,,,pass
250506154409_B085_SK13920_RPA-B-YY2-250506154409,B085,LC002692-S01-D01-L12-C208C156,407846,295024,0.7234,0.0221,135,132,0.98,0.95,0.53,294938,0.9997,1,1780.33,0.7485,0.9091,100.00%(81),100.00%(81),100.00%(81),100.00%(81),100.00%(81),98.77%(80),98.77%(80),96.30%(78),90.12%(73),70.37%(57),,SK13920V30_19-LC002692-S01-D01-L12-C208C156,,,pass
250506154409_B085_SK13920_RPA-B-YY2-250506154409,B085,LC002312-S01-D01-L12-C208C145,472866,321822,0.6806,0.0149,133,134,0.97,0.95,0.55,321672,0.9995,0.9995,1916.84,0.7346,0.9129,100.00%(81),100.00%(81),100.00%(81),100.00%(81),100.00%(81),100.00%(81),98.77%(80),98.77%(80),88.89%(72),66.67%(54),,SK13920V30_1-LC002312-S01-D01-L12-C208C145,,,pass
250506154409_B085_SK13920_RPA-B-YY2-250506154409,B085,LC002647-S01-D01-L12-C206C104,347554,248738,0.7157,0.0218,134,132,0.98,0.95,0.55,248701,0.9999,0.9977,1504.08,0.7491,0.8938,100.00%(81),100.00%(81),100.00%(81),98.77%(80),98.77%(80),98.77%(80),98.77%(80),93.83%(76),83.95%(68),58.02%(47),rs3892097,SK13920V30_20-LC002647-S01-D01-L12-C206C104,rs3892097|深度不足|PB-S14-F|PB-S14-R-3|PB114-F,rs3892097,pass
250506154409_B085_SK13920_RPA-B-YY2-250506154409,B085,LC002664-S01-D01-L12-C206C105,321986,229878,0.7139,0.0195,135,133,0.98,0.95,0.55,229678,0.9991,0.9977,1393.12,0.7646,0.9135,100.00%(81),100.00%(81),100.00%(81),100.00%(81),100.00%(81),100.00%(81),96.30%(78),95.06%(77),83.95%(68),51.85%(42),,SK13920V30_21-LC002664-S01-D01-L12-C206C105,,,pass
250506154409_B085_SK13920_RPA-B-YY2-250506154409,B085,LC001876-S02-D01-L12-C206C130,408112,297352,0.7286,0.0358,134,129,0.98,0.95,0.56,297287,0.9998,1,1701.74,0.7141,0.8914,100.00%(81),100.00%(81),100.00%(81),100.00%(81),100.00%(81),100.00%(81),98.77%(80),97.53%(79),87.65%(71),58.02%(47),,SK13920V30_22-LC001876-S02-D01-L12-C206C130,,,pass
250506154409_B085_SK13920_RPA-B-YY2-250506154409,B085,CN001477-S09-D04-L13-C206C131,430548,299904,0.6966,0.018,135,134,0.97,0.95,0.56,299847,0.9998,0.9996,1744.67,0.7103,0.9118,100.00%(81),100.00%(81),100.00%(81),100.00%(81),100.00%(81),100.00%(81),98.77%(80),97.53%(79),85.19%(69),55.56%(45),,SK13920V30_23-CN001477-S09-D04-L13-C206C131,,,pass
250506154409_B085_SK13920_RPA-B-YY2-250506154409,B085,LC002658-S01-D01-L12-C208C154,319366,222336,0.6962,0.0247,135,133,0.98,0.95,0.54,222290,0.9998,1,1325.52,0.7496,0.9218,100.00%(81),100.00%(81),100.00%(81),100.00%(81),100.00%(81),100.00%(81),98.77%(80),96.30%(78),85.19%(69),53.09%(43),,SK13920V30_2-LC002658-S01-D01-L12-C208C154,,,pass
250506154409_B085_SK13920_RPA-B-YY2-250506154409,B085,LC002901-S01-D01-L12-C208C160,355478,252536,0.7104,0.0238,135,134,0.98,0.95,0.55,252389,0.9994,1,1551.53,0.7727,0.8909,100.00%(81),100.00%(81),100.00%(81),100.00%(81),100.00%(81),100.00%(81),98.77%(80),96.30%(78),85.19%(69),56.79%(46),,SK13920V30_3-LC002901-S01-D01-L12-C208C160,,,pass
250506154409_B085_SK13920_RPA-B-YY2-250506154409,B085,LC002922-S01-D01-L12-C206C177,407944,289600,0.7099,0.0145,134,134,0.98,0.95,0.55,289511,0.9997,1,1762.63,0.7533,0.9456,100.00%(81),100.00%(81),100.00%(81),100.00%(81),100.00%(81),100.00%(81),98.77%(80),98.77%(80),90.12%(73),61.73%(50),,SK13920V30_4-LC002922-S01-D01-L12-C206C177,,,pass
250506154409_B085_SK13920_RPA-B-YY2-250506154409,B085,LC001929-S01-D01-L12-C206C184,392578,281516,0.7171,0.0297,138,134,0.98,0.95,0.55,281459,0.9998,0.9996,1637.42,0.7323,0.9096,100.00%(81),100.00%(81),100.00%(81),100.00%(81),100.00%(81),100.00%(81),98.77%(80),95.06%(77),86.42%(70),59.26%(48),,SK13920V30_5-LC001929-S01-D01-L12-C206C184,,,pass
250506154409_B085_SK13920_RPA-B-YY2-250506154409,B085,LC002060-S01-D01-L12-C206C190,341314,244232,0.7156,0.0293,136,133,0.98,0.95,0.55,244170,0.9997,0.9976,1413.53,0.7226,0.9051,100.00%(81),100.00%(81),100.00%(81),100.00%(81),100.00%(81),100.00%(81),98.77%(80),95.06%(77),82.72%(67),49.38%(40),,SK13920V30_6-LC002060-S01-D01-L12-C206C190,,,pass
250506154409_B085_SK13920_RPA-B-YY2-250506154409,B085,LC002521-S01-D01-L12-C206C191,461468,327284,0.7092,0.018,135,134,0.98,0.95,0.55,327217,0.9998,1,1997.65,0.7609,0.93,100.00%(81),100.00%(81),100.00%(81),100.00%(81),100.00%(81),100.00%(81),98.77%(80),98.77%(80),92.59%(75),70.37%(57),,SK13920V30_7-LC002521-S01-D01-L12-C206C191,rs4713916|位于灰区|PB309-F|PB309-R|PA-SF,rs4713916,pass
250506154409_B085_SK13920_RPA-B-YY2-250506154409,B085,LC002635-S01-D01-L12-C206C102,417076,306210,0.7342,0.0214,137,135,0.98,0.95,0.54,306101,0.9996,1,1885.41,0.7684,0.9148,100.00%(81),100.00%(81),100.00%(81),100.00%(81),100.00%(81),100.00%(81),98.77%(80),98.77%(80),92.59%(75),75.31%(61),,SK13920V30_8-LC002635-S01-D01-L12-C206C102,,,pass
250506154409_B085_SK13920_RPA-B-YY2-250506154409,B085,LC002636-S01-D01-L12-C206C103,401050,294176,0.7335,0.022,136,133,0.98,0.95,0.54,294066,0.9996,1,1798.23,0.7643,0.9192,100.00%(81),100.00%(81),100.00%(81),100.00%(81),100.00%(81),100.00%(81),98.77%(80),97.53%(79),88.89%(72),67.90%(55),,SK13920V30_9-LC002636-S01-D01-L12-C206C103,,,pass
250508152712_B094_SKII13926-RPA-B-YY2-250508152713,B094,LC002665-S01-D01-L12-C206C106,889568,647640,0.728,0.0207,139,135,0.97,0.95,0.54,647510,0.9998,1,4031.08,0.7766,0.9334,100.00%(81),100.00%(81),100.00%(81),100.00%(81),100.00%(81),100.00%(81),100.00%(81),97.53%(79),96.30%(78),93.83%(76),,SKII13926V30_10-LC002665-S01-D01-L12-C206C106,,,pass
250508152712_B094_SKII13926-RPA-B-YY2-250508152713,B094,LC002711-S01-D01-L12-C206C111,1000000,697618,0.6976,0.0152,133,134,0.97,0.94,0.54,697456,0.9998,1,4327.95,0.7659,0.8913,100.00%(81),100.00%(81),100.00%(81),100.00%(81),100.00%(81),100.00%(81),97.53%(79),97.53%(79),96.30%(78),88.89%(72),,SKII13926V30_11-LC002711-S01-D01-L12-C206C111,,,pass
250508152712_B094_SKII13926-RPA-B-YY2-250508152713,B094,LC002712-S01-D01-L12-C206C112,1000000,746684,0.7467,0.0274,138,134,0.98,0.95,0.54,746582,0.9999,1,4675.03,0.791,0.9088,100.00%(81),100.00%(81),100.00%(81),100.00%(81),100.00%(81),100.00%(81),98.77%(80),97.53%(79),96.30%(78),93.83%(76),,SKII13926V30_12-LC002712-S01-D01-L12-C206C112,,,pass
250508152712_B094_SKII13926-RPA-B-YY2-250508152713,B094,LC002719-S01-D01-L12-C206C116,1000000,740436,0.7404,0.0296,139,134,0.98,0.95,0.54,740208,0.9997,1,4664.45,0.8121,0.8784,100.00%(81),100.00%(81),100.00%(81),100.00%(81),100.00%(81),100.00%(81),100.00%(81),97.53%(79),92.59%(75),90.12%(73),,SKII13926V30_13-LC002719-S01-D01-L12-C206C116,,,pass
250508152712_B094_SKII13926-RPA-B-YY2-250508152713,B094,LC002693-S01-D01-L12-C206C107,814962,610664,0.7493,0.0327,141,135,0.98,0.95,0.54,610588,0.9999,1,3861.87,0.8143,0.9119,100.00%(81),100.00%(81),100.00%(81),100.00%(81),100.00%(81),100.00%(81),98.77%(80),97.53%(79),96.30%(78),92.59%(75),,SKII13926V30_14-LC002693-S01-D01-L12-C206C107,,,pass
250508152712_B094_SKII13926-RPA-B-YY2-250508152713,B094,LC002714-S01-D01-L12-C206C113,1000000,705430,0.7054,0.0127,136,134,0.97,0.94,0.54,705370,0.9999,1,4372.33,0.7603,0.9067,100.00%(81),100.00%(81),100.00%(81),100.00%(81),100.00%(81),100.00%(81),98.77%(80),96.30%(78),96.30%(78),91.36%(74),,SKII13926V30_15-LC002714-S01-D01-L12-C206C113,,,pass
250508152712_B094_SKII13926-RPA-B-YY2-250508152713,B094,LC002909-S01-D01-L12-C206C165,1000000,727954,0.728,0.0253,136,133,0.98,0.95,0.54,727865,0.9999,1,4492.01,0.7706,0.898,100.00%(81),100.00%(81),100.00%(81),100.00%(81),100.00%(81),100.00%(81),100.00%(81),97.53%(79),95.06%(77),91.36%(74),,SKII13926V30_16-LC002909-S01-D01-L12-C206C165,,,pass
250508152712_B094_SKII13926-RPA-B-YY2-250508152713,B094,LC002303-S01-D01-L12-C208C143,1000000,723878,0.7239,0.0192,138,135,0.97,0.95,0.54,723237,0.9991,1,4468.41,0.7584,0.9475,100.00%(81),100.00%(81),100.00%(81),100.00%(81),100.00%(81),100.00%(81),98.77%(80),97.53%(79),97.53%(79),95.06%(77),,SKII13926V30_17-LC002303-S01-D01-L12-C208C143,,,pass
250508152712_B094_SKII13926-RPA-B-YY2-250508152713,B094,LC002480-S01-D01-L12-C208C138,1000000,734242,0.7342,0.0199,137,134,0.98,0.95,0.54,734123,0.9998,1,4547.83,0.7534,0.927,100.00%(81),100.00%(81),100.00%(81),100.00%(81),100.00%(81),100.00%(81),100.00%(81),97.53%(79),97.53%(79),95.06%(77),,SKII13926V30_18-LC002480-S01-D01-L12-C208C138,,,pass
250508152712_B094_SKII13926-RPA-B-YY2-250508152713,B094,LC002692-S01-D01-L12-C208C156,1000000,732460,0.7325,0.0212,138,135,0.98,0.95,0.53,732327,0.9998,0.9997,4557.1,0.765,0.9195,100.00%(81),100.00%(81),100.00%(81),100.00%(81),100.00%(81),100.00%(81),100.00%(81),97.53%(79),96.30%(78),92.59%(75),,SKII13926V30_19-LC002692-S01-D01-L12-C208C156,,,pass
250508152712_B094_SKII13926-RPA-B-YY2-250508152713,B094,LC002312-S01-D01-L12-C208C145,1000000,706036,0.706,0.0153,136,136,0.97,0.95,0.54,705785,0.9996,0.9987,4320.89,0.7516,0.9143,100.00%(81),100.00%(81),100.00%(81),100.00%(81),100.00%(81),100.00%(81),98.77%(80),97.53%(79),97.53%(79),92.59%(75),,SKII13926V30_1-LC002312-S01-D01-L12-C208C145,,,pass
250508152712_B094_SKII13926-RPA-B-YY2-250508152713,B094,LC002647-S01-D01-L12-C206C104,965118,714008,0.7398,0.0233,138,134,0.98,0.95,0.54,713926,0.9999,0.9999,4448.35,0.7703,0.9051,100.00%(81),100.00%(81),100.00%(81),100.00%(81),100.00%(81),100.00%(81),98.77%(80),97.53%(79),95.06%(77),92.59%(75),,SKII13926V30_20-LC002647-S01-D01-L12-C206C104,,,pass
250508152712_B094_SKII13926-RPA-B-YY2-250508152713,B094,LC002664-S01-D01-L12-C206C105,904790,662596,0.7323,0.0204,138,135,0.98,0.95,0.55,662175,0.9994,0.9978,4127.51,0.7854,0.9215,100.00%(81),100.00%(81),100.00%(81),100.00%(81),100.00%(81),100.00%(81),100.00%(81),97.53%(79),95.06%(77),95.06%(77),,SKII13926V30_21-LC002664-S01-D01-L12-C206C105,,,pass
250508152712_B094_SKII13926-RPA-B-YY2-250508152713,B094,LC001876-S02-D01-L12-C206C130,1000000,749770,0.7498,0.033,137,131,0.98,0.95,0.55,749594,0.9998,0.9996,4392.46,0.7246,0.904,100.00%(81),100.00%(81),100.00%(81),100.00%(81),100.00%(81),100.00%(81),98.77%(80),97.53%(79),96.30%(78),92.59%(75),,SKII13926V30_22-LC001876-S02-D01-L12-C206C130,,,pass
250508152712_B094_SKII13926-RPA-B-YY2-250508152713,B094,CN001477-S09-D04-L13-C206C131,1000000,713864,0.7139,0.0175,136,134,0.97,0.94,0.55,713768,0.9999,1,4232.59,0.7187,0.9272,100.00%(81),100.00%(81),100.00%(81),100.00%(81),100.00%(81),100.00%(81),98.77%(80),97.53%(79),97.53%(79),91.36%(74),,SKII13926V30_23-CN001477-S09-D04-L13-C206C131,,,pass
250508152712_B094_SKII13926-RPA-B-YY2-250508152713,B094,LC002658-S01-D01-L12-C208C154,883412,635418,0.7193,0.0228,138,135,0.98,0.95,0.54,635289,0.9998,1,3913.48,0.7749,0.9305,100.00%(81),100.00%(81),100.00%(81),100.00%(81),100.00%(81),100.00%(81),98.77%(80),97.53%(79),97.53%(79),93.83%(76),,SKII13926V30_2-LC002658-S01-D01-L12-C208C154,,,pass
250508152712_B094_SKII13926-RPA-B-YY2-250508152713,B094,LC002901-S01-D01-L12-C208C160,1000000,726314,0.7263,0.023,138,136,0.98,0.95,0.54,725839,0.9993,1,4590.26,0.7914,0.9011,100.00%(81),100.00%(81),100.00%(81),100.00%(81),100.00%(81),100.00%(81),100.00%(81),97.53%(79),96.30%(78),92.59%(75),,SKII13926V30_3-LC002901-S01-D01-L12-C208C160,,,pass
250508152712_B094_SKII13926-RPA-B-YY2-250508152713,B094,LC002922-S01-D01-L12-C206C177,1000000,723262,0.7233,0.0148,136,135,0.98,0.95,0.54,723086,0.9998,1,4512.38,0.7711,0.9416,100.00%(81),100.00%(81),100.00%(81),100.00%(81),100.00%(81),100.00%(81),100.00%(81),97.53%(79),97.53%(79),92.59%(75),,SKII13926V30_4-LC002922-S01-D01-L12-C206C177,,,pass
250508152712_B094_SKII13926-RPA-B-YY2-250508152713,B094,LC001929-S01-D01-L12-C206C184,1000000,736830,0.7368,0.0301,140,136,0.98,0.95,0.54,736697,0.9998,0.9984,4393.15,0.7505,0.9069,100.00%(81),100.00%(81),100.00%(81),100.00%(81),100.00%(81),100.00%(81),100.00%(81),97.53%(79),96.30%(78),92.59%(75),,SKII13926V30_5-LC001929-S01-D01-L12-C206C184,,,pass
250508152712_B094_SKII13926-RPA-B-YY2-250508152713,B094,LC002060-S01-D01-L12-C206C190,961302,704614,0.733,0.0296,139,134,0.98,0.95,0.55,704503,0.9998,0.9987,4195.68,0.7404,0.9212,100.00%(81),100.00%(81),100.00%(81),100.00%(81),100.00%(81),100.00%(81),98.77%(80),97.53%(79),95.06%(77),93.83%(76),,SKII13926V30_6-LC002060-S01-D01-L12-C206C190,,,pass
250508152712_B094_SKII13926-RPA-B-YY2-250508152713,B094,LC002521-S01-D01-L12-C206C191,1000000,728792,0.7288,0.0197,137,135,0.98,0.95,0.55,728645,0.9998,1,4573.2,0.7815,0.9389,100.00%(81),100.00%(81),100.00%(81),100.00%(81),100.00%(81),100.00%(81),98.77%(80),97.53%(79),97.53%(79),95.06%(77),,SKII13926V30_7-LC002521-S01-D01-L12-C206C191,,,pass
250508152712_B094_SKII13926-RPA-B-YY2-250508152713,B094,LC002635-S01-D01-L12-C206C102,1000000,742576,0.7426,0.0224,140,137,0.98,0.95,0.53,742228,0.9995,1,4705.44,0.7919,0.9185,100.00%(81),100.00%(81),100.00%(81),100.00%(81),100.00%(81),100.00%(81),100.00%(81),97.53%(79),97.53%(79),92.59%(75),,SKII13926V30_8-LC002635-S01-D01-L12-C206C102,,,pass
250508152712_B094_SKII13926-RPA-B-YY2-250508152713,B094,LC002636-S01-D01-L12-C206C103,1000000,748858,0.7489,0.0219,139,135,0.98,0.95,0.54,748565,0.9996,1,4719.92,0.783,0.9278,100.00%(81),100.00%(81),100.00%(81),100.00%(81),100.00%(81),100.00%(81),100.00%(81),97.53%(79),97.53%(79),93.83%(76),,SKII13926V30_9-LC002636-S01-D01-L12-C206C103,,,pass
251225113322_B121_SKII1477-PABD,B121,LC002665-S01-D01-L12-C206C106,1000000,801936,0.8019,0.0303,146,149,0.97,0.95,0.52,801578,0.9996,0.9999,5500.57,0.8593,0.9407,100.00%(81),100.00%(81),100.00%(81),100.00%(81),100.00%(81),100.00%(81),100.00%(81),100.00%(81),98.77%(80),97.53%(79),,SKII1477V30_10-LC002665-S01-D01-L12-C206C106,,,pass
251225113322_B121_SKII1477-PABD,B121,LC002711-S01-D01-L12-C206C111,1000000,761074,0.7611,0.0242,140,145,0.96,0.94,0.53,760677,0.9995,0.9999,5118.81,0.8496,0.8826,100.00%(81),100.00%(81),100.00%(81),100.00%(81),100.00%(81),100.00%(81),100.00%(81),100.00%(81),97.53%(79),91.36%(74),,SKII1477V30_11-LC002711-S01-D01-L12-C206C111,rs1799732|位于灰区|PB270-F|PB219-R|PA-SF,rs1799732,pass
251225113322_B121_SKII1477-PABD,B121,LC002712-S01-D01-L12-C206C112,1000000,799250,0.7992,0.0334,145,147,0.96,0.94,0.54,798971,0.9997,1,5468.87,0.8724,0.9027,100.00%(81),100.00%(81),100.00%(81),100.00%(81),100.00%(81),100.00%(81),100.00%(81),100.00%(81),98.77%(80),96.30%(78),,SKII1477V30_12-LC002712-S01-D01-L12-C206C112,,,pass
251225113322_B121_SKII1477-PABD,B121,LC002719-S01-D01-L12-C206C116,1000000,796844,0.7968,0.0351,145,146,0.96,0.95,0.54,796450,0.9995,0.9999,5449.06,0.872,0.8717,100.00%(81),100.00%(81),100.00%(81),100.00%(81),100.00%(81),100.00%(81),100.00%(81),100.00%(81),97.53%(79),92.59%(75),,SKII1477V30_13-LC002719-S01-D01-L12-C206C116,rs1799732|位于灰区|PB270-F|PB219-R|PA-SF,rs1799732,pass
251225113322_B121_SKII1477-PABD,B121,LC002693-S01-D01-L12-C206C107,1000000,798174,0.7982,0.0406,148,148,0.96,0.95,0.53,797870,0.9996,0.9999,5517.23,0.876,0.9005,100.00%(81),100.00%(81),100.00%(81),100.00%(81),100.00%(81),100.00%(81),100.00%(81),100.00%(81),98.77%(80),98.77%(80),,SKII1477V30_14-LC002693-S01-D01-L12-C206C107,,,pass
251225113322_B121_SKII1477-PABD,B121,LC002714-S01-D01-L12-C206C113,1000000,771824,0.7718,0.0226,141,146,0.96,0.94,0.53,771589,0.9997,0.9999,5162.55,0.8353,0.886,100.00%(81),100.00%(81),100.00%(81),100.00%(81),100.00%(81),100.00%(81),100.00%(81),98.77%(80),98.77%(80),92.59%(75),,SKII1477V30_15-LC002714-S01-D01-L12-C206C113,,,pass
251225113322_B121_SKII1477-PABD,B121,LC002909-S01-D01-L12-C206C165,1000000,787038,0.787,0.0324,142,145,0.96,0.94,0.53,786754,0.9996,0.9999,5303.44,0.8483,0.8972,100.00%(81),100.00%(81),100.00%(81),100.00%(81),100.00%(81),100.00%(81),100.00%(81),100.00%(81),97.53%(79),93.83%(76),,SKII1477V30_16-LC002909-S01-D01-L12-C206C165,,,pass
251225113322_B121_SKII1477-PABD,B121,LC002303-S01-D01-L12-C208C143,1000000,779648,0.7796,0.0252,145,149,0.96,0.94,0.53,778775,0.9989,0.9999,5291.7,0.8424,0.9304,100.00%(81),100.00%(81),100.00%(81),100.00%(81),100.00%(81),100.00%(81),100.00%(81),100.00%(81),100.00%(81),95.06%(77),,SKII1477V30_17-LC002303-S01-D01-L12-C208C143,,,pass
251225113322_B121_SKII1477-PABD,B121,LC002480-S01-D01-L12-C208C138,1000000,796190,0.7962,0.027,144,147,0.96,0.95,0.53,795846,0.9996,0.9999,5408.64,0.845,0.9208,100.00%(81),100.00%(81),100.00%(81),100.00%(81),100.00%(81),100.00%(81),100.00%(81),100.00%(81),100.00%(81),98.77%(80),,SKII1477V30_18-LC002480-S01-D01-L12-C208C138,,,pass
251225113322_B121_SKII1477-PABD,B121,LC002692-S01-D01-L12-C208C156,1000000,788970,0.789,0.029,144,147,0.96,0.94,0.52,788621,0.9996,0.9999,5323.36,0.8394,0.9202,100.00%(81),100.00%(81),100.00%(81),100.00%(81),100.00%(81),100.00%(81),100.00%(81),100.00%(81),100.00%(81),95.06%(77),,SKII1477V30_19-LC002692-S01-D01-L12-C208C156,,,pass
251225113322_B121_SKII1477-PABD,B121,LC002312-S01-D01-L12-C208C145,1000000,775250,0.7752,0.0223,143,148,0.96,0.94,0.54,774806,0.9994,0.9998,5160.55,0.8343,0.9237,100.00%(81),100.00%(81),100.00%(81),100.00%(81),100.00%(81),100.00%(81),100.00%(81),100.00%(81),100.00%(81),95.06%(77),,SKII1477V30_1-LC002312-S01-D01-L12-C208C145,,,pass
251225113322_B121_SKII1477-PABD,B121,LC002647-S01-D01-L12-C206C104,1000000,803168,0.8032,0.0297,143,146,0.96,0.94,0.54,802894,0.9997,0.9986,5472.03,0.8533,0.9052,100.00%(81),100.00%(81),100.00%(81),100.00%(81),100.00%(81),100.00%(81),100.00%(81),100.00%(81),98.77%(80),95.06%(77),,SKII1477V30_20-LC002647-S01-D01-L12-C206C104,rs1799732|位于灰区|PB270-F|PB219-R|PA-SF,rs1799732,pass
251225113322_B121_SKII1477-PABD,B121,LC002664-S01-D01-L12-C206C105,1000000,791230,0.7912,0.0276,145,148,0.96,0.94,0.54,790750,0.9994,0.9996,5393.64,0.8683,0.9251,100.00%(81),100.00%(81),100.00%(81),100.00%(81),100.00%(81),100.00%(81),100.00%(81),100.00%(81),98.77%(80),97.53%(79),,SKII1477V30_21-LC002664-S01-D01-L12-C206C105,,,pass
251225113322_B121_SKII1477-PABD,B121,LC001876-S02-D01-L12-C206C130,1000000,799406,0.7994,0.0394,145,145,0.96,0.94,0.55,799074,0.9996,0.9999,5196.18,0.8239,0.9167,100.00%(81),100.00%(81),100.00%(81),100.00%(81),100.00%(81),100.00%(81),100.00%(81),100.00%(81),98.77%(80),95.06%(77),,SKII1477V30_22-LC001876-S02-D01-L12-C206C130,rs1799732|位于灰区|PB270-F|PB219-R|PA-SF,rs1799732,pass
251225113322_B121_SKII1477-PABD,B121,CN001477-S09-D04-L13-C206C131,1000000,781138,0.7811,0.0254,144,147,0.96,0.94,0.55,780887,0.9997,0.9999,5081.48,0.8091,0.9129,100.00%(81),100.00%(81),100.00%(81),100.00%(81),100.00%(81),100.00%(81),100.00%(81),100.00%(81),100.00%(81),95.06%(77),,SKII1477V30_23-CN001477-S09-D04-L13-C206C131,rs1799732|位于灰区|PB270-F|PB219-R|PA-SF,rs1799732,pass
251225113322_B121_SKII1477-PABD,B121,LC002658-S01-D01-L12-C208C154,1000000,777412,0.7774,0.0318,145,148,0.96,0.94,0.53,777067,0.9996,1,5275.06,0.8494,0.9184,100.00%(81),100.00%(81),100.00%(81),100.00%(81),100.00%(81),100.00%(81),100.00%(81),100.00%(81),100.00%(81),95.06%(77),,SKII1477V30_2-LC002658-S01-D01-L12-C208C154,rs1799732|位于灰区|PB270-F|PB219-R|PA-SF,rs1799732,pass
251225113322_B121_SKII1477-PABD,B121,LC002901-S01-D01-L12-C208C160,1000000,797984,0.798,0.0286,145,148,0.97,0.95,0.53,797316,0.9992,0.9999,5468.9,0.8611,0.8936,100.00%(81),100.00%(81),100.00%(81),100.00%(81),100.00%(81),100.00%(81),100.00%(81),100.00%(81),100.00%(81),96.30%(78),,SKII1477V30_3-LC002901-S01-D01-L12-C208C160,rs1799732|位于灰区|PB270-F|PB219-R|PA-SF,rs1799732,pass
251225113322_B121_SKII1477-PABD,B121,LC002922-S01-D01-L12-C206C177,1000000,778188,0.7782,0.0218,143,148,0.96,0.94,0.54,777816,0.9995,0.9999,5320.24,0.8644,0.9499,100.00%(81),100.00%(81),100.00%(81),100.00%(81),100.00%(81),100.00%(81),100.00%(81),100.00%(81),100.00%(81),95.06%(77),,SKII1477V30_4-LC002922-S01-D01-L12-C206C177,,,pass
251225113322_B121_SKII1477-PABD,B121,LC001929-S01-D01-L12-C206C184,1000000,798170,0.7982,0.0372,147,148,0.96,0.95,0.54,797864,0.9996,0.9986,5222.9,0.8226,0.9255,100.00%(81),100.00%(81),100.00%(81),100.00%(81),100.00%(81),100.00%(81),100.00%(81),100.00%(81),98.77%(80),96.30%(78),,SKII1477V30_5-LC001929-S01-D01-L12-C206C184,rs1799732|位于灰区|PB270-F|PB219-R|PA-SF,rs1799732,pass
251225113322_B121_SKII1477-PABD,B121,LC002060-S01-D01-L12-C206C190,1000000,796322,0.7963,0.0351,146,148,0.96,0.94,0.54,796035,0.9996,0.9985,5201.36,0.8212,0.9404,100.00%(81),100.00%(81),100.00%(81),100.00%(81),100.00%(81),100.00%(81),100.00%(81),100.00%(81),98.77%(80),97.53%(79),,SKII1477V30_6-LC002060-S01-D01-L12-C206C190,,,pass
251225113322_B121_SKII1477-PABD,B121,LC002521-S01-D01-L12-C206C191,1000000,790564,0.7906,0.0264,145,148,0.96,0.94,0.54,790223,0.9996,1,5396.73,0.863,0.9277,100.00%(81),100.00%(81),100.00%(81),100.00%(81),100.00%(81),100.00%(81),100.00%(81),100.00%(81),100.00%(81),97.53%(79),,SKII1477V30_7-LC002521-S01-D01-L12-C206C191,rs1799732|位于灰区|PB270-F|PB219-R|PA-SF,rs1799732,pass
251225113322_B121_SKII1477-PABD,B121,LC002635-S01-D01-L12-C206C102,1000000,791500,0.7915,0.0301,147,149,0.96,0.94,0.53,791088,0.9995,0.9999,5423.92,0.8544,0.9135,100.00%(81),100.00%(81),100.00%(81),100.00%(81),100.00%(81),100.00%(81),100.00%(81),100.00%(81),100.00%(81),96.30%(78),,SKII1477V30_8-LC002635-S01-D01-L12-C206C102,,,pass
251225113322_B121_SKII1477-PABD,B121,LC002636-S01-D01-L12-C206C103,1000000,808274,0.8083,0.0283,146,148,0.97,0.95,0.53,807799,0.9994,1,5552.16,0.8642,0.9165,100.00%(81),100.00%(81),100.00%(81),100.00%(81),100.00%(81),100.00%(81),100.00%(81),100.00%(81),98.77%(80),96.30%(78),,SKII1477V30_9-LC002636-S01-D01-L12-C206C103,,,pass
260321141809_B157_09509B0317N3-YY2-260321141812,B157,LC002665-S01-D01-L12-C206C106,1000000,822316,0.8223,0.0046,148,129,0.9,0.87,0.53,822003,0.9996,0.9977,4386.51,0.7251,0.9186,100.00%(81),100.00%(81),98.77%(80),98.77%(80),98.77%(80),98.77%(80),98.77%(80),98.77%(80),97.53%(79),95.06%(77),rs28386840,260321141809V30_10-LC002665-S01-D01-L12-C206C106,rs28386840|深度不足|PB279-F|PB206-R|PA-SF,rs28386840,pass
260321141809_B157_09509B0317N3-YY2-260321141812,B157,LC002711-S01-D01-L12-C206C111,1000000,828530,0.8285,0.0028,148,130,0.9,0.87,0.53,828144,0.9995,0.9978,4394.94,0.7168,0.8866,100.00%(81),98.77%(80),98.77%(80),98.77%(80),98.77%(80),98.77%(80),98.77%(80),98.77%(80),97.53%(79),90.12%(73),rs28386840,260321141809V30_11-LC002711-S01-D01-L12-C206C111,rs28386840|深度不足|PB279-F|PB206-R|PA-SF,rs28386840,pass
260321141809_B157_09509B0317N3-YY2-260321141812,B157,LC002712-S01-D01-L12-C206C112,1000000,829084,0.8291,0.0059,148,129,0.9,0.87,0.53,828841,0.9997,0.9977,4442.52,0.7459,0.8853,100.00%(81),100.00%(81),100.00%(81),98.77%(80),98.77%(80),98.77%(80),98.77%(80),98.77%(80),97.53%(79),91.36%(74),rs28386840,260321141809V30_12-LC002712-S01-D01-L12-C206C112,rs28386840|深度不足|PB279-F|PB206-R|PA-SF,rs28386840,pass
260321141809_B157_09509B0317N3-YY2-260321141812,B157,LC002719-S01-D01-L12-C206C116,1000000,840560,0.8406,0.0064,148,129,0.9,0.88,0.53,840213,0.9996,0.9977,4564.3,0.7629,0.8653,100.00%(81),100.00%(81),100.00%(81),98.77%(80),98.77%(80),98.77%(80),98.77%(80),97.53%(79),93.83%(76),90.12%(73),rs28386840,260321141809V30_13-LC002719-S01-D01-L12-C206C116,rs28386840|深度不足|PB279-F|PB206-R|PA-SF,rs28386840,pass
260321141809_B157_09509B0317N3-YY2-260321141812,B157,LC002693-S01-D01-L12-C206C107,1000000,831050,0.831,0.0088,148,130,0.9,0.88,0.53,830877,0.9998,0.9977,4510.49,0.7651,0.8995,100.00%(81),100.00%(81),98.77%(80),98.77%(80),98.77%(80),98.77%(80),98.77%(80),97.53%(79),97.53%(79),95.06%(77),rs28386840,260321141809V30_14-LC002693-S01-D01-L12-C206C107,rs28386840|深度不足|PB279-F|PB206-R|PA-SF,rs28386840,pass
260321141809_B157_09509B0317N3-YY2-260321141812,B157,LC002714-S01-D01-L12-C206C113,1000000,827250,0.8272,0.0027,148,130,0.9,0.87,0.53,827146,0.9999,0.9977,4407.93,0.712,0.8774,100.00%(81),100.00%(81),100.00%(81),98.77%(80),98.77%(80),98.77%(80),98.77%(80),97.53%(79),97.53%(79),90.12%(73),rs28386840,260321141809V30_15-LC002714-S01-D01-L12-C206C113,rs28386840|深度不足|PB279-F|PB206-R|PA-SF,rs28386840,pass
260321141809_B157_09509B0317N3-YY2-260321141812,B157,LC002909-S01-D01-L12-C206C165,1000000,840100,0.8401,0.0057,148,130,0.9,0.88,0.53,839994,0.9999,0.9977,4527.17,0.7492,0.8724,100.00%(81),100.00%(81),98.77%(80),98.77%(80),98.77%(80),98.77%(80),98.77%(80),98.77%(80),95.06%(77),91.36%(74),rs28386840,260321141809V30_16-LC002909-S01-D01-L12-C206C165,rs28386840|深度不足|PB279-F|PB206-R|PA-SF,rs28386840,pass
260321141809_B157_09509B0317N3-YY2-260321141812,B157,LC002303-S01-D01-L12-C208C143,1000000,845608,0.8456,0.004,148,131,0.91,0.88,0.53,844860,0.9991,0.9977,4496.16,0.7215,0.9168,100.00%(81),100.00%(81),98.77%(80),98.77%(80),98.77%(80),98.77%(80),98.77%(80),98.77%(80),97.53%(79),93.83%(76),rs28386840,260321141809V30_17-LC002303-S01-D01-L12-C208C143,rs28386840|深度不足|PB279-F|PB206-R|PA-SF,rs28386840,pass
260321141809_B157_09509B0317N3-YY2-260321141812,B157,LC002480-S01-D01-L12-C208C138,1000000,837870,0.8379,0.004,148,131,0.9,0.88,0.53,837547,0.9996,0.9977,4477.55,0.7368,0.911,100.00%(81),100.00%(81),100.00%(81),98.77%(80),98.77%(80),98.77%(80),98.77%(80),98.77%(80),97.53%(79),95.06%(77),rs28386840,260321141809V30_18-LC002480-S01-D01-L12-C208C138,rs28386840|深度不足|PB279-F|PB206-R|PA-SF,rs28386840,pass
260321141809_B157_09509B0317N3-YY2-260321141812,B157,LC002692-S01-D01-L12-C208C156,1000000,840522,0.8405,0.0044,148,130,0.9,0.88,0.52,840229,0.9997,0.9977,4492.1,0.741,0.8933,100.00%(81),100.00%(81),100.00%(81),100.00%(81),98.77%(80),98.77%(80),98.77%(80),98.77%(80),97.53%(79),92.59%(75),,260321141809V30_19-LC002692-S01-D01-L12-C208C156,,,pass
260321141809_B157_09509B0317N3-YY2-260321141812,B157,LC002312-S01-D01-L12-C208C145,1000000,824890,0.8249,0.0032,148,130,0.9,0.87,0.53,824285,0.9993,0.9965,4247.26,0.693,0.9077,100.00%(81),100.00%(81),100.00%(81),98.77%(80),98.77%(80),98.77%(80),98.77%(80),98.77%(80),96.30%(78),92.59%(75),rs28386840,260321141809V30_1-LC002312-S01-D01-L12-C208C145,rs28386840|深度不足|PB279-F|PB206-R|PA-SF,rs28386840,pass
260321141809_B157_09509B0317N3-YY2-260321141812,B157,LC002647-S01-D01-L12-C206C104,1000000,829724,0.8297,0.0056,148,129,0.9,0.88,0.54,829401,0.9996,0.9976,4439.38,0.7463,0.8851,100.00%(81),100.00%(81),100.00%(81),98.77%(80),98.77%(80),98.77%(80),98.77%(80),97.53%(79),97.53%(79),91.36%(74),rs28386840,260321141809V30_20-LC002647-S01-D01-L12-C206C104,rs28386840|深度不足|PB279-F|PB206-R|PA-SF,rs28386840,pass
260321141809_B157_09509B0317N3-YY2-260321141812,B157,LC002664-S01-D01-L12-C206C105,1000000,825356,0.8254,0.0054,148,129,0.9,0.87,0.54,824610,0.9991,0.9976,4381.83,0.7313,0.9201,100.00%(81),100.00%(81),100.00%(81),98.77%(80),98.77%(80),98.77%(80),98.77%(80),97.53%(79),97.53%(79),95.06%(77),rs28386840,260321141809V30_21-LC002664-S01-D01-L12-C206C105,rs28386840|深度不足|PB279-F|PB206-R|PA-SF,rs28386840,pass
260321141809_B157_09509B0317N3-YY2-260321141812,B157,LC001876-S02-D01-L12-C206C130,1000000,817818,0.8178,0.0126,148,128,0.9,0.87,0.55,817551,0.9997,0.9977,4218.57,0.719,0.9146,100.00%(81),100.00%(81),98.77%(80),98.77%(80),98.77%(80),98.77%(80),98.77%(80),97.53%(79),97.53%(79),93.83%(76),rs28386840,260321141809V30_22-LC001876-S02-D01-L12-C206C130,rs28386840|深度不足|PB279-F|PB206-R|PA-SF,rs28386840,pass
260321141809_B157_09509B0317N3-YY2-260321141812,B157,CN001477-S09-D04-L13-C206C131,507572,414548,0.8167,0.0077,148,128,0.9,0.87,0.54,414395,0.9996,0.9977,2089.04,0.697,0.8874,100.00%(81),98.77%(80),98.77%(80),98.77%(80),98.77%(80),98.77%(80),97.53%(79),97.53%(79),91.36%(74),74.07%(60),rs28386840,260321141809V30_23-CN001477-S09-D04-L13-C206C131,rs28386840|深度不足|PB279-F|PB206-R|PA-SF,rs28386840,pass
260321141809_B157_09509B0317N3-YY2-260321141812,B157,LC002658-S01-D01-L12-C208C154,1000000,836276,0.8363,0.0066,148,130,0.9,0.88,0.53,836105,0.9998,0.9976,4435.66,0.7279,0.9063,100.00%(81),100.00%(81),98.77%(80),98.77%(80),98.77%(80),98.77%(80),98.77%(80),98.77%(80),97.53%(79),93.83%(76),rs28386840,260321141809V30_2-LC002658-S01-D01-L12-C208C154,rs28386840|深度不足|PB279-F|PB206-R|PA-SF,rs28386840,pass
260321141809_B157_09509B0317N3-YY2-260321141812,B157,LC002901-S01-D01-L12-C208C160,1000000,836044,0.836,0.0048,148,129,0.9,0.87,0.53,835483,0.9993,0.9977,4499.58,0.7442,0.8843,100.00%(81),100.00%(81),98.77%(80),98.77%(80),98.77%(80),98.77%(80),98.77%(80),98.77%(80),97.53%(79),91.36%(74),rs28386840,260321141809V30_3-LC002901-S01-D01-L12-C208C160,rs28386840|深度不足|PB279-F|PB206-R|PA-SF,rs28386840,pass
260321141809_B157_09509B0317N3-YY2-260321141812,B157,LC002922-S01-D01-L12-C206C177,1000000,831092,0.8311,0.0033,148,130,0.9,0.87,0.53,830750,0.9996,0.9978,4407.59,0.7083,0.9161,100.00%(81),100.00%(81),100.00%(81),98.77%(80),98.77%(80),98.77%(80),98.77%(80),98.77%(80),96.30%(78),92.59%(75),rs28386840,260321141809V30_4-LC002922-S01-D01-L12-C206C177,rs28386840|深度不足|PB279-F|PB206-R|PA-SF,rs28386840,pass
260321141809_B157_09509B0317N3-YY2-260321141812,B157,LC001929-S01-D01-L12-C206C184,1000000,830334,0.8303,0.0113,148,129,0.9,0.88,0.53,830028,0.9996,0.9976,4276.6,0.7129,0.912,100.00%(81),100.00%(81),98.77%(80),98.77%(80),98.77%(80),98.77%(80),98.77%(80),97.53%(79),97.53%(79),95.06%(77),rs28386840,260321141809V30_5-LC001929-S01-D01-L12-C206C184,rs28386840|深度不足|PB279-F|PB206-R|PA-SF,rs28386840,pass
260321141809_B157_09509B0317N3-YY2-260321141812,B157,LC002060-S01-D01-L12-C206C190,1000000,823586,0.8236,0.0091,148,129,0.9,0.87,0.54,823153,0.9995,0.9982,4233.86,0.7084,0.9096,100.00%(81),100.00%(81),98.77%(80),98.77%(80),98.77%(80),98.77%(80),98.77%(80),98.77%(80),97.53%(79),96.30%(78),rs28386840,260321141809V30_6-LC002060-S01-D01-L12-C206C190,rs28386840|深度不足|PB279-F|PB206-R|PA-SF,rs28386840,pass
260321141809_B157_09509B0317N3-YY2-260321141812,B157,LC002521-S01-D01-L12-C206C191,1000000,808848,0.8088,0.0049,148,132,0.89,0.87,0.53,808606,0.9997,0.9977,4228.62,0.7099,0.914,100.00%(81),100.00%(81),100.00%(81),100.00%(81),100.00%(81),100.00%(81),100.00%(81),98.77%(80),98.77%(80),97.53%(79),,260321141809V30_7-LC002521-S01-D01-L12-C206C191,,,pass
260321141809_B157_09509B0317N3-YY2-260321141812,B157,LC002635-S01-D01-L12-C206C102,1000000,838798,0.8388,0.004,148,131,0.9,0.88,0.52,838531,0.9997,0.9976,4553.95,0.7503,0.8991,100.00%(81),100.00%(81),100.00%(81),100.00%(81),98.77%(80),98.77%(80),98.77%(80),98.77%(80),97.53%(79),92.59%(75),,260321141809V30_8-LC002635-S01-D01-L12-C206C102,,,pass
260321141809_B157_09509B0317N3-YY2-260321141812,B157,LC002636-S01-D01-L12-C206C103,1000000,836302,0.8363,0.0046,148,130,0.9,0.88,0.53,835985,0.9996,0.9976,4533.58,0.7523,0.9037,100.00%(81),100.00%(81),100.00%(81),98.77%(80),98.77%(80),98.77%(80),98.77%(80),98.77%(80),97.53%(79),95.06%(77),rs28386840,260321141809V30_9-LC002636-S01-D01-L12-C206C103,rs28386840|深度不足|PB279-F|PB206-R|PA-SF,rs28386840,pass
260404153205_B170_SKII15168-YY2-1-260404153205,B170,LC002665-S01-D01-L12-C206C106,1000000,939998,0.94,0.0067,148,140,0.94,0.89,0.53,939813,0.9998,0.9978,5556.69,0.8552,0.9278,100.00%(81),100.00%(81),100.00%(81),100.00%(81),98.77%(80),98.77%(80),98.77%(80),98.77%(80),97.53%(79),97.53%(79),,SKII15168V30_10-LC002665-S01-D01-L12-C206C106,,,pass
260404153205_B170_SKII15168-YY2-1-260404153205,B170,LC002711-S01-D01-L12-C206C111,1000000,943316,0.9433,0.0042,148,141,0.94,0.9,0.53,943055,0.9997,0.9977,5537.03,0.8555,0.8627,100.00%(81),100.00%(81),100.00%(81),100.00%(81),100.00%(81),98.77%(80),98.77%(80),98.77%(80),97.53%(79),92.59%(75),,SKII15168V30_11-LC002711-S01-D01-L12-C206C111,,,pass
260404153205_B170_SKII15168-YY2-1-260404153205,B170,LC002712-S01-D01-L12-C206C112,1000000,945384,0.9454,0.0085,148,140,0.94,0.9,0.54,945255,0.9999,0.9977,5615.86,0.8732,0.891,100.00%(81),100.00%(81),100.00%(81),98.77%(80),98.77%(80),98.77%(80),98.77%(80),98.77%(80),97.53%(79),96.30%(78),rs28386840,SKII15168V30_12-LC002712-S01-D01-L12-C206C112,rs28386840|深度不足|PB279-F|PB206-R|PA-SF,rs28386840,pass
260404153205_B170_SKII15168-YY2-1-260404153205,B170,LC002719-S01-D01-L12-C206C116,1000000,949462,0.9495,0.0091,148,140,0.94,0.9,0.54,949177,0.9997,0.9977,5710.05,0.8824,0.8652,100.00%(81),100.00%(81),100.00%(81),98.77%(80),98.77%(80),98.77%(80),98.77%(80),98.77%(80),96.30%(78),92.59%(75),rs28386840,SKII15168V30_13-LC002719-S01-D01-L12-C206C116,rs28386840|深度不足|PB279-F|PB206-R|PA-SF,rs28386840,pass
260404153205_B170_SKII15168-YY2-1-260404153205,B170,LC002693-S01-D01-L12-C206C107,1000000,943420,0.9434,0.0125,148,140,0.94,0.9,0.53,943298,0.9999,0.9977,5662.95,0.8795,0.8853,100.00%(81),100.00%(81),100.00%(81),100.00%(81),98.77%(80),98.77%(80),98.77%(80),98.77%(80),97.53%(79),97.53%(79),,SKII15168V30_14-LC002693-S01-D01-L12-C206C107,,,pass
260404153205_B170_SKII15168-YY2-1-260404153205,B170,LC002714-S01-D01-L12-C206C113,1000000,942014,0.942,0.0044,148,141,0.94,0.89,0.53,941958,0.9999,0.9979,5563.19,0.8539,0.8602,100.00%(81),100.00%(81),100.00%(81),100.00%(81),100.00%(81),98.77%(80),98.77%(80),98.77%(80),97.53%(79),93.83%(76),,SKII15168V30_15-LC002714-S01-D01-L12-C206C113,,,pass
260404153205_B170_SKII15168-YY2-1-260404153205,B170,LC002909-S01-D01-L12-C206C165,1000000,946066,0.9461,0.0087,148,140,0.94,0.9,0.54,946018,0.9999,0.9977,5650.86,0.8711,0.8666,100.00%(81),100.00%(81),100.00%(81),100.00%(81),98.77%(80),98.77%(80),98.77%(80),98.77%(80),96.30%(78),95.06%(77),,SKII15168V30_16-LC002909-S01-D01-L12-C206C165,,,pass
260404153205_B170_SKII15168-YY2-1-260404153205,B170,LC002303-S01-D01-L12-C208C143,1000000,946306,0.9463,0.0055,148,141,0.94,0.9,0.53,945630,0.9993,0.9977,5528.62,0.8387,0.902,100.00%(81),100.00%(81),100.00%(81),98.77%(80),98.77%(80),98.77%(80),98.77%(80),98.77%(80),98.77%(80),95.06%(77),rs28386840,SKII15168V30_17-LC002303-S01-D01-L12-C208C143,rs28386840|深度不足|PB279-F|PB206-R|PA-SF;rs1799752|位于灰区|PB285-F-2|PB212-R|PA-SF,rs28386840;rs1799752,pass
260404153205_B170_SKII15168-YY2-1-260404153205,B170,LC002480-S01-D01-L12-C208C138,1000000,946262,0.9463,0.0062,148,141,0.94,0.9,0.54,946055,0.9998,0.9999,5588.99,0.8538,0.9109,100.00%(81),100.00%(81),100.00%(81),100.00%(81),98.77%(80),98.77%(80),98.77%(80),98.77%(80),98.77%(80),96.30%(78),,SKII15168V30_18-LC002480-S01-D01-L12-C208C138,,,pass
260404153205_B170_SKII15168-YY2-1-260404153205,B170,LC002692-S01-D01-L12-C208C156,1000000,947100,0.9471,0.0066,148,141,0.94,0.9,0.52,946912,0.9998,0.9978,5596.24,0.8577,0.8921,100.00%(81),100.00%(81),100.00%(81),100.00%(81),100.00%(81),100.00%(81),98.77%(80),98.77%(80),98.77%(80),96.30%(78),,SKII15168V30_19-LC002692-S01-D01-L12-C208C156,,,pass
260404153205_B170_SKII15168-YY2-1-260404153205,B170,LC002312-S01-D01-L12-C208C145,1000000,940800,0.9408,0.005,148,141,0.94,0.89,0.54,940404,0.9996,0.9977,5335.65,0.8209,0.8919,100.00%(81),100.00%(81),100.00%(81),100.00%(81),100.00%(81),98.77%(80),98.77%(80),98.77%(80),98.77%(80),95.06%(77),,SKII15168V30_1-LC002312-S01-D01-L12-C208C145,,,pass
260404153205_B170_SKII15168-YY2-1-260404153205,B170,LC002647-S01-D01-L12-C206C104,1000000,940520,0.9405,0.008,148,140,0.94,0.9,0.54,940388,0.9999,0.9976,5555.43,0.8642,0.8862,100.00%(81),100.00%(81),100.00%(81),100.00%(81),98.77%(80),98.77%(80),98.77%(80),98.77%(80),97.53%(79),96.30%(78),,SKII15168V30_20-LC002647-S01-D01-L12-C206C104,,,pass
260404153205_B170_SKII15168-YY2-1-260404153205,B170,LC002664-S01-D01-L12-C206C105,1000000,938878,0.9389,0.0081,148,140,0.94,0.89,0.55,938180,0.9993,0.9997,5507.21,0.862,0.9197,100.00%(81),100.00%(81),100.00%(81),100.00%(81),100.00%(81),100.00%(81),98.77%(80),98.77%(80),97.53%(79),97.53%(79),,SKII15168V30_21-LC002664-S01-D01-L12-C206C105,,,pass
260404153205_B170_SKII15168-YY2-1-260404153205,B170,LC001876-S02-D01-L12-C206C130,1000000,933826,0.9338,0.0181,148,139,0.94,0.89,0.55,933652,0.9998,0.9977,5345.22,0.8415,0.8982,100.00%(81),100.00%(81),100.00%(81),98.77%(80),98.77%(80),98.77%(80),98.77%(80),98.77%(80),97.53%(79),96.30%(78),rs28386840,SKII15168V30_22-LC001876-S02-D01-L12-C206C130,rs28386840|深度不足|PB279-F|PB206-R|PA-SF,rs28386840,pass
260404153205_B170_SKII15168-YY2-1-260404153205,B170,CN001477-S09-D04-L13-C206C131,1000000,941734,0.9417,0.0085,148,141,0.94,0.9,0.55,941570,0.9998,0.9977,5294.94,0.8154,0.8926,100.00%(81),100.00%(81),100.00%(81),98.77%(80),98.77%(80),98.77%(80),98.77%(80),98.77%(80),97.53%(79),95.06%(77),rs28386840,SKII15168V30_23-CN001477-S09-D04-L13-C206C131,rs28386840|深度不足|PB279-F|PB206-R|PA-SF,rs28386840,pass
260404153205_B170_SKII15168-YY2-1-260404153205,B170,LC002658-S01-D01-L12-C208C154,1000000,939926,0.9399,0.0095,148,140,0.94,0.9,0.54,939778,0.9998,0.9997,5500.29,0.8482,0.9085,100.00%(81),100.00%(81),100.00%(81),100.00%(81),100.00%(81),98.77%(80),98.77%(80),98.77%(80),98.77%(80),97.53%(79),,SKII15168V30_2-LC002658-S01-D01-L12-C208C154,,,pass
260404153205_B170_SKII15168-YY2-1-260404153205,B170,LC002901-S01-D01-L12-C208C160,1000000,946050,0.946,0.0072,148,141,0.94,0.9,0.54,945490,0.9994,0.9977,5638.39,0.8693,0.8848,100.00%(81),100.00%(81),100.00%(81),100.00%(81),100.00%(81),98.77%(80),98.77%(80),98.77%(80),98.77%(80),95.06%(77),,SKII15168V30_3-LC002901-S01-D01-L12-C208C160,,,pass
260404153205_B170_SKII15168-YY2-1-260404153205,B170,LC002922-S01-D01-L12-C206C177,1000000,943028,0.943,0.0048,148,141,0.94,0.9,0.54,942836,0.9998,0.9978,5527.25,0.8473,0.9107,100.00%(81),100.00%(81),100.00%(81),100.00%(81),100.00%(81),98.77%(80),98.77%(80),98.77%(80),98.77%(80),95.06%(77),,SKII15168V30_4-LC002922-S01-D01-L12-C206C177,rs1799752|位于灰区|PB285-F-2|PB212-R|PA-SF,rs1799752,pass
260404153205_B170_SKII15168-YY2-1-260404153205,B170,LC001929-S01-D01-L12-C206C184,1000000,938132,0.9381,0.0153,148,140,0.94,0.9,0.54,937978,0.9998,0.9965,5308.03,0.8254,0.9116,100.00%(81),100.00%(81),100.00%(81),100.00%(81),98.77%(80),98.77%(80),98.77%(80),98.77%(80),97.53%(79),96.30%(78),,SKII15168V30_5-LC001929-S01-D01-L12-C206C184,,,pass
260404153205_B170_SKII15168-YY2-1-260404153205,B170,LC002060-S01-D01-L12-C206C190,1000000,935534,0.9355,0.0135,148,140,0.94,0.89,0.54,935331,0.9998,0.9975,5299.39,0.827,0.9079,100.00%(81),100.00%(81),100.00%(81),100.00%(81),98.77%(80),98.77%(80),98.77%(80),98.77%(80),97.53%(79),96.30%(78),,SKII15168V30_6-LC002060-S01-D01-L12-C206C190,,,pass
260404153205_B170_SKII15168-YY2-1-260404153205,B170,LC002521-S01-D01-L12-C206C191,1000000,925794,0.9258,0.0065,148,141,0.93,0.89,0.54,925630,0.9998,0.998,5373.22,0.8466,0.9114,100.00%(81),100.00%(81),100.00%(81),100.00%(81),100.00%(81),100.00%(81),100.00%(81),100.00%(81),98.77%(80),98.77%(80),,SKII15168V30_7-LC002521-S01-D01-L12-C206C191,,,pass
260404153205_B170_SKII15168-YY2-1-260404153205,B170,LC002635-S01-D01-L12-C206C102,1000000,948184,0.9482,0.0058,148,141,0.94,0.9,0.53,947938,0.9997,0.9977,5689.37,0.8688,0.9049,100.00%(81),100.00%(81),100.00%(81),100.00%(81),98.77%(80),98.77%(80),98.77%(80),98.77%(80),97.53%(79),95.06%(77),,SKII15168V30_8-LC002635-S01-D01-L12-C206C102,,,pass
260404153205_B170_SKII15168-YY2-1-260404153205,B170,LC002636-S01-D01-L12-C206C103,1000000,945080,0.9451,0.0066,148,141,0.94,0.9,0.53,944799,0.9997,0.9977,5650.25,0.8722,0.9095,100.00%(81),100.00%(81),100.00%(81),100.00%(81),100.00%(81),98.77%(80),98.77%(80),98.77%(80),97.53%(79),96.30%(78),,SKII15168V30_9-LC002636-S01-D01-L12-C206C103,,,pass
260413181025_B170_SKII15205-YY2-2-260413181024,B170,LC002665-S01-D01-L12-C206C106,1000000,766420,0.7664,0.0049,148,119,0.87,0.79,0.53,765927,0.9994,0.9977,3609.38,0.7048,0.9203,100.00%(81),100.00%(81),100.00%(81),100.00%(81),100.00%(81),100.00%(81),98.77%(80),98.77%(80),97.53%(79),95.06%(77),,SKII15205V30_10-LC002665-S01-D01-L12-C206C106,,,pass
260413181025_B170_SKII15205-YY2-2-260413181024,B170,LC002711-S01-D01-L12-C206C111,1000000,765066,0.7651,0.0031,148,119,0.87,0.78,0.53,764503,0.9993,0.9977,3557.2,0.6851,0.8805,100.00%(81),100.00%(81),100.00%(81),100.00%(81),100.00%(81),100.00%(81),98.77%(80),98.77%(80),95.06%(77),87.65%(71),,SKII15205V30_11-LC002711-S01-D01-L12-C206C111,,,pass
260413181025_B170_SKII15205-YY2-2-260413181024,B170,LC002712-S01-D01-L12-C206C112,1000000,765418,0.7654,0.0061,148,118,0.87,0.78,0.54,764959,0.9994,0.9977,3583.48,0.7149,0.883,100.00%(81),100.00%(81),100.00%(81),100.00%(81),100.00%(81),100.00%(81),98.77%(80),98.77%(80),97.53%(79),90.12%(73),,SKII15205V30_12-LC002712-S01-D01-L12-C206C112,,,pass
260413181025_B170_SKII15205-YY2-2-260413181024,B170,LC002719-S01-D01-L12-C206C116,1000000,769236,0.7692,0.0064,148,118,0.87,0.78,0.54,768745,0.9994,0.9977,3620.9,0.7277,0.867,100.00%(81),100.00%(81),100.00%(81),100.00%(81),100.00%(81),100.00%(81),98.77%(80),98.77%(80),93.83%(76),88.89%(72),,SKII15205V30_13-LC002719-S01-D01-L12-C206C116,,,pass
260413181025_B170_SKII15205-YY2-2-260413181024,B170,LC002693-S01-D01-L12-C206C107,900660,690134,0.7663,0.0087,148,118,0.87,0.78,0.53,689833,0.9996,0.9976,3272.8,0.7368,0.8859,100.00%(81),100.00%(81),100.00%(81),100.00%(81),100.00%(81),100.00%(81),98.77%(80),97.53%(79),97.53%(79),91.36%(74),,SKII15205V30_14-LC002693-S01-D01-L12-C206C107,,,pass
260413181025_B170_SKII15205-YY2-2-260413181024,B170,LC002714-S01-D01-L12-C206C113,1000000,764746,0.7647,0.003,148,119,0.87,0.78,0.53,764190,0.9993,0.9977,3586.01,0.6862,0.8695,100.00%(81),100.00%(81),100.00%(81),100.00%(81),100.00%(81),100.00%(81),98.77%(80),98.77%(80),96.30%(78),87.65%(71),,SKII15205V30_15-LC002714-S01-D01-L12-C206C113,,,pass
260413181025_B170_SKII15205-YY2-2-260413181024,B170,LC002909-S01-D01-L12-C206C165,1000000,764742,0.7647,0.0058,148,118,0.86,0.78,0.54,764456,0.9996,0.9976,3569.99,0.7163,0.8595,100.00%(81),100.00%(81),100.00%(81),100.00%(81),100.00%(81),100.00%(81),100.00%(81),98.77%(80),95.06%(77),86.42%(70),,SKII15205V30_16-LC002909-S01-D01-L12-C206C165,,,pass
260413181025_B170_SKII15205-YY2-2-260413181024,B170,LC002303-S01-D01-L12-C208C143,1000000,776122,0.7761,0.004,148,120,0.87,0.79,0.53,775113,0.9987,0.9977,3609.81,0.6879,0.9082,100.00%(81),100.00%(81),100.00%(81),100.00%(81),100.00%(81),100.00%(81),98.77%(80),98.77%(80),97.53%(79),93.83%(76),,SKII15205V30_17-LC002303-S01-D01-L12-C208C143,,,pass
260413181025_B170_SKII15205-YY2-2-260413181024,B170,LC002480-S01-D01-L12-C208C138,1000000,773022,0.773,0.0042,148,120,0.87,0.78,0.54,772360,0.9991,0.9977,3613,0.7058,0.911,100.00%(81),100.00%(81),100.00%(81),100.00%(81),100.00%(81),100.00%(81),100.00%(81),98.77%(80),97.53%(79),92.59%(75),,SKII15205V30_18-LC002480-S01-D01-L12-C208C138,,,pass
260413181025_B170_SKII15205-YY2-2-260413181024,B170,LC002692-S01-D01-L12-C208C156,1000000,780486,0.7805,0.0045,148,120,0.87,0.79,0.52,779893,0.9992,0.9977,3665.42,0.7115,0.8816,100.00%(81),100.00%(81),100.00%(81),100.00%(81),100.00%(81),100.00%(81),100.00%(81),98.77%(80),97.53%(79),91.36%(74),,SKII15205V30_19-LC002692-S01-D01-L12-C208C156,,,pass
260413181025_B170_SKII15205-YY2-2-260413181024,B170,LC002312-S01-D01-L12-C208C145,1000000,760112,0.7601,0.0035,148,119,0.87,0.78,0.54,759134,0.9987,0.9977,3448.48,0.6661,0.9063,100.00%(81),100.00%(81),100.00%(81),100.00%(81),100.00%(81),100.00%(81),98.77%(80),98.77%(80),96.30%(78),90.12%(73),,SKII15205V30_1-LC002312-S01-D01-L12-C208C145,,,pass
260413181025_B170_SKII15205-YY2-2-260413181024,B170,LC002647-S01-D01-L12-C206C104,1000000,764848,0.7648,0.0055,148,118,0.86,0.78,0.54,764307,0.9993,0.9976,3556.9,0.7119,0.8818,100.00%(81),100.00%(81),100.00%(81),100.00%(81),100.00%(81),100.00%(81),98.77%(80),98.77%(80),97.53%(79),90.12%(73),,SKII15205V30_20-LC002647-S01-D01-L12-C206C104,,,pass
260413181025_B170_SKII15205-YY2-2-260413181024,B170,LC002664-S01-D01-L12-C206C105,949870,720006,0.758,0.0053,148,118,0.86,0.78,0.54,719084,0.9987,0.9976,3322.17,0.6907,0.9116,100.00%(81),100.00%(81),100.00%(81),100.00%(81),100.00%(81),100.00%(81),98.77%(80),97.53%(79),97.53%(79),92.59%(75),,SKII15205V30_21-LC002664-S01-D01-L12-C206C105,,,pass
260413181025_B170_SKII15205-YY2-2-260413181024,B170,LC001876-S02-D01-L12-C206C130,1000000,755612,0.7556,0.0123,148,116,0.87,0.78,0.55,755064,0.9993,0.9991,3408.24,0.6917,0.8958,100.00%(81),100.00%(81),100.00%(81),100.00%(81),100.00%(81),98.77%(80),98.77%(80),97.53%(79),97.53%(79),91.36%(74),,SKII15205V30_22-LC001876-S02-D01-L12-C206C130,,,pass
260413181025_B170_SKII15205-YY2-2-260413181024,B170,CN001477-S09-D04-L13-C206C131,963196,732646,0.7606,0.006,148,118,0.87,0.78,0.55,732052,0.9992,0.9998,3260.17,0.6636,0.8957,100.00%(81),100.00%(81),100.00%(81),100.00%(81),100.00%(81),98.77%(80),98.77%(80),98.77%(80),95.06%(77),91.36%(74),,SKII15205V30_23-CN001477-S09-D04-L13-C206C131,,,pass
260413181025_B170_SKII15205-YY2-2-260413181024,B170,LC002658-S01-D01-L12-C208C154,993178,758478,0.7637,0.0061,148,119,0.87,0.78,0.54,757995,0.9994,0.9977,3511.23,0.6948,0.9029,100.00%(81),100.00%(81),100.00%(81),100.00%(81),100.00%(81),100.00%(81),100.00%(81),98.77%(80),97.53%(79),91.36%(74),,SKII15205V30_2-LC002658-S01-D01-L12-C208C154,,,pass
260413181025_B170_SKII15205-YY2-2-260413181024,B170,LC002901-S01-D01-L12-C208C160,1000000,773576,0.7736,0.0047,148,119,0.87,0.78,0.53,772694,0.9989,0.9977,3649.4,0.7155,0.8833,100.00%(81),100.00%(81),100.00%(81),100.00%(81),100.00%(81),100.00%(81),98.77%(80),98.77%(80),97.53%(79),90.12%(73),,SKII15205V30_3-LC002901-S01-D01-L12-C208C160,,,pass
260413181025_B170_SKII15205-YY2-2-260413181024,B170,LC002922-S01-D01-L12-C206C177,1000000,760366,0.7604,0.0035,148,119,0.86,0.78,0.54,759723,0.9992,0.9977,3511.31,0.6713,0.9097,100.00%(81),100.00%(81),100.00%(81),100.00%(81),100.00%(81),100.00%(81),98.77%(80),98.77%(80),97.53%(79),92.59%(75),,SKII15205V30_4-LC002922-S01-D01-L12-C206C177,,,pass
260413181025_B170_SKII15205-YY2-2-260413181024,B170,LC001929-S01-D01-L12-C206C184,1000000,758518,0.7585,0.0104,148,117,0.86,0.78,0.54,757926,0.9992,0.9976,3371.46,0.6742,0.9018,100.00%(81),100.00%(81),100.00%(81),100.00%(81),100.00%(81),100.00%(81),98.77%(80),97.53%(79),97.53%(79),93.83%(76),,SKII15205V30_5-LC001929-S01-D01-L12-C206C184,,,pass
260413181025_B170_SKII15205-YY2-2-260413181024,B170,LC002060-S01-D01-L12-C206C190,1000000,759908,0.7599,0.009,148,117,0.87,0.78,0.54,759196,0.9991,0.9974,3407.06,0.6776,0.9052,100.00%(81),100.00%(81),100.00%(81),100.00%(81),100.00%(81),100.00%(81),98.77%(80),98.77%(80),97.53%(79),91.36%(74),,SKII15205V30_6-LC002060-S01-D01-L12-C206C190,,,pass
260413181025_B170_SKII15205-YY2-2-260413181024,B170,LC002521-S01-D01-L12-C206C191,1000000,747486,0.7475,0.0052,148,118,0.87,0.78,0.54,747057,0.9994,0.9977,3509.82,0.7014,0.9227,100.00%(81),100.00%(81),100.00%(81),100.00%(81),100.00%(81),100.00%(81),100.00%(81),100.00%(81),98.77%(80),96.30%(78),,SKII15205V30_7-LC002521-S01-D01-L12-C206C191,,,pass
260413181025_B170_SKII15205-YY2-2-260413181024,B170,LC002635-S01-D01-L12-C206C102,1000000,773712,0.7737,0.0045,148,120,0.87,0.79,0.53,773277,0.9994,0.9976,3666.87,0.7169,0.8972,100.00%(81),100.00%(81),100.00%(81),100.00%(81),100.00%(81),100.00%(81),100.00%(81),98.77%(80),97.53%(79),91.36%(74),,SKII15205V30_8-LC002635-S01-D01-L12-C206C102,,,pass
260413181025_B170_SKII15205-YY2-2-260413181024,B170,LC002636-S01-D01-L12-C206C103,1000000,768908,0.7689,0.0047,148,118,0.87,0.78,0.53,768394,0.9993,0.9977,3610.76,0.7121,0.9023,100.00%(81),100.00%(81),100.00%(81),100.00%(81),100.00%(81),100.00%(81),98.77%(80),98.77%(80),97.53%(79),91.36%(74),,SKII15205V30_9-LC002636-S01-D01-L12-C206C103,,,pass
260428162711_B162_SKII5264-YY2-CLK-A-260428162711,B162,LC002665-S01-D01-L12-C206C106,886844,822194,0.9271,0.0088,150,140,0.94,0.89,0.53,821945,0.9997,1,4834.44,0.8378,0.9179,100.00%(81),100.00%(81),100.00%(81),100.00%(81),98.77%(80),98.77%(80),98.77%(80),97.53%(79),96.30%(78),96.30%(78),,SKII5264V30_10-LC002665-S01-D01-L12-C206C106,rs1799752|位于灰区|PB285-F-2|PB212-R|PA-SF,rs1799752,pass
260428162711_B162_SKII5264-YY2-CLK-A-260428162711,B162,LC002711-S01-D01-L12-C206C111,1000000,928826,0.9288,0.0055,150,140,0.94,0.9,0.53,928451,0.9996,0.9979,5423.51,0.837,0.8459,100.00%(81),100.00%(81),100.00%(81),98.77%(80),98.77%(80),98.77%(80),98.77%(80),98.77%(80),96.30%(78),88.89%(72),rs6494223,SKII5264V30_11-LC002711-S01-D01-L12-C206C111,rs6494223|深度不足|PB200-F|PB272-R|PA-SF,rs6494223,pass
260428162711_B162_SKII5264-YY2-CLK-A-260428162711,B162,LC002712-S01-D01-L12-C206C112,1000000,930942,0.9309,0.0101,150,140,0.94,0.9,0.54,930707,0.9997,0.998,5508.25,0.8545,0.8747,100.00%(81),100.00%(81),100.00%(81),100.00%(81),98.77%(80),98.77%(80),98.77%(80),98.77%(80),96.30%(78),95.06%(77),,SKII5264V30_12-LC002712-S01-D01-L12-C206C112,,,pass
260428162711_B162_SKII5264-YY2-CLK-A-260428162711,B162,LC002719-S01-D01-L12-C206C116,1000000,933060,0.9331,0.011,150,139,0.94,0.9,0.53,932699,0.9996,0.998,5613.38,0.8696,0.8513,100.00%(81),100.00%(81),100.00%(81),98.77%(80),98.77%(80),98.77%(80),98.77%(80),97.53%(79),95.06%(77),91.36%(74),rs6494223,SKII5264V30_13-LC002719-S01-D01-L12-C206C116,rs6494223|深度不足|PB200-F|PB272-R|PA-SF,rs6494223,pass
260428162711_B162_SKII5264-YY2-CLK-A-260428162711,B162,LC002693-S01-D01-L12-C206C107,792668,735148,0.9274,0.0151,150,139,0.94,0.9,0.53,734993,0.9998,0.9979,4406.15,0.8683,0.8708,100.00%(81),100.00%(81),98.77%(80),98.77%(80),98.77%(80),98.77%(80),98.77%(80),97.53%(79),96.30%(78),93.83%(76),rs6494223,SKII5264V30_14-LC002693-S01-D01-L12-C206C107,rs6494223|深度不足|PB200-F|PB272-R|PA-SF,rs6494223,pass
260428162711_B162_SKII5264-YY2-CLK-A-260428162711,B162,LC002714-S01-D01-L12-C206C113,1000000,928232,0.9282,0.0059,150,140,0.94,0.89,0.53,928100,0.9999,0.998,5450.98,0.8363,0.846,100.00%(81),100.00%(81),100.00%(81),100.00%(81),98.77%(80),98.77%(80),98.77%(80),98.77%(80),96.30%(78),90.12%(73),,SKII5264V30_15-LC002714-S01-D01-L12-C206C113,rs6494223|深度不足|PB200-F|PB272-R|PA-SF,rs6494223,pass
260428162711_B162_SKII5264-YY2-CLK-A-260428162711,B162,LC002909-S01-D01-L12-C206C165,1000000,931812,0.9318,0.0104,150,140,0.94,0.9,0.54,931658,0.9998,0.9979,5556.83,0.8565,0.8472,100.00%(81),100.00%(81),100.00%(81),100.00%(81),100.00%(81),98.77%(80),98.77%(80),97.53%(79),95.06%(77),92.59%(75),,SKII5264V30_16-LC002909-S01-D01-L12-C206C165,,,pass
260428162711_B162_SKII5264-YY2-CLK-A-260428162711,B162,LC002303-S01-D01-L12-C208C143,932180,868680,0.9319,0.0072,150,140,0.94,0.9,0.53,867917,0.9991,0.9981,5019.53,0.8166,0.9061,100.00%(81),100.00%(81),100.00%(81),100.00%(81),100.00%(81),98.77%(80),98.77%(80),97.53%(79),97.53%(79),95.06%(77),,SKII5264V30_17-LC002303-S01-D01-L12-C208C143,,,pass
260428162711_B162_SKII5264-YY2-CLK-A-260428162711,B162,LC002480-S01-D01-L12-C208C138,1000000,931374,0.9314,0.0072,150,140,0.94,0.9,0.54,931067,0.9997,0.9979,5455.68,0.8338,0.8946,100.00%(81),100.00%(81),100.00%(81),98.77%(80),98.77%(80),98.77%(80),98.77%(80),97.53%(79),97.53%(79),95.06%(77),rs6494223,SKII5264V30_18-LC002480-S01-D01-L12-C208C138,rs6494223|深度不足|PB200-F|PB272-R|PA-SF;rs1799752|位于灰区|PB285-F-2|PB212-R|PA-SF,rs6494223;rs1799752,pass
260428162711_B162_SKII5264-YY2-CLK-A-260428162711,B162,LC002692-S01-D01-L12-C208C156,1000000,933442,0.9334,0.0082,150,140,0.94,0.9,0.52,933204,0.9997,0.998,5473.63,0.8391,0.8806,100.00%(81),100.00%(81),100.00%(81),98.77%(80),98.77%(80),98.77%(80),98.77%(80),97.53%(79),97.53%(79),95.06%(77),rs6494223,SKII5264V30_19-LC002692-S01-D01-L12-C208C156,rs6494223|深度不足|PB200-F|PB272-R|PA-SF,rs6494223,pass
260428162711_B162_SKII5264-YY2-CLK-A-260428162711,B162,LC002312-S01-D01-L12-C208C145,1000000,928042,0.928,0.0063,150,140,0.94,0.89,0.54,927585,0.9995,0.9999,5206.63,0.799,0.8849,100.00%(81),100.00%(81),100.00%(81),98.77%(80),98.77%(80),98.77%(80),98.77%(80),97.53%(79),97.53%(79),93.83%(76),rs6494223,SKII5264V30_1-LC002312-S01-D01-L12-C208C145,rs6494223|深度不足|PB200-F|PB272-R|PA-SF,rs6494223,pass
260428162711_B162_SKII5264-YY2-CLK-A-260428162711,B162,LC002647-S01-D01-L12-C206C104,950014,877962,0.9242,0.01,150,140,0.94,0.89,0.54,877751,0.9998,0.9967,5146.87,0.8438,0.8839,100.00%(81),100.00%(81),100.00%(81),98.77%(80),98.77%(80),98.77%(80),98.77%(80),97.53%(79),96.30%(78),95.06%(77),rs6494223,SKII5264V30_20-LC002647-S01-D01-L12-C206C104,rs6494223|深度不足|PB200-F|PB272-R|PA-SF,rs6494223,pass
260428162711_B162_SKII5264-YY2-CLK-A-260428162711,B162,LC002664-S01-D01-L12-C206C105,865070,799622,0.9243,0.0102,150,139,0.94,0.89,0.54,798903,0.9991,0.9978,4648.5,0.8414,0.9096,100.00%(81),100.00%(81),100.00%(81),98.77%(80),98.77%(80),98.77%(80),98.77%(80),97.53%(79),96.30%(78),96.30%(78),rs6494223,SKII5264V30_21-LC002664-S01-D01-L12-C206C105,rs6494223|深度不足|PB200-F|PB272-R|PA-SF,rs6494223,pass
260428162711_B162_SKII5264-YY2-CLK-A-260428162711,B162,LC001876-S02-D01-L12-C206C130,1000000,917918,0.9179,0.0206,150,138,0.94,0.89,0.55,917648,0.9997,0.998,5190.54,0.8201,0.8767,100.00%(81),100.00%(81),100.00%(81),100.00%(81),100.00%(81),98.77%(80),98.77%(80),98.77%(80),96.30%(78),95.06%(77),,SKII5264V30_22-LC001876-S02-D01-L12-C206C130,,,pass
260428162711_B162_SKII5264-YY2-CLK-A-260428162711,B162,CN001477-S09-D04-L13-C206C131,901914,836566,0.9275,0.0108,150,140,0.94,0.89,0.55,836378,0.9998,0.998,4619.54,0.7887,0.8841,100.00%(81),100.00%(81),98.77%(80),98.77%(80),98.77%(80),98.77%(80),98.77%(80),98.77%(80),96.30%(78),93.83%(76),rs6494223,SKII5264V30_23-CN001477-S09-D04-L13-C206C131,rs6494223|深度不足|PB200-F|PB272-R|PA-SF,rs6494223,pass
260428162711_B162_SKII5264-YY2-CLK-A-260428162711,B162,LC002658-S01-D01-L12-C208C154,835374,775310,0.9281,0.0114,150,139,0.94,0.9,0.53,775143,0.9998,0.9979,4520.29,0.8344,0.9046,100.00%(81),100.00%(81),98.77%(80),98.77%(80),98.77%(80),98.77%(80),98.77%(80),97.53%(79),96.30%(78),95.06%(77),rs6494223,SKII5264V30_2-LC002658-S01-D01-L12-C208C154,rs6494223|深度不足|PB200-F|PB272-R|PA-SF,rs6494223,pass
260428162711_B162_SKII5264-YY2-CLK-A-260428162711,B162,LC002901-S01-D01-L12-C208C160,920718,857818,0.9317,0.0087,150,139,0.94,0.89,0.53,857226,0.9993,0.9979,5082.8,0.8527,0.8725,100.00%(81),100.00%(81),100.00%(81),98.77%(80),98.77%(80),98.77%(80),98.77%(80),97.53%(79),97.53%(79),93.83%(76),rs6494223,SKII5264V30_3-LC002901-S01-D01-L12-C208C160,rs6494223|深度不足|PB200-F|PB272-R|PA-SF,rs6494223,pass
260428162711_B162_SKII5264-YY2-CLK-A-260428162711,B162,LC002922-S01-D01-L12-C206C177,1000000,928276,0.9283,0.006,150,140,0.94,0.89,0.54,928038,0.9997,0.9984,5411.65,0.8272,0.8982,100.00%(81),100.00%(81),100.00%(81),98.77%(80),98.77%(80),98.77%(80),98.77%(80),98.77%(80),97.53%(79),95.06%(77),rs6494223,SKII5264V30_4-LC002922-S01-D01-L12-C206C177,rs6494223|深度不足|PB200-F|PB272-R|PA-SF,rs6494223,pass
260428162711_B162_SKII5264-YY2-CLK-A-260428162711,B162,LC001929-S01-D01-L12-C206C184,1000000,922696,0.9227,0.0175,150,139,0.94,0.9,0.54,922457,0.9997,0.9967,5192.85,0.8092,0.9015,100.00%(81),100.00%(81),100.00%(81),98.77%(80),98.77%(80),98.77%(80),98.77%(80),97.53%(79),96.30%(78),95.06%(77),rs6494223,SKII5264V30_5-LC001929-S01-D01-L12-C206C184,rs6494223|深度不足|PB200-F|PB272-R|PA-SF,rs6494223,pass
260428162711_B162_SKII5264-YY2-CLK-A-260428162711,B162,LC002060-S01-D01-L12-C206C190,898432,828244,0.9219,0.016,150,139,0.94,0.89,0.54,827984,0.9997,0.9978,4656.9,0.8092,0.889,100.00%(81),100.00%(81),100.00%(81),98.77%(80),98.77%(80),98.77%(80),98.77%(80),97.53%(79),96.30%(78),93.83%(76),rs6494223,SKII5264V30_6-LC002060-S01-D01-L12-C206C190,rs6494223|深度不足|PB200-F|PB272-R|PA-SF,rs6494223,pass
260428162711_B162_SKII5264-YY2-CLK-A-260428162711,B162,LC002521-S01-D01-L12-C206C191,1000000,928918,0.9289,0.0077,150,140,0.94,0.89,0.54,928657,0.9997,0.998,5391.9,0.8292,0.9013,100.00%(81),100.00%(81),100.00%(81),100.00%(81),98.77%(80),98.77%(80),98.77%(80),97.53%(79),96.30%(78),96.30%(78),,SKII5264V30_7-LC002521-S01-D01-L12-C206C191,rs1799752|位于灰区|PB285-F-2|PB212-R|PA-SF,rs1799752,pass
260428162711_B162_SKII5264-YY2-CLK-A-260428162711,B162,LC002635-S01-D01-L12-C206C102,1000000,932702,0.9327,0.0074,150,141,0.94,0.9,0.53,932340,0.9996,0.9979,5595.87,0.8543,0.8994,100.00%(81),100.00%(81),100.00%(81),100.00%(81),98.77%(80),98.77%(80),98.77%(80),98.77%(80),96.30%(78),95.06%(77),,SKII5264V30_8-LC002635-S01-D01-L12-C206C102,,,pass
260428162711_B162_SKII5264-YY2-CLK-A-260428162711,B162,LC002636-S01-D01-L12-C206C103,1000000,930444,0.9304,0.0082,150,140,0.94,0.9,0.53,930075,0.9996,0.9979,5524.31,0.8529,0.8972,100.00%(81),100.00%(81),100.00%(81),98.77%(80),98.77%(80),98.77%(80),98.77%(80),97.53%(79),96.30%(78),95.06%(77),rs6494223,SKII5264V30_9-LC002636-S01-D01-L12-C206C103,rs6494223|深度不足|PB200-F|PB272-R|PA-SF,rs6494223,pass
260429170714_B141_SKII15265-YY223-CTRL-260429170714,B141,LC002665-S01-D01-L12-C206C106,589882,530616,0.8995,0.0097,150,136,0.93,0.88,0.5,530475,0.9997,1,3081.86,0.8509,0.9064,100.00%(81),100.00%(81),100.00%(81),100.00%(81),100.00%(81),100.00%(81),100.00%(81),97.53%(79),95.06%(77),92.59%(75),,SKII15265V30_10-LC002665-S01-D01-L12-C206C106,,,pass
260429170714_B141_SKII15265-YY223-CTRL-260429170714,B141,LC002711-S01-D01-L12-C206C111,827322,746294,0.9021,0.0062,150,137,0.93,0.88,0.49,746077,0.9997,0.998,4326.9,0.85,0.8776,100.00%(81),100.00%(81),100.00%(81),100.00%(81),100.00%(81),100.00%(81),100.00%(81),98.77%(80),96.30%(78),90.12%(73),,SKII15265V30_11-LC002711-S01-D01-L12-C206C111,rs1799752|位于灰区|PB285-F-2|PB212-R|PA-SF,rs1799752,pass
260429170714_B141_SKII15265-YY223-CTRL-260429170714,B141,LC002712-S01-D01-L12-C206C112,783186,705970,0.9014,0.0117,150,136,0.93,0.88,0.51,705788,0.9997,0.998,4136.02,0.8686,0.8747,100.00%(81),100.00%(81),100.00%(81),100.00%(81),100.00%(81),100.00%(81),100.00%(81),98.77%(80),95.06%(77),91.36%(74),,SKII15265V30_12-LC002712-S01-D01-L12-C206C112,,,pass
260429170714_B141_SKII15265-YY223-CTRL-260429170714,B141,LC002719-S01-D01-L12-C206C116,824620,744266,0.9026,0.013,150,136,0.93,0.88,0.51,744025,0.9997,0.9979,4377.2,0.876,0.8533,100.00%(81),100.00%(81),100.00%(81),100.00%(81),100.00%(81),100.00%(81),98.77%(80),98.77%(80),96.30%(78),88.89%(72),,SKII15265V30_13-LC002719-S01-D01-L12-C206C116,,,pass
260429170714_B141_SKII15265-YY223-CTRL-260429170714,B141,LC002693-S01-D01-L12-C206C107,549090,492886,0.8976,0.0162,150,135,0.93,0.88,0.51,492782,0.9998,0.9979,2892.6,0.8743,0.8726,100.00%(81),100.00%(81),100.00%(81),100.00%(81),100.00%(81),100.00%(81),98.77%(80),97.53%(79),93.83%(76),88.89%(72),,SKII15265V30_14-LC002693-S01-D01-L12-C206C107,rs429358|位于灰区|PB287-F-2|PB287-R-2|PA-SF,rs429358,pass
260429170714_B141_SKII15265-YY223-CTRL-260429170714,B141,LC002714-S01-D01-L12-C206C113,882696,792794,0.8982,0.0065,150,137,0.93,0.87,0.5,792651,0.9998,0.9979,4600.2,0.8472,0.8756,100.00%(81),100.00%(81),100.00%(81),100.00%(81),100.00%(81),100.00%(81),100.00%(81),98.77%(80),95.06%(77),91.36%(74),,SKII15265V30_15-LC002714-S01-D01-L12-C206C113,,,pass
260429170714_B141_SKII15265-YY223-CTRL-260429170714,B141,LC002909-S01-D01-L12-C206C165,715614,642514,0.8978,0.0117,150,136,0.93,0.88,0.51,642405,0.9998,0.9978,3750.07,0.8645,0.8519,100.00%(81),100.00%(81),100.00%(81),100.00%(81),100.00%(81),100.00%(81),100.00%(81),98.77%(80),93.83%(76),87.65%(71),,SKII15265V30_16-LC002909-S01-D01-L12-C206C165,,,pass
260429170714_B141_SKII15265-YY223-CTRL-260429170714,B141,LC002303-S01-D01-L12-C208C143,608618,548796,0.9017,0.0079,150,138,0.93,0.88,0.5,548439,0.9993,0.998,3177.07,0.8383,0.8994,100.00%(81),100.00%(81),100.00%(81),100.00%(81),100.00%(81),100.00%(81),100.00%(81),98.77%(80),93.83%(76),91.36%(74),,SKII15265V30_17-LC002303-S01-D01-L12-C208C143,rs429358|位于灰区|PB287-F-2|PB287-R-2|PA-SF;rs1799752|位于灰区|PB285-F-2|PB212-R|PA-SF,rs429358;rs1799752,pass
260429170714_B141_SKII15265-YY223-CTRL-260429170714,B141,LC002480-S01-D01-L12-C208C138,774990,697380,0.8999,0.0082,150,137,0.93,0.88,0.51,697156,0.9997,0.9979,4047.79,0.8478,0.8939,100.00%(81),100.00%(81),100.00%(81),100.00%(81),100.00%(81),100.00%(81),100.00%(81),98.77%(80),97.53%(79),92.59%(75),,SKII15265V30_18-LC002480-S01-D01-L12-C208C138,,,pass
260429170714_B141_SKII15265-YY223-CTRL-260429170714,B141,LC002692-S01-D01-L12-C208C156,743372,673204,0.9056,0.0086,150,137,0.93,0.88,0.49,673012,0.9997,0.9979,3905.91,0.8511,0.8709,100.00%(81),100.00%(81),100.00%(81),100.00%(81),100.00%(81),100.00%(81),100.00%(81),100.00%(81),96.30%(78),90.12%(73),,SKII15265V30_19-LC002692-S01-D01-L12-C208C156,,,pass
260429170714_B141_SKII15265-YY223-CTRL-260429170714,B141,LC002312-S01-D01-L12-C208C145,807914,724464,0.8967,0.0071,150,137,0.93,0.87,0.51,724213,0.9997,0.9978,4065.66,0.8185,0.8929,100.00%(81),100.00%(81),100.00%(81),100.00%(81),100.00%(81),100.00%(81),100.00%(81),98.77%(80),96.30%(78),90.12%(73),,SKII15265V30_1-LC002312-S01-D01-L12-C208C145,,,pass
260429170714_B141_SKII15265-YY223-CTRL-260429170714,B141,LC002647-S01-D01-L12-C206C104,625178,557350,0.8915,0.0109,150,136,0.93,0.87,0.51,557198,0.9997,0.9978,3237.05,0.8594,0.889,100.00%(81),100.00%(81),100.00%(81),100.00%(81),100.00%(81),100.00%(81),100.00%(81),98.77%(80),95.06%(77),90.12%(73),,SKII15265V30_20-LC002647-S01-D01-L12-C206C104,,,pass
260429170714_B141_SKII15265-YY223-CTRL-260429170714,B141,LC002664-S01-D01-L12-C206C105,571208,510162,0.8931,0.011,150,136,0.93,0.87,0.52,509840,0.9994,0.9978,2948.08,0.8554,0.8989,100.00%(81),100.00%(81),100.00%(81),100.00%(81),100.00%(81),100.00%(81),100.00%(81),97.53%(79),95.06%(77),88.89%(72),,SKII15265V30_21-LC002664-S01-D01-L12-C206C105,,,pass
260429170714_B141_SKII15265-YY223-CTRL-260429170714,B141,LC001876-S02-D01-L12-C206C130,727550,641358,0.8815,0.0229,150,134,0.93,0.87,0.52,641138,0.9997,0.9983,3608.39,0.8397,0.89,100.00%(81),100.00%(81),100.00%(81),100.00%(81),100.00%(81),100.00%(81),98.77%(80),98.77%(80),95.06%(77),91.36%(74),,SKII15265V30_22-LC001876-S02-D01-L12-C206C130,,,pass
260429170714_B141_SKII15265-YY223-CTRL-260429170714,B141,CN001477-S09-D04-L13-C206C131,614644,547600,0.8909,0.0117,150,136,0.93,0.87,0.52,547459,0.9997,0.9979,3065,0.8205,0.8901,100.00%(81),100.00%(81),100.00%(81),100.00%(81),100.00%(81),100.00%(81),98.77%(80),98.77%(80),93.83%(76),88.89%(72),,SKII15265V30_23-CN001477-S09-D04-L13-C206C131,,,pass
260429170714_B141_SKII15265-YY223-CTRL-260429170714,B141,LC002658-S01-D01-L12-C208C154,583778,523478,0.8967,0.0125,150,136,0.93,0.88,0.51,523331,0.9997,0.9979,3012.51,0.8454,0.8846,100.00%(81),100.00%(81),100.00%(81),100.00%(81),100.00%(81),100.00%(81),100.00%(81),98.77%(80),95.06%(77),90.12%(73),,SKII15265V30_2-LC002658-S01-D01-L12-C208C154,,,pass
260429170714_B141_SKII15265-YY223-CTRL-260429170714,B141,LC002901-S01-D01-L12-C208C160,657296,593114,0.9024,0.0097,150,136,0.93,0.88,0.51,592759,0.9994,0.9979,3468.12,0.8639,0.8677,100.00%(81),100.00%(81),100.00%(81),100.00%(81),100.00%(81),100.00%(81),100.00%(81),98.77%(80),96.30%(78),88.89%(72),,SKII15265V30_3-LC002901-S01-D01-L12-C208C160,,,pass
260429170714_B141_SKII15265-YY223-CTRL-260429170714,B141,LC002922-S01-D01-L12-C206C177,683064,614664,0.8999,0.0068,150,137,0.93,0.88,0.5,614508,0.9997,0.9979,3574.87,0.8439,0.9003,100.00%(81),100.00%(81),100.00%(81),100.00%(81),100.00%(81),100.00%(81),100.00%(81),98.77%(80),95.06%(77),90.12%(73),,SKII15265V30_4-LC002922-S01-D01-L12-C206C177,,,pass
260429170714_B141_SKII15265-YY223-CTRL-260429170714,B141,LC001929-S01-D01-L12-C206C184,728940,648506,0.8897,0.0201,150,135,0.93,0.88,0.51,648359,0.9998,0.9967,3662.6,0.8361,0.8852,100.00%(81),100.00%(81),100.00%(81),100.00%(81),100.00%(81),100.00%(81),100.00%(81),98.77%(80),96.30%(78),91.36%(74),,SKII15265V30_5-LC001929-S01-D01-L12-C206C184,,,pass
260429170714_B141_SKII15265-YY223-CTRL-260429170714,B141,LC002060-S01-D01-L12-C206C190,602730,536848,0.8907,0.0175,150,135,0.93,0.87,0.52,536674,0.9997,0.9978,3023.15,0.8318,0.8911,100.00%(81),100.00%(81),100.00%(81),100.00%(81),100.00%(81),100.00%(81),100.00%(81),97.53%(79),96.30%(78),90.12%(73),,SKII15265V30_6-LC002060-S01-D01-L12-C206C190,,,pass
260429170714_B141_SKII15265-YY223-CTRL-260429170714,B141,LC002521-S01-D01-L12-C206C191,746770,668426,0.8951,0.0105,150,137,0.92,0.87,0.5,668245,0.9997,0.9979,3811.32,0.8452,0.9015,100.00%(81),100.00%(81),100.00%(81),100.00%(81),100.00%(81),100.00%(81),100.00%(81),100.00%(81),97.53%(79),93.83%(76),,SKII15265V30_7-LC002521-S01-D01-L12-C206C191,,,pass
260429170714_B141_SKII15265-YY223-CTRL-260429170714,B141,LC002635-S01-D01-L12-C206C102,763938,690046,0.9033,0.0083,150,137,0.93,0.88,0.5,689854,0.9997,0.9978,4080.41,0.8665,0.8871,100.00%(81),100.00%(81),100.00%(81),100.00%(81),100.00%(81),100.00%(81),100.00%(81),98.77%(80),95.06%(77),92.59%(75),,SKII15265V30_8-LC002635-S01-D01-L12-C206C102,,,pass
260429170714_B141_SKII15265-YY223-CTRL-260429170714,B141,LC002636-S01-D01-L12-C206C103,717504,645200,0.8992,0.0093,150,136,0.93,0.88,0.5,644903,0.9995,0.998,3791.06,0.8664,0.8791,100.00%(81),100.00%(81),100.00%(81),100.00%(81),100.00%(81),100.00%(81),100.00%(81),98.77%(80),96.30%(78),91.36%(74),,SKII15265V30_9-LC002636-S01-D01-L12-C206C103,,,pass
260429170625_B143_SKII15266-YY2-23-DN-260429170627,B143,LC002665-S01-D01-L12-C206C106,1000000,937110,0.9371,0.0096,150,142,0.96,0.92,0.53,936869,0.9997,0.998,5771.07,0.8747,0.9266,100.00%(81),100.00%(81),100.00%(81),98.77%(80),98.77%(80),98.77%(80),98.77%(80),98.77%(80),97.53%(79),97.53%(79),rs28386840,SKII15266V30_10-LC002665-S01-D01-L12-C206C106,rs28386840|深度不足|PB279-F|PB206-R|PA-SF,rs28386840,pass
260429170625_B143_SKII15266-YY2-23-DN-260429170627,B143,LC002711-S01-D01-L12-C206C111,1000000,939796,0.9398,0.006,150,143,0.96,0.92,0.53,939482,0.9997,0.9979,5770.89,0.8798,0.8608,100.00%(81),100.00%(81),98.77%(80),98.77%(80),98.77%(80),98.77%(80),98.77%(80),98.77%(80),97.53%(79),93.83%(76),rs28386840,SKII15266V30_11-LC002711-S01-D01-L12-C206C111,rs28386840|深度不足|PB279-F|PB206-R|PA-SF,rs28386840,pass
260429170625_B143_SKII15266-YY2-23-DN-260429170627,B143,LC002712-S01-D01-L12-C206C112,1000000,941168,0.9412,0.0109,150,142,0.96,0.92,0.54,940996,0.9998,0.998,5843.15,0.8921,0.8856,100.00%(81),100.00%(81),98.77%(80),98.77%(80),98.77%(80),98.77%(80),98.77%(80),98.77%(80),97.53%(79),96.30%(78),rs28386840,SKII15266V30_12-LC002712-S01-D01-L12-C206C112,rs28386840|深度不足|PB279-F|PB206-R|PA-SF,rs28386840,pass
260429170625_B143_SKII15266-YY2-23-DN-260429170627,B143,LC002719-S01-D01-L12-C206C116,1000000,944842,0.9448,0.0118,150,142,0.96,0.92,0.53,944460,0.9996,0.9979,5943.84,0.9025,0.8636,100.00%(81),100.00%(81),98.77%(80),98.77%(80),98.77%(80),98.77%(80),98.77%(80),98.77%(80),96.30%(78),91.36%(74),rs28386840,SKII15266V30_13-LC002719-S01-D01-L12-C206C116,rs28386840|深度不足|PB279-F|PB206-R|PA-SF,rs28386840,pass
260429170625_B143_SKII15266-YY2-23-DN-260429170627,B143,LC002693-S01-D01-L12-C206C107,925142,867744,0.938,0.0164,150,142,0.96,0.92,0.53,867566,0.9998,0.9979,5422.27,0.897,0.8774,100.00%(81),100.00%(81),100.00%(81),98.77%(80),98.77%(80),98.77%(80),98.77%(80),98.77%(80),97.53%(79),96.30%(78),rs28386840,SKII15266V30_14-LC002693-S01-D01-L12-C206C107,rs28386840|深度不足|PB279-F|PB206-R|PA-SF,rs28386840,pass
260429170625_B143_SKII15266-YY2-23-DN-260429170627,B143,LC002714-S01-D01-L12-C206C113,1000000,939370,0.9394,0.0068,150,142,0.95,0.92,0.53,939212,0.9998,0.998,5783.51,0.8782,0.8721,100.00%(81),100.00%(81),98.77%(80),98.77%(80),98.77%(80),98.77%(80),98.77%(80),97.53%(79),97.53%(79),95.06%(77),rs28386840,SKII15266V30_15-LC002714-S01-D01-L12-C206C113,rs28386840|深度不足|PB279-F|PB206-R|PA-SF,rs28386840,pass
260429170625_B143_SKII15266-YY2-23-DN-260429170627,B143,LC002909-S01-D01-L12-C206C165,1000000,939736,0.9397,0.0115,150,142,0.96,0.92,0.54,939623,0.9999,0.9979,5872.48,0.8925,0.8543,100.00%(81),100.00%(81),98.77%(80),98.77%(80),98.77%(80),98.77%(80),98.77%(80),98.77%(80),96.30%(78),95.06%(77),rs28386840,SKII15266V30_16-LC002909-S01-D01-L12-C206C165,rs28386840|深度不足|PB279-F|PB206-R|PA-SF,rs28386840,pass
260429170625_B143_SKII15266-YY2-23-DN-260429170627,B143,LC002303-S01-D01-L12-C208C143,1000000,942058,0.9421,0.0078,150,143,0.96,0.92,0.53,941315,0.9992,0.998,5737.27,0.8592,0.8972,100.00%(81),100.00%(81),100.00%(81),98.77%(80),98.77%(80),98.77%(80),98.77%(80),98.77%(80),98.77%(80),97.53%(79),rs28386840,SKII15266V30_17-LC002303-S01-D01-L12-C208C143,rs28386840|深度不足|PB279-F|PB206-R|PA-SF,rs28386840,pass
260429170625_B143_SKII15266-YY2-23-DN-260429170627,B143,LC002480-S01-D01-L12-C208C138,1000000,941604,0.9416,0.008,150,143,0.96,0.92,0.53,941348,0.9997,0.9982,5813.88,0.8742,0.903,100.00%(81),100.00%(81),100.00%(81),98.77%(80),98.77%(80),98.77%(80),98.77%(80),98.77%(80),98.77%(80),97.53%(79),rs28386840,SKII15266V30_18-LC002480-S01-D01-L12-C208C138,rs28386840|深度不足|PB279-F|PB206-R|PA-SF,rs28386840,pass
260429170625_B143_SKII15266-YY2-23-DN-260429170627,B143,LC002692-S01-D01-L12-C208C156,1000000,943450,0.9434,0.0089,150,143,0.96,0.92,0.52,943181,0.9997,0.9979,5804.14,0.8752,0.886,100.00%(81),100.00%(81),100.00%(81),100.00%(81),100.00%(81),100.00%(81),98.77%(80),98.77%(80),98.77%(80),96.30%(78),,SKII15266V30_19-LC002692-S01-D01-L12-C208C156,rs1799752|位于灰区|PB285-F-2|PB212-R|PA-SF,rs1799752,pass
260429170625_B143_SKII15266-YY2-23-DN-260429170627,B143,LC002312-S01-D01-L12-C208C145,1000000,937848,0.9378,0.0072,150,142,0.95,0.92,0.54,937447,0.9996,0.9978,5542.92,0.8419,0.8826,100.00%(81),100.00%(81),100.00%(81),100.00%(81),98.77%(80),98.77%(80),98.77%(80),98.77%(80),98.77%(80),95.06%(77),,SKII15266V30_1-LC002312-S01-D01-L12-C208C145,,,pass
260429170625_B143_SKII15266-YY2-23-DN-260429170627,B143,LC002647-S01-D01-L12-C206C104,1000000,934986,0.935,0.0115,150,142,0.96,0.92,0.54,934769,0.9998,0.9978,5755.21,0.8821,0.8897,100.00%(81),100.00%(81),100.00%(81),100.00%(81),98.77%(80),98.77%(80),98.77%(80),98.77%(80),97.53%(79),96.30%(78),,SKII15266V30_20-LC002647-S01-D01-L12-C206C104,,,pass
260429170625_B143_SKII15266-YY2-23-DN-260429170627,B143,LC002664-S01-D01-L12-C206C105,999724,933522,0.9338,0.0116,150,142,0.95,0.92,0.54,932748,0.9992,0.9979,5705.82,0.8842,0.9144,100.00%(81),100.00%(81),98.77%(80),98.77%(80),98.77%(80),98.77%(80),98.77%(80),98.77%(80),97.53%(79),97.53%(79),rs28386840,SKII15266V30_21-LC002664-S01-D01-L12-C206C105,rs28386840|深度不足|PB279-F|PB206-R|PA-SF,rs28386840,pass
260429170625_B143_SKII15266-YY2-23-DN-260429170627,B143,LC001876-S02-D01-L12-C206C130,1000000,925670,0.9257,0.0235,150,140,0.95,0.91,0.55,925401,0.9997,0.9979,5497.23,0.8577,0.8998,100.00%(81),100.00%(81),98.77%(80),98.77%(80),98.77%(80),98.77%(80),98.77%(80),98.77%(80),97.53%(79),97.53%(79),rs28386840,SKII15266V30_22-LC001876-S02-D01-L12-C206C130,rs28386840|深度不足|PB279-F|PB206-R|PA-SF,rs28386840,pass
260429170625_B143_SKII15266-YY2-23-DN-260429170627,B143,CN001477-S09-D04-L13-C206C131,1000000,938028,0.938,0.012,150,143,0.96,0.92,0.55,937854,0.9998,0.9979,5497.29,0.837,0.8965,100.00%(81),100.00%(81),100.00%(81),98.77%(80),98.77%(80),98.77%(80),98.77%(80),98.77%(80),97.53%(79),96.30%(78),rs28386840,SKII15266V30_23-CN001477-S09-D04-L13-C206C131,rs28386840|深度不足|PB279-F|PB206-R|PA-SF,rs28386840,pass
260429170625_B143_SKII15266-YY2-23-DN-260429170627,B143,LC002658-S01-D01-L12-C208C154,962248,902124,0.9375,0.0128,150,142,0.96,0.92,0.53,901889,0.9997,0.9979,5495.56,0.8684,0.9096,100.00%(81),100.00%(81),100.00%(81),100.00%(81),98.77%(80),98.77%(80),98.77%(80),98.77%(80),98.77%(80),97.53%(79),,SKII15266V30_2-LC002658-S01-D01-L12-C208C154,,,pass
260429170625_B143_SKII15266-YY2-23-DN-260429170627,B143,LC002901-S01-D01-L12-C208C160,1000000,942502,0.9425,0.0095,150,142,0.96,0.92,0.53,941822,0.9993,0.9979,5862.18,0.89,0.882,100.00%(81),100.00%(81),98.77%(80),98.77%(80),98.77%(80),98.77%(80),98.77%(80),98.77%(80),98.77%(80),96.30%(78),rs28386840,SKII15266V30_3-LC002901-S01-D01-L12-C208C160,rs28386840|深度不足|PB279-F|PB206-R|PA-SF;rs1799752|位于灰区|PB285-F-2|PB212-R|PA-SF,rs28386840;rs1799752,pass
260429170625_B143_SKII15266-YY2-23-DN-260429170627,B143,LC002922-S01-D01-L12-C206C177,1000000,939534,0.9395,0.0067,150,143,0.96,0.92,0.54,939332,0.9998,0.9979,5764.08,0.8719,0.9066,100.00%(81),100.00%(81),100.00%(81),98.77%(80),98.77%(80),98.77%(80),98.77%(80),98.77%(80),98.77%(80),96.30%(78),rs28386840,SKII15266V30_4-LC002922-S01-D01-L12-C206C177,rs28386840|深度不足|PB279-F|PB206-R|PA-SF,rs28386840,pass
260429170625_B143_SKII15266-YY2-23-DN-260429170627,B143,LC001929-S01-D01-L12-C206C184,1000000,932442,0.9324,0.0199,150,141,0.96,0.92,0.54,932252,0.9998,0.9987,5503.3,0.846,0.9115,100.00%(81),100.00%(81),100.00%(81),98.77%(80),98.77%(80),98.77%(80),98.77%(80),98.77%(80),97.53%(79),97.53%(79),rs28386840,SKII15266V30_5-LC001929-S01-D01-L12-C206C184,rs28386840|深度不足|PB279-F|PB206-R|PA-SF,rs28386840,pass
260429170625_B143_SKII15266-YY2-23-DN-260429170627,B143,LC002060-S01-D01-L12-C206C190,1000000,931292,0.9313,0.0175,150,141,0.95,0.91,0.54,931078,0.9998,0.9979,5503.62,0.8475,0.9025,100.00%(81),100.00%(81),100.00%(81),100.00%(81),98.77%(80),98.77%(80),98.77%(80),98.77%(80),97.53%(79),97.53%(79),,SKII15266V30_6-LC002060-S01-D01-L12-C206C190,,,pass
260429170625_B143_SKII15266-YY2-23-DN-260429170627,B143,LC002521-S01-D01-L12-C206C191,1000000,935420,0.9354,0.009,150,143,0.95,0.91,0.54,935185,0.9997,0.9979,5688.56,0.8705,0.9102,100.00%(81),100.00%(81),100.00%(81),100.00%(81),100.00%(81),100.00%(81),100.00%(81),100.00%(81),98.77%(80),98.77%(80),,SKII15266V30_7-LC002521-S01-D01-L12-C206C191,,,pass
260429170625_B143_SKII15266-YY2-23-DN-260429170627,B143,LC002635-S01-D01-L12-C206C102,1000000,943880,0.9439,0.0077,150,143,0.96,0.92,0.53,943592,0.9997,0.9979,5933.53,0.8897,0.9004,100.00%(81),100.00%(81),100.00%(81),98.77%(80),98.77%(80),98.77%(80),98.77%(80),98.77%(80),97.53%(79),96.30%(78),rs28386840,SKII15266V30_8-LC002635-S01-D01-L12-C206C102,rs28386840|深度不足|PB279-F|PB206-R|PA-SF,rs28386840,pass
260429170625_B143_SKII15266-YY2-23-DN-260429170627,B143,LC002636-S01-D01-L12-C206C103,1000000,939622,0.9396,0.0086,150,143,0.96,0.92,0.53,939239,0.9996,0.9979,5870.41,0.8927,0.9112,100.00%(81),100.00%(81),100.00%(81),98.77%(80),98.77%(80),98.77%(80),98.77%(80),98.77%(80),97.53%(79),96.30%(78),rs28386840,SKII15266V30_9-LC002636-S01-D01-L12-C206C103,rs28386840|深度不足|PB279-F|PB206-R|PA-SF;rs1799752|位于灰区|PB285-F-2|PB212-R|PA-SF,rs28386840;rs1799752,pass
260508151426_B172_SKII15277-YY2-WBhot-260508151422,B172,LC002665-S01-D01-L12-C206C106,853210,809786,0.9491,0.008,148,140,0.93,0.89,0.53,809563,0.9997,0.9977,4701.46,0.8452,0.9246,100.00%(81),100.00%(81),98.77%(80),98.77%(80),98.77%(80),98.77%(80),98.77%(80),98.77%(80),97.53%(79),96.30%(78),rs28386840,SKII15277V30_10-LC002665-S01-D01-L12-C206C106,rs28386840|深度不足|PB279-F|PB206-R|PA-SF;rs1799752|位于灰区|PB285-F-2|PB212-R|PA-SF,rs28386840;rs1799752,pass
260508151426_B172_SKII15277-YY2-WBhot-260508151422,B172,LC002711-S01-D01-L12-C206C111,1000000,950292,0.9503,0.0051,148,140,0.93,0.89,0.52,949993,0.9997,0.9977,5483.41,0.8427,0.8774,100.00%(81),100.00%(81),98.77%(80),98.77%(80),98.77%(80),98.77%(80),98.77%(80),98.77%(80),97.53%(79),92.59%(75),rs28386840,SKII15277V30_11-LC002711-S01-D01-L12-C206C111,rs28386840|深度不足|PB279-F|PB206-R|PA-SF,rs28386840,pass
260508151426_B172_SKII15277-YY2-WBhot-260508151422,B172,LC002712-S01-D01-L12-C206C112,1000000,950996,0.951,0.0091,148,140,0.93,0.89,0.53,950835,0.9998,0.9978,5549.54,0.8608,0.8951,100.00%(81),100.00%(81),98.77%(80),98.77%(80),98.77%(80),98.77%(80),98.77%(80),98.77%(80),97.53%(79),96.30%(78),rs28386840,SKII15277V30_12-LC002712-S01-D01-L12-C206C112,rs28386840|深度不足|PB279-F|PB206-R|PA-SF,rs28386840,pass
260508151426_B172_SKII15277-YY2-WBhot-260508151422,B172,LC002719-S01-D01-L12-C206C116,1000000,954922,0.9549,0.0097,148,140,0.94,0.89,0.53,954523,0.9996,0.9976,5657.2,0.8739,0.8641,100.00%(81),100.00%(81),98.77%(80),98.77%(80),98.77%(80),98.77%(80),98.77%(80),98.77%(80),96.30%(78),92.59%(75),rs28386840,SKII15277V30_13-LC002719-S01-D01-L12-C206C116,rs28386840|深度不足|PB279-F|PB206-R|PA-SF,rs28386840,pass
260508151426_B172_SKII15277-YY2-WBhot-260508151422,B172,LC002693-S01-D01-L12-C206C107,773954,734912,0.9496,0.0139,148,139,0.94,0.89,0.53,734763,0.9998,0.9976,4328.43,0.8717,0.8804,100.00%(81),100.00%(81),98.77%(80),98.77%(80),98.77%(80),98.77%(80),98.77%(80),97.53%(79),97.53%(79),95.06%(77),rs28386840,SKII15277V30_14-LC002693-S01-D01-L12-C206C107,rs28386840|深度不足|PB279-F|PB206-R|PA-SF,rs28386840,pass
260508151426_B172_SKII15277-YY2-WBhot-260508151422,B172,LC002714-S01-D01-L12-C206C113,1000000,950082,0.9501,0.0056,148,140,0.93,0.89,0.53,949989,0.9999,0.9977,5501.74,0.8417,0.8618,100.00%(81),100.00%(81),98.77%(80),98.77%(80),98.77%(80),98.77%(80),98.77%(80),98.77%(80),97.53%(79),93.83%(76),rs28386840,SKII15277V30_15-LC002714-S01-D01-L12-C206C113,rs28386840|深度不足|PB279-F|PB206-R|PA-SF,rs28386840,pass
260508151426_B172_SKII15277-YY2-WBhot-260508151422,B172,LC002909-S01-D01-L12-C206C165,1000000,951974,0.952,0.0098,148,140,0.94,0.89,0.53,951898,0.9999,0.9866,5586.16,0.8634,0.8674,98.77%(80),98.77%(80),98.77%(80),98.77%(80),98.77%(80),98.77%(80),98.77%(80),98.77%(80),96.30%(78),95.06%(77),rs28386840,SKII15277V30_16-LC002909-S01-D01-L12-C206C165,rs28386840|深度不足|PB279-F|PB206-R|PA-SF,rs28386840,pass
260508151426_B172_SKII15277-YY2-WBhot-260508151422,B172,LC002303-S01-D01-L12-C208C143,937470,892768,0.9523,0.0066,148,140,0.94,0.89,0.52,892122,0.9993,0.998,5105.38,0.827,0.9085,100.00%(81),100.00%(81),98.77%(80),98.77%(80),98.77%(80),98.77%(80),98.77%(80),98.77%(80),98.77%(80),95.06%(77),rs28386840,SKII15277V30_17-LC002303-S01-D01-L12-C208C143,rs28386840|深度不足|PB279-F|PB206-R|PA-SF,rs28386840,pass
260508151426_B172_SKII15277-YY2-WBhot-260508151422,B172,LC002480-S01-D01-L12-C208C138,1000000,951256,0.9513,0.0069,148,140,0.94,0.89,0.53,951069,0.9998,0.9977,5509.16,0.8444,0.913,100.00%(81),100.00%(81),98.77%(80),98.77%(80),98.77%(80),98.77%(80),98.77%(80),98.77%(80),98.77%(80),97.53%(79),rs28386840,SKII15277V30_18-LC002480-S01-D01-L12-C208C138,rs28386840|深度不足|PB279-F|PB206-R|PA-SF;rs1799752|位于灰区|PB285-F-2|PB212-R|PA-SF,rs28386840;rs1799752,pass
260508151426_B172_SKII15277-YY2-WBhot-260508151422,B172,LC002692-S01-D01-L12-C208C156,1000000,953374,0.9534,0.0074,148,140,0.94,0.89,0.52,953156,0.9998,0.9977,5519.67,0.8478,0.8933,100.00%(81),100.00%(81),98.77%(80),98.77%(80),98.77%(80),98.77%(80),98.77%(80),98.77%(80),98.77%(80),97.53%(79),rs28386840,SKII15277V30_19-LC002692-S01-D01-L12-C208C156,rs28386840|深度不足|PB279-F|PB206-R|PA-SF,rs28386840,pass
260508151426_B172_SKII15277-YY2-WBhot-260508151422,B172,LC002312-S01-D01-L12-C208C145,1000000,948598,0.9486,0.0063,148,140,0.93,0.89,0.53,948145,0.9995,0.9975,5286.79,0.8093,0.8975,100.00%(81),100.00%(81),98.77%(80),98.77%(80),98.77%(80),98.77%(80),98.77%(80),98.77%(80),98.77%(80),93.83%(76),rs28386840,SKII15277V30_1-LC002312-S01-D01-L12-C208C145,rs28386840|深度不足|PB279-F|PB206-R|PA-SF,rs28386840,pass
260508151426_B172_SKII15277-YY2-WBhot-260508151422,B172,LC002647-S01-D01-L12-C206C104,918580,870414,0.9476,0.0097,148,140,0.93,0.89,0.53,870233,0.9998,0.9976,5046.9,0.8567,0.8861,100.00%(81),98.77%(80),98.77%(80),98.77%(80),98.77%(80),98.77%(80),98.77%(80),98.77%(80),97.53%(79),96.30%(78),rs28386840,SKII15277V30_20-LC002647-S01-D01-L12-C206C104,rs28386840|深度不足|PB279-F|PB206-R|PA-SF,rs28386840,pass
260508151426_B172_SKII15277-YY2-WBhot-260508151422,B172,LC002664-S01-D01-L12-C206C105,825200,781682,0.9473,0.0099,148,139,0.93,0.89,0.54,780971,0.9991,0.9977,4499.45,0.8505,0.9226,100.00%(81),100.00%(81),98.77%(80),98.77%(80),98.77%(80),98.77%(80),98.77%(80),97.53%(79),97.53%(79),97.53%(79),rs28386840,SKII15277V30_21-LC002664-S01-D01-L12-C206C105,rs28386840|深度不足|PB279-F|PB206-R|PA-SF,rs28386840,pass
260508151426_B172_SKII15277-YY2-WBhot-260508151422,B172,LC001876-S02-D01-L12-C206C130,1000000,940240,0.9402,0.0213,148,138,0.93,0.89,0.54,940035,0.9998,0.9977,5263.31,0.8308,0.898,100.00%(81),98.77%(80),98.77%(80),98.77%(80),98.77%(80),98.77%(80),98.77%(80),97.53%(79),97.53%(79),97.53%(79),rs28386840,SKII15277V30_22-LC001876-S02-D01-L12-C206C130,rs28386840|深度不足|PB279-F|PB206-R|PA-SF,rs28386840,pass
260508151426_B172_SKII15277-YY2-WBhot-260508151422,B172,CN001477-S09-D04-L13-C206C131,928590,881996,0.9498,0.0106,148,140,0.93,0.89,0.54,881852,0.9998,0.9996,4867.76,0.806,0.8929,100.00%(81),100.00%(81),98.77%(80),98.77%(80),98.77%(80),98.77%(80),98.77%(80),98.77%(80),97.53%(79),92.59%(75),rs28386840,SKII15277V30_23-CN001477-S09-D04-L13-C206C131,rs28386840|深度不足|PB279-F|PB206-R|PA-SF,rs28386840,pass
260508151426_B172_SKII15277-YY2-WBhot-260508151422,B172,LC002658-S01-D01-L12-C208C154,804046,763228,0.9492,0.0114,148,139,0.93,0.89,0.53,763098,0.9998,0.9978,4377.94,0.8395,0.9146,100.00%(81),98.77%(80),98.77%(80),98.77%(80),98.77%(80),98.77%(80),98.77%(80),98.77%(80),97.53%(79),93.83%(76),rs28386840,SKII15277V30_2-LC002658-S01-D01-L12-C208C154,rs28386840|深度不足|PB279-F|PB206-R|PA-SF,rs28386840,pass
260508151426_B172_SKII15277-YY2-WBhot-260508151422,B172,LC002901-S01-D01-L12-C208C160,907174,864166,0.9526,0.0082,148,140,0.93,0.89,0.53,863566,0.9993,0.9977,5053.18,0.8593,0.8906,100.00%(81),100.00%(81),100.00%(81),98.77%(80),98.77%(80),98.77%(80),98.77%(80),98.77%(80),97.53%(79),95.06%(77),rs28386840,SKII15277V30_3-LC002901-S01-D01-L12-C208C160,rs28386840|深度不足|PB279-F|PB206-R|PA-SF,rs28386840,pass
260508151426_B172_SKII15277-YY2-WBhot-260508151422,B172,LC002922-S01-D01-L12-C206C177,1000000,950418,0.9504,0.0056,148,140,0.93,0.89,0.53,950196,0.9998,0.9977,5479.4,0.8335,0.9045,100.00%(81),98.77%(80),98.77%(80),98.77%(80),98.77%(80),98.77%(80),98.77%(80),98.77%(80),98.77%(80),95.06%(77),rs28386840,SKII15277V30_4-LC002922-S01-D01-L12-C206C177,rs28386840|深度不足|PB279-F|PB206-R|PA-SF,rs28386840,pass
260508151426_B172_SKII15277-YY2-WBhot-260508151422,B172,LC001929-S01-D01-L12-C206C184,1000000,945088,0.9451,0.0179,148,139,0.93,0.89,0.53,944909,0.9998,0.9964,5254.21,0.8178,0.9097,100.00%(81),100.00%(81),98.77%(80),98.77%(80),98.77%(80),98.77%(80),98.77%(80),98.77%(80),97.53%(79),96.30%(78),rs28386840,SKII15277V30_5-LC001929-S01-D01-L12-C206C184,rs28386840|深度不足|PB279-F|PB206-R|PA-SF,rs28386840,pass
260508151426_B172_SKII15277-YY2-WBhot-260508151422,B172,LC002060-S01-D01-L12-C206C190,854100,806052,0.9437,0.016,148,139,0.93,0.89,0.54,805838,0.9997,0.998,4482.86,0.8178,0.9015,100.00%(81),100.00%(81),98.77%(80),98.77%(80),98.77%(80),98.77%(80),98.77%(80),98.77%(80),97.53%(79),95.06%(77),rs28386840,SKII15277V30_6-LC002060-S01-D01-L12-C206C190,rs28386840|深度不足|PB279-F|PB206-R|PA-SF,rs28386840,pass
260508151426_B172_SKII15277-YY2-WBhot-260508151422,B172,LC002521-S01-D01-L12-C206C191,1000000,944208,0.9442,0.0076,148,140,0.93,0.89,0.53,943976,0.9998,0.9977,5424.06,0.8388,0.9184,100.00%(81),100.00%(81),100.00%(81),100.00%(81),100.00%(81),100.00%(81),100.00%(81),98.77%(80),97.53%(79),97.53%(79),,SKII15277V30_7-LC002521-S01-D01-L12-C206C191,rs1799752|位于灰区|PB285-F-2|PB212-R|PA-SF,rs1799752,pass
260508151426_B172_SKII15277-YY2-WBhot-260508151422,B172,LC002635-S01-D01-L12-C206C102,1000000,953952,0.954,0.0063,148,141,0.94,0.89,0.52,953629,0.9997,0.9979,5627.21,0.86,0.9096,100.00%(81),98.77%(80),98.77%(80),98.77%(80),98.77%(80),98.77%(80),98.77%(80),98.77%(80),97.53%(79),96.30%(78),rs28386840,SKII15277V30_8-LC002635-S01-D01-L12-C206C102,rs28386840|深度不足|PB279-F|PB206-R|PA-SF,rs28386840,pass
260508151426_B172_SKII15277-YY2-WBhot-260508151422,B172,LC002636-S01-D01-L12-C206C103,1000000,951172,0.9512,0.0076,148,140,0.93,0.89,0.53,950733,0.9995,0.9977,5583.63,0.8631,0.9111,100.00%(81),98.77%(80),98.77%(80),98.77%(80),98.77%(80),98.77%(80),98.77%(80),98.77%(80),97.53%(79),96.30%(78),rs28386840,SKII15277V30_9-LC002636-S01-D01-L12-C206C103,rs28386840|深度不足|PB279-F|PB206-R|PA-SF,rs28386840,pass
260508150833_B162_SKII15275-YY2BRS2hot-260508150833,B162,LC002665-S01-D01-L12-C206C106,936778,865860,0.9243,0.009,150,138,0.94,0.89,0.53,865521,0.9996,0.9979,5102.74,0.8466,0.9291,100.00%(81),100.00%(81),100.00%(81),100.00%(81),98.77%(80),98.77%(80),98.77%(80),98.77%(80),97.53%(79),97.53%(79),,SKII15275V30_10-LC002665-S01-D01-L12-C206C106,rs1799752|位于灰区|PB285-F-2|PB212-R|PA-SF,rs1799752,pass
260508150833_B162_SKII15275-YY2BRS2hot-260508150833,B162,LC002711-S01-D01-L12-C206C111,1000000,926558,0.9266,0.0057,150,139,0.94,0.89,0.53,926163,0.9996,0.998,5436.36,0.8452,0.8577,100.00%(81),100.00%(81),100.00%(81),98.77%(80),98.77%(80),98.77%(80),98.77%(80),98.77%(80),97.53%(79),92.59%(75),rs28386840,SKII15275V30_11-LC002711-S01-D01-L12-C206C111,rs28386840|深度不足|PB279-F|PB206-R|PA-SF,rs28386840,pass
260508150833_B162_SKII15275-YY2BRS2hot-260508150833,B162,LC002712-S01-D01-L12-C206C112,1000000,927994,0.928,0.0107,150,138,0.94,0.89,0.54,927699,0.9997,0.9979,5504.17,0.8625,0.8991,100.00%(81),100.00%(81),100.00%(81),100.00%(81),98.77%(80),98.77%(80),98.77%(80),98.77%(80),97.53%(79),96.30%(78),,SKII15275V30_12-LC002712-S01-D01-L12-C206C112,,,pass
260508150833_B162_SKII15275-YY2BRS2hot-260508150833,B162,LC002719-S01-D01-L12-C206C116,1000000,931670,0.9317,0.0116,150,138,0.94,0.89,0.53,931178,0.9995,0.9979,5606.56,0.8755,0.8654,100.00%(81),100.00%(81),100.00%(81),98.77%(80),98.77%(80),98.77%(80),98.77%(80),98.77%(80),96.30%(78),92.59%(75),rs28386840,SKII15275V30_13-LC002719-S01-D01-L12-C206C116,rs28386840|深度不足|PB279-F|PB206-R|PA-SF,rs28386840,pass
260508150833_B162_SKII15275-YY2BRS2hot-260508150833,B162,LC002693-S01-D01-L12-C206C107,858712,795272,0.9261,0.0153,150,138,0.94,0.89,0.53,795016,0.9997,0.998,4749.11,0.8712,0.8833,100.00%(81),100.00%(81),98.77%(80),98.77%(80),98.77%(80),98.77%(80),98.77%(80),98.77%(80),97.53%(79),95.06%(77),rs28386840,SKII15275V30_14-LC002693-S01-D01-L12-C206C107,rs28386840|深度不足|PB279-F|PB206-R|PA-SF,rs28386840,pass
260508150833_B162_SKII15275-YY2BRS2hot-260508150833,B162,LC002714-S01-D01-L12-C206C113,1000000,926200,0.9262,0.0062,150,139,0.94,0.89,0.53,925994,0.9998,0.9977,5457.81,0.8459,0.8622,100.00%(81),98.77%(80),98.77%(80),98.77%(80),98.77%(80),98.77%(80),98.77%(80),98.77%(80),97.53%(79),92.59%(75),rs28386840,SKII15275V30_15-LC002714-S01-D01-L12-C206C113,rs28386840|深度不足|PB279-F|PB206-R|PA-SF,rs28386840,pass
260508150833_B162_SKII15275-YY2BRS2hot-260508150833,B162,LC002909-S01-D01-L12-C206C165,1000000,930322,0.9303,0.0109,150,138,0.94,0.9,0.53,930190,0.9999,0.9979,5559.18,0.8653,0.8587,100.00%(81),100.00%(81),100.00%(81),100.00%(81),98.77%(80),98.77%(80),98.77%(80),98.77%(80),96.30%(78),93.83%(76),,SKII15275V30_16-LC002909-S01-D01-L12-C206C165,,,pass
260508150833_B162_SKII15275-YY2BRS2hot-260508150833,B162,LC002303-S01-D01-L12-C208C143,966144,902552,0.9342,0.0073,150,139,0.94,0.9,0.53,901783,0.9991,0.9981,5264.84,0.8316,0.9164,100.00%(81),100.00%(81),100.00%(81),100.00%(81),98.77%(80),98.77%(80),98.77%(80),98.77%(80),98.77%(80),96.30%(78),,SKII15275V30_17-LC002303-S01-D01-L12-C208C143,,,pass
260508150833_B162_SKII15275-YY2BRS2hot-260508150833,B162,LC002480-S01-D01-L12-C208C138,1000000,928926,0.9289,0.0079,150,139,0.94,0.89,0.53,928584,0.9996,0.9982,5472.64,0.8456,0.9158,100.00%(81),100.00%(81),100.00%(81),98.77%(80),98.77%(80),98.77%(80),98.77%(80),98.77%(80),98.77%(80),97.53%(79),rs28386840,SKII15275V30_18-LC002480-S01-D01-L12-C208C138,rs28386840|深度不足|PB279-F|PB206-R|PA-SF;rs1799752|位于灰区|PB285-F-2|PB212-R|PA-SF,rs28386840;rs1799752,pass
260508150833_B162_SKII15275-YY2BRS2hot-260508150833,B162,LC002692-S01-D01-L12-C208C156,1000000,931526,0.9315,0.0083,150,139,0.94,0.89,0.52,931314,0.9998,0.9979,5480.8,0.8489,0.8984,100.00%(81),100.00%(81),100.00%(81),100.00%(81),100.00%(81),100.00%(81),98.77%(80),98.77%(80),98.77%(80),96.30%(78),,SKII15275V30_19-LC002692-S01-D01-L12-C208C156,rs1799752|位于灰区|PB285-F-2|PB212-R|PA-SF,rs1799752,pass
260508150833_B162_SKII15275-YY2BRS2hot-260508150833,B162,LC002312-S01-D01-L12-C208C145,1000000,924618,0.9246,0.0067,150,139,0.94,0.89,0.54,924192,0.9995,0.9997,5226.14,0.8107,0.9025,100.00%(81),100.00%(81),100.00%(81),100.00%(81),98.77%(80),98.77%(80),98.77%(80),98.77%(80),98.77%(80),95.06%(77),,SKII15275V30_1-LC002312-S01-D01-L12-C208C145,,,pass
260508150833_B162_SKII15275-YY2BRS2hot-260508150833,B162,LC002647-S01-D01-L12-C206C104,1000000,923894,0.9239,0.0107,150,138,0.94,0.89,0.54,923638,0.9997,0.9978,5441.78,0.8566,0.8938,100.00%(81),100.00%(81),100.00%(81),98.77%(80),98.77%(80),98.77%(80),98.77%(80),98.77%(80),97.53%(79),96.30%(78),rs28386840,SKII15275V30_20-LC002647-S01-D01-L12-C206C104,rs28386840|深度不足|PB279-F|PB206-R|PA-SF,rs28386840,pass
260508150833_B162_SKII15275-YY2BRS2hot-260508150833,B162,LC002664-S01-D01-L12-C206C105,929608,857948,0.9229,0.0107,150,138,0.94,0.89,0.54,857228,0.9992,0.9982,5004.14,0.85,0.9263,100.00%(81),100.00%(81),98.77%(80),98.77%(80),98.77%(80),98.77%(80),98.77%(80),98.77%(80),97.53%(79),97.53%(79),rs28386840,SKII15275V30_21-LC002664-S01-D01-L12-C206C105,rs28386840|深度不足|PB279-F|PB206-R|PA-SF,rs28386840,pass
260508150833_B162_SKII15275-YY2BRS2hot-260508150833,B162,LC001876-S02-D01-L12-C206C130,1000000,917106,0.9171,0.0213,150,136,0.94,0.89,0.55,916801,0.9997,0.9979,5214.06,0.8322,0.8986,100.00%(81),100.00%(81),98.77%(80),98.77%(80),98.77%(80),98.77%(80),98.77%(80),98.77%(80),97.53%(79),96.30%(78),rs28386840,SKII15275V30_22-LC001876-S02-D01-L12-C206C130,rs28386840|深度不足|PB279-F|PB206-R|PA-SF,rs28386840,pass
260508150833_B162_SKII15275-YY2BRS2hot-260508150833,B162,CN001477-S09-D04-L13-C206C131,883982,820576,0.9283,0.0117,150,139,0.94,0.89,0.55,820417,0.9998,0.9997,4588.44,0.8072,0.8998,100.00%(81),100.00%(81),98.77%(80),98.77%(80),98.77%(80),98.77%(80),98.77%(80),98.77%(80),97.53%(79),93.83%(76),rs28386840,SKII15275V30_23-CN001477-S09-D04-L13-C206C131,rs28386840|深度不足|PB279-F|PB206-R|PA-SF,rs28386840,pass
260508150833_B162_SKII15275-YY2BRS2hot-260508150833,B162,LC002658-S01-D01-L12-C208C154,891078,825860,0.9268,0.0119,150,138,0.94,0.89,0.53,825580,0.9997,0.9981,4815.03,0.8413,0.9157,100.00%(81),100.00%(81),100.00%(81),100.00%(81),98.77%(80),98.77%(80),98.77%(80),98.77%(80),97.53%(79),96.30%(78),,SKII15275V30_2-LC002658-S01-D01-L12-C208C154,rs28386840|深度不足|PB279-F|PB206-R|PA-SF,rs28386840,pass
260508150833_B162_SKII15275-YY2BRS2hot-260508150833,B162,LC002901-S01-D01-L12-C208C160,994666,925212,0.9302,0.009,150,138,0.94,0.89,0.53,924481,0.9992,0.9979,5498.52,0.8606,0.8877,100.00%(81),100.00%(81),100.00%(81),98.77%(80),98.77%(80),98.77%(80),98.77%(80),98.77%(80),97.53%(79),95.06%(77),rs28386840,SKII15275V30_3-LC002901-S01-D01-L12-C208C160,rs28386840|深度不足|PB279-F|PB206-R|PA-SF,rs28386840,pass
260508150833_B162_SKII15275-YY2BRS2hot-260508150833,B162,LC002922-S01-D01-L12-C206C177,1000000,926084,0.9261,0.0064,150,139,0.94,0.89,0.54,925779,0.9997,0.998,5427.5,0.8375,0.9058,100.00%(81),100.00%(81),100.00%(81),98.77%(80),98.77%(80),98.77%(80),98.77%(80),98.77%(80),98.77%(80),96.30%(78),rs28386840,SKII15275V30_4-LC002922-S01-D01-L12-C206C177,rs28386840|深度不足|PB279-F|PB206-R|PA-SF,rs28386840,pass
260508150833_B162_SKII15275-YY2BRS2hot-260508150833,B162,LC001929-S01-D01-L12-C206C184,1000000,921500,0.9215,0.0188,150,137,0.94,0.89,0.53,921145,0.9996,0.9967,5193.46,0.8175,0.921,100.00%(81),100.00%(81),100.00%(81),98.77%(80),98.77%(80),98.77%(80),98.77%(80),98.77%(80),97.53%(79),96.30%(78),rs28386840,SKII15275V30_5-LC001929-S01-D01-L12-C206C184,rs28386840|深度不足|PB279-F|PB206-R|PA-SF,rs28386840,pass
260508150833_B162_SKII15275-YY2BRS2hot-260508150833,B162,LC002060-S01-D01-L12-C206C190,965810,888996,0.9205,0.0167,150,138,0.94,0.89,0.54,888632,0.9996,0.9978,5019.3,0.8182,0.9074,100.00%(81),100.00%(81),100.00%(81),98.77%(80),98.77%(80),98.77%(80),98.77%(80),98.77%(80),97.53%(79),95.06%(77),rs28386840,SKII15275V30_6-LC002060-S01-D01-L12-C206C190,rs28386840|深度不足|PB279-F|PB206-R|PA-SF,rs28386840,pass
260508150833_B162_SKII15275-YY2BRS2hot-260508150833,B162,LC002521-S01-D01-L12-C206C191,1000000,922214,0.9222,0.0084,150,139,0.94,0.89,0.54,921926,0.9997,0.998,5376.3,0.8402,0.9095,100.00%(81),100.00%(81),100.00%(81),100.00%(81),100.00%(81),100.00%(81),100.00%(81),100.00%(81),98.77%(80),98.77%(80),,SKII15275V30_7-LC002521-S01-D01-L12-C206C191,,,pass
260508150833_B162_SKII15275-YY2BRS2hot-260508150833,B162,LC002635-S01-D01-L12-C206C102,1000000,931506,0.9315,0.0078,150,139,0.94,0.9,0.53,931101,0.9996,0.9979,5593.66,0.8623,0.9105,100.00%(81),100.00%(81),100.00%(81),98.77%(80),98.77%(80),98.77%(80),98.77%(80),98.77%(80),97.53%(79),96.30%(78),rs28386840,SKII15275V30_8-LC002635-S01-D01-L12-C206C102,rs28386840|深度不足|PB279-F|PB206-R|PA-SF,rs28386840,pass
260508150833_B162_SKII15275-YY2BRS2hot-260508150833,B162,LC002636-S01-D01-L12-C206C103,1000000,927642,0.9276,0.0085,150,139,0.94,0.89,0.53,927151,0.9995,0.9979,5531.82,0.8635,0.9103,100.00%(81),100.00%(81),100.00%(81),98.77%(80),98.77%(80),98.77%(80),98.77%(80),98.77%(80),97.53%(79),96.30%(78),rs28386840,SKII15275V30_9-LC002636-S01-D01-L12-C206C103,rs28386840|深度不足|PB279-F|PB206-R|PA-SF;rs1799752|位于灰区|PB285-F-2|PB212-R|PA-SF,rs28386840;rs1799752,pass
260521174016_B143_SKII15305-P523NRC-260521174015,B143,LC002665-S01-D01-L12-C206C106,817840,739154,0.9038,0.0089,150,139,0.94,0.9,0.53,739016,0.9998,0.9979,4399.2,0.847,0.9322,100.00%(81),100.00%(81),100.00%(81),100.00%(81),100.00%(81),100.00%(81),100.00%(81),100.00%(81),98.77%(80),98.77%(80),,SKII15305V30_10-LC002665-S01-D01-L12-C206C106,,,pass
260521174016_B143_SKII15305-P523NRC-260521174015,B143,LC002711-S01-D01-L12-C206C111,1000000,905966,0.906,0.0058,150,139,0.94,0.9,0.53,905718,0.9997,0.9979,5361.22,0.8464,0.8636,100.00%(81),100.00%(81),100.00%(81),100.00%(81),100.00%(81),100.00%(81),100.00%(81),100.00%(81),98.77%(80),95.06%(77),,SKII15305V30_11-LC002711-S01-D01-L12-C206C111,,,pass
260521174016_B143_SKII15305-P523NRC-260521174015,B143,LC002712-S01-D01-L12-C206C112,1000000,907640,0.9076,0.0109,150,138,0.94,0.9,0.54,907512,0.9999,0.9979,5425.02,0.8632,0.8877,100.00%(81),100.00%(81),100.00%(81),100.00%(81),100.00%(81),100.00%(81),100.00%(81),100.00%(81),98.77%(80),97.53%(79),,SKII15305V30_12-LC002712-S01-D01-L12-C206C112,,,pass
260521174016_B143_SKII15305-P523NRC-260521174015,B143,LC002719-S01-D01-L12-C206C116,1000000,911436,0.9114,0.0117,150,138,0.94,0.9,0.54,911144,0.9997,0.9979,5523.41,0.8761,0.8637,100.00%(81),100.00%(81),100.00%(81),100.00%(81),100.00%(81),100.00%(81),100.00%(81),100.00%(81),98.77%(80),92.59%(75),,SKII15305V30_13-LC002719-S01-D01-L12-C206C116,,,pass
260521174016_B143_SKII15305-P523NRC-260521174015,B143,LC002693-S01-D01-L12-C206C107,744810,673528,0.9043,0.0157,150,138,0.94,0.9,0.53,673426,0.9998,0.9979,4058.09,0.8721,0.8941,100.00%(81),100.00%(81),100.00%(81),100.00%(81),100.00%(81),100.00%(81),100.00%(81),100.00%(81),98.77%(80),95.06%(77),,SKII15305V30_14-LC002693-S01-D01-L12-C206C107,,,pass
260521174016_B143_SKII15305-P523NRC-260521174015,B143,LC002714-S01-D01-L12-C206C113,1000000,904824,0.9048,0.0059,150,139,0.94,0.89,0.53,904737,0.9999,0.9979,5384.52,0.8466,0.8653,100.00%(81),100.00%(81),100.00%(81),100.00%(81),100.00%(81),100.00%(81),100.00%(81),100.00%(81),98.77%(80),95.06%(77),,SKII15305V30_15-LC002714-S01-D01-L12-C206C113,,,pass
260521174016_B143_SKII15305-P523NRC-260521174015,B143,LC002909-S01-D01-L12-C206C165,997434,906592,0.9089,0.0107,150,139,0.94,0.9,0.54,906503,0.9999,0.9979,5454.22,0.866,0.8655,100.00%(81),100.00%(81),100.00%(81),100.00%(81),100.00%(81),100.00%(81),100.00%(81),100.00%(81),97.53%(79),95.06%(77),,SKII15305V30_16-LC002909-S01-D01-L12-C206C165,,,pass
260521174016_B143_SKII15305-P523NRC-260521174015,B143,LC002303-S01-D01-L12-C208C143,891330,811508,0.9104,0.0073,150,140,0.94,0.9,0.53,810901,0.9993,0.998,4777.37,0.8323,0.9092,100.00%(81),100.00%(81),100.00%(81),100.00%(81),100.00%(81),100.00%(81),100.00%(81),100.00%(81),100.00%(81),96.30%(78),,SKII15305V30_17-LC002303-S01-D01-L12-C208C143,,,pass
260521174016_B143_SKII15305-P523NRC-260521174015,B143,LC002480-S01-D01-L12-C208C138,1000000,908826,0.9088,0.0078,150,139,0.94,0.9,0.54,908635,0.9998,0.9979,5409.87,0.8484,0.9133,100.00%(81),100.00%(81),100.00%(81),100.00%(81),100.00%(81),100.00%(81),100.00%(81),100.00%(81),100.00%(81),97.53%(79),,SKII15305V30_18-LC002480-S01-D01-L12-C208C138,,,pass
260521174016_B143_SKII15305-P523NRC-260521174015,B143,LC002692-S01-D01-L12-C208C156,968594,881910,0.9105,0.0086,150,139,0.94,0.9,0.52,881761,0.9998,0.998,5235.28,0.8494,0.9026,100.00%(81),100.00%(81),100.00%(81),100.00%(81),100.00%(81),100.00%(81),100.00%(81),100.00%(81),100.00%(81),98.77%(80),,SKII15305V30_19-LC002692-S01-D01-L12-C208C156,,,pass
260521174016_B143_SKII15305-P523NRC-260521174015,B143,LC002312-S01-D01-L12-C208C145,1000000,904582,0.9046,0.0067,150,139,0.94,0.89,0.54,904249,0.9996,0.9978,5166.19,0.8134,0.905,100.00%(81),100.00%(81),100.00%(81),100.00%(81),100.00%(81),100.00%(81),100.00%(81),100.00%(81),100.00%(81),96.30%(78),,SKII15305V30_1-LC002312-S01-D01-L12-C208C145,,,pass
260521174016_B143_SKII15305-P523NRC-260521174015,B143,LC002647-S01-D01-L12-C206C104,885286,798604,0.9021,0.0105,150,138,0.94,0.9,0.54,798508,0.9999,0.9967,4747.13,0.8571,0.8952,100.00%(81),100.00%(81),100.00%(81),100.00%(81),100.00%(81),100.00%(81),100.00%(81),100.00%(81),98.77%(80),96.30%(78),,SKII15305V30_20-LC002647-S01-D01-L12-C206C104,,,pass
260521174016_B143_SKII15305-P523NRC-260521174015,B143,LC002664-S01-D01-L12-C206C105,798606,719388,0.9008,0.0106,150,138,0.94,0.89,0.54,718884,0.9993,0.9999,4238.68,0.8512,0.9195,100.00%(81),100.00%(81),100.00%(81),100.00%(81),100.00%(81),100.00%(81),100.00%(81),100.00%(81),98.77%(80),97.53%(79),,SKII15305V30_21-LC002664-S01-D01-L12-C206C105,,,pass
260521174016_B143_SKII15305-P523NRC-260521174015,B143,LC001876-S02-D01-L12-C206C130,1000000,893078,0.8931,0.0222,150,136,0.94,0.89,0.55,892909,0.9998,0.9979,5115.69,0.8301,0.9028,100.00%(81),100.00%(81),100.00%(81),100.00%(81),100.00%(81),100.00%(81),100.00%(81),100.00%(81),98.77%(80),97.53%(79),,SKII15305V30_22-LC001876-S02-D01-L12-C206C130,,,pass
260521174016_B143_SKII15305-P523NRC-260521174015,B143,CN001477-S09-D04-L13-C206C131,781544,710072,0.9086,0.0115,150,139,0.94,0.9,0.55,709991,0.9999,0.9982,4027.03,0.8127,0.9032,100.00%(81),100.00%(81),100.00%(81),100.00%(81),100.00%(81),100.00%(81),100.00%(81),100.00%(81),98.77%(80),91.36%(74),,SKII15305V30_23-CN001477-S09-D04-L13-C206C131,,,pass
260521174016_B143_SKII15305-P523NRC-260521174015,B143,LC002658-S01-D01-L12-C208C154,773898,700348,0.905,0.0119,150,138,0.94,0.9,0.53,700187,0.9998,0.9979,4123.43,0.8426,0.922,100.00%(81),100.00%(81),100.00%(81),100.00%(81),100.00%(81),100.00%(81),100.00%(81),100.00%(81),98.77%(80),95.06%(77),,SKII15305V30_2-LC002658-S01-D01-L12-C208C154,,,pass
260521174016_B143_SKII15305-P523NRC-260521174015,B143,LC002901-S01-D01-L12-C208C160,866664,789570,0.911,0.0088,150,139,0.94,0.9,0.53,788999,0.9993,0.9979,4740.41,0.8635,0.8896,100.00%(81),100.00%(81),100.00%(81),100.00%(81),100.00%(81),100.00%(81),100.00%(81),100.00%(81),98.77%(80),95.06%(77),,SKII15305V30_3-LC002901-S01-D01-L12-C208C160,,,pass
260521174016_B143_SKII15305-P523NRC-260521174015,B143,LC002922-S01-D01-L12-C206C177,976404,884498,0.9059,0.0062,150,139,0.94,0.9,0.54,884315,0.9998,0.9984,5224.41,0.8365,0.9031,100.00%(81),100.00%(81),100.00%(81),100.00%(81),100.00%(81),100.00%(81),100.00%(81),100.00%(81),100.00%(81),96.30%(78),,SKII15305V30_4-LC002922-S01-D01-L12-C206C177,,,pass
260521174016_B143_SKII15305-P523NRC-260521174015,B143,LC001929-S01-D01-L12-C206C184,996990,896064,0.8988,0.0191,150,137,0.94,0.9,0.54,895886,0.9998,0.9978,5096.3,0.8188,0.9151,100.00%(81),100.00%(81),100.00%(81),100.00%(81),100.00%(81),100.00%(81),100.00%(81),100.00%(81),98.77%(80),97.53%(79),,SKII15305V30_5-LC001929-S01-D01-L12-C206C184,,,pass
260521174016_B143_SKII15305-P523NRC-260521174015,B143,LC002060-S01-D01-L12-C206C190,828724,744124,0.8979,0.017,150,137,0.94,0.89,0.54,743980,0.9998,0.9978,4237.19,0.8193,0.9083,100.00%(81),100.00%(81),100.00%(81),100.00%(81),100.00%(81),100.00%(81),100.00%(81),100.00%(81),98.77%(80),96.30%(78),,SKII15305V30_6-LC002060-S01-D01-L12-C206C190,,,pass
260521174016_B143_SKII15305-P523NRC-260521174015,B143,LC002521-S01-D01-L12-C206C191,1000000,899748,0.8997,0.0085,150,139,0.94,0.89,0.54,899583,0.9998,0.998,5291.84,0.8421,0.9136,100.00%(81),100.00%(81),100.00%(81),100.00%(81),100.00%(81),100.00%(81),100.00%(81),100.00%(81),98.77%(80),98.77%(80),,SKII15305V30_7-LC002521-S01-D01-L12-C206C191,,,pass
260521174016_B143_SKII15305-P523NRC-260521174015,B143,LC002635-S01-D01-L12-C206C102,1000000,910804,0.9108,0.0077,150,139,0.94,0.9,0.53,910507,0.9997,0.998,5511.6,0.863,0.907,100.00%(81),100.00%(81),100.00%(81),100.00%(81),100.00%(81),100.00%(81),100.00%(81),100.00%(81),98.77%(80),96.30%(78),,SKII15305V30_8-LC002635-S01-D01-L12-C206C102,,,pass
260521174016_B143_SKII15305-P523NRC-260521174015,B143,LC002636-S01-D01-L12-C206C103,976688,885624,0.9068,0.0087,150,139,0.94,0.9,0.53,885281,0.9996,0.9979,5330.94,0.8661,0.9173,100.00%(81),100.00%(81),100.00%(81),100.00%(81),100.00%(81),100.00%(81),100.00%(81),100.00%(81),98.77%(80),97.53%(79),,SKII15305V30_9-LC002636-S01-D01-L12-C206C103,,,pass
260522164010_B162_SKII15306-I-YY2-260522164010,B162,LC002665-S01-D01-L12-C206C106,812822,763560,0.9394,0.0088,150,141,0.94,0.9,0.53,763338,0.9997,0.9979,4561.87,0.8502,0.9327,100.00%(81),100.00%(81),100.00%(81),100.00%(81),100.00%(81),100.00%(81),100.00%(81),100.00%(81),98.77%(80),98.77%(80),,SKII15306V30_10-LC002665-S01-D01-L12-C206C106,rs1799752|位于灰区|PB285-F-2|PB212-R|PA-SF,rs1799752,pass
260522164010_B162_SKII15306-I-YY2-260522164010,B162,LC002711-S01-D01-L12-C206C111,1000000,940538,0.9405,0.0054,150,141,0.94,0.9,0.53,940181,0.9996,0.9979,5587.55,0.8475,0.8699,100.00%(81),100.00%(81),100.00%(81),100.00%(81),100.00%(81),100.00%(81),100.00%(81),100.00%(81),98.77%(80),93.83%(76),,SKII15306V30_11-LC002711-S01-D01-L12-C206C111,,,pass
260522164010_B162_SKII15306-I-YY2-260522164010,B162,LC002712-S01-D01-L12-C206C112,1000000,941810,0.9418,0.0105,150,141,0.94,0.9,0.54,941575,0.9998,0.998,5655.49,0.8655,0.891,100.00%(81),100.00%(81),100.00%(81),100.00%(81),100.00%(81),100.00%(81),100.00%(81),100.00%(81),98.77%(80),97.53%(79),,SKII15306V30_12-LC002712-S01-D01-L12-C206C112,,,pass
260522164010_B162_SKII15306-I-YY2-260522164010,B162,LC002719-S01-D01-L12-C206C116,1000000,944282,0.9443,0.011,150,140,0.95,0.9,0.53,943848,0.9995,0.9979,5743.02,0.8762,0.871,100.00%(81),100.00%(81),100.00%(81),100.00%(81),100.00%(81),100.00%(81),100.00%(81),100.00%(81),97.53%(79),93.83%(76),,SKII15306V30_13-LC002719-S01-D01-L12-C206C116,,,pass
260522164010_B162_SKII15306-I-YY2-260522164010,B162,LC002693-S01-D01-L12-C206C107,745266,699982,0.9392,0.0156,150,140,0.95,0.9,0.53,699773,0.9997,0.9979,4242.51,0.8759,0.8883,100.00%(81),100.00%(81),100.00%(81),100.00%(81),100.00%(81),100.00%(81),100.00%(81),100.00%(81),98.77%(80),96.30%(78),,SKII15306V30_14-LC002693-S01-D01-L12-C206C107,,,pass
260522164010_B162_SKII15306-I-YY2-260522164010,B162,LC002714-S01-D01-L12-C206C113,1000000,938908,0.9389,0.0059,150,141,0.94,0.9,0.53,938779,0.9999,0.9981,5599.38,0.8474,0.8626,100.00%(81),100.00%(81),100.00%(81),100.00%(81),100.00%(81),100.00%(81),100.00%(81),100.00%(81),98.77%(80),95.06%(77),,SKII15306V30_15-LC002714-S01-D01-L12-C206C113,,,pass
260522164010_B162_SKII15306-I-YY2-260522164010,B162,LC002909-S01-D01-L12-C206C165,999208,942738,0.9435,0.0107,150,141,0.95,0.9,0.53,942619,0.9999,0.9979,5696.07,0.8679,0.8698,100.00%(81),100.00%(81),100.00%(81),100.00%(81),100.00%(81),100.00%(81),100.00%(81),100.00%(81),98.77%(80),95.06%(77),,SKII15306V30_16-LC002909-S01-D01-L12-C206C165,,,pass
260522164010_B162_SKII15306-I-YY2-260522164010,B162,LC002303-S01-D01-L12-C208C143,869942,822518,0.9455,0.0073,150,142,0.95,0.9,0.53,821950,0.9993,0.9987,4854.26,0.834,0.9221,100.00%(81),100.00%(81),100.00%(81),100.00%(81),100.00%(81),100.00%(81),100.00%(81),100.00%(81),100.00%(81),96.30%(78),,SKII15306V30_17-LC002303-S01-D01-L12-C208C143,,,pass
260522164010_B162_SKII15306-I-YY2-260522164010,B162,LC002480-S01-D01-L12-C208C138,1000000,941852,0.9419,0.0075,150,142,0.94,0.9,0.53,941544,0.9997,0.998,5617.98,0.8492,0.9106,100.00%(81),100.00%(81),100.00%(81),100.00%(81),100.00%(81),100.00%(81),100.00%(81),100.00%(81),100.00%(81),98.77%(80),,SKII15306V30_18-LC002480-S01-D01-L12-C208C138,rs1799752|位于灰区|PB285-F-2|PB212-R|PA-SF,rs1799752,pass
260522164010_B162_SKII15306-I-YY2-260522164010,B162,LC002692-S01-D01-L12-C208C156,975438,920670,0.9439,0.0084,150,141,0.95,0.9,0.52,920418,0.9997,0.9979,5495.75,0.8532,0.9032,100.00%(81),100.00%(81),100.00%(81),100.00%(81),100.00%(81),100.00%(81),100.00%(81),100.00%(81),100.00%(81),98.77%(80),,SKII15306V30_19-LC002692-S01-D01-L12-C208C156,,,pass
260522164010_B162_SKII15306-I-YY2-260522164010,B162,LC002312-S01-D01-L12-C208C145,1000000,938814,0.9388,0.0065,150,141,0.94,0.9,0.54,938363,0.9995,0.9983,5370.7,0.8124,0.8977,100.00%(81),100.00%(81),100.00%(81),100.00%(81),100.00%(81),100.00%(81),100.00%(81),100.00%(81),100.00%(81),96.30%(78),,SKII15306V30_1-LC002312-S01-D01-L12-C208C145,,,pass
260522164010_B162_SKII15306-I-YY2-260522164010,B162,LC002647-S01-D01-L12-C206C104,883222,827152,0.9365,0.0104,150,141,0.94,0.9,0.54,826921,0.9997,0.9967,4931.71,0.8593,0.8914,100.00%(81),100.00%(81),100.00%(81),100.00%(81),100.00%(81),100.00%(81),100.00%(81),100.00%(81),98.77%(80),96.30%(78),,SKII15306V30_20-LC002647-S01-D01-L12-C206C104,,,pass
260522164010_B162_SKII15306-I-YY2-260522164010,B162,LC002664-S01-D01-L12-C206C105,800102,749748,0.9371,0.0105,150,140,0.94,0.9,0.54,749020,0.999,0.9979,4428.56,0.8524,0.9244,100.00%(81),100.00%(81),100.00%(81),100.00%(81),100.00%(81),100.00%(81),100.00%(81),98.77%(80),98.77%(80),98.77%(80),,SKII15306V30_21-LC002664-S01-D01-L12-C206C105,,,pass
260522164010_B162_SKII15306-I-YY2-260522164010,B162,LC001876-S02-D01-L12-C206C130,1000000,929690,0.9297,0.0233,150,139,0.94,0.9,0.55,929406,0.9997,0.9979,5332.15,0.8324,0.9011,100.00%(81),100.00%(81),100.00%(81),100.00%(81),100.00%(81),100.00%(81),100.00%(81),100.00%(81),98.77%(80),97.53%(79),,SKII15306V30_22-LC001876-S02-D01-L12-C206C130,,,pass
260522164010_B162_SKII15306-I-YY2-260522164010,B162,CN001477-S09-D04-L13-C206C131,776458,730430,0.9407,0.0117,150,141,0.94,0.9,0.55,730283,0.9998,0.9984,4145.98,0.8121,0.9024,100.00%(81),100.00%(81),100.00%(81),100.00%(81),100.00%(81),100.00%(81),100.00%(81),100.00%(81),98.77%(80),92.59%(75),,SKII15306V30_23-CN001477-S09-D04-L13-C206C131,,,pass
260522164010_B162_SKII15306-I-YY2-260522164010,B162,LC002658-S01-D01-L12-C208C154,773514,726556,0.9393,0.0121,150,140,0.94,0.9,0.53,726373,0.9997,0.998,4287.74,0.844,0.9063,100.00%(81),100.00%(81),100.00%(81),100.00%(81),100.00%(81),100.00%(81),100.00%(81),100.00%(81),98.77%(80),95.06%(77),,SKII15306V30_2-LC002658-S01-D01-L12-C208C154,,,pass
260522164010_B162_SKII15306-I-YY2-260522164010,B162,LC002901-S01-D01-L12-C208C160,863450,813968,0.9427,0.0088,150,141,0.94,0.9,0.53,813402,0.9993,0.9979,4904.44,0.8646,0.8877,100.00%(81),100.00%(81),100.00%(81),100.00%(81),100.00%(81),100.00%(81),100.00%(81),100.00%(81),98.77%(80),96.30%(78),,SKII15306V30_3-LC002901-S01-D01-L12-C208C160,,,pass
260522164010_B162_SKII15306-I-YY2-260522164010,B162,LC002922-S01-D01-L12-C206C177,972326,913592,0.9396,0.0063,150,141,0.94,0.9,0.54,913299,0.9997,0.9981,5409.36,0.8377,0.9248,100.00%(81),100.00%(81),100.00%(81),100.00%(81),100.00%(81),100.00%(81),100.00%(81),100.00%(81),100.00%(81),97.53%(79),,SKII15306V30_4-LC002922-S01-D01-L12-C206C177,,,pass
260522164010_B162_SKII15306-I-YY2-260522164010,B162,LC001929-S01-D01-L12-C206C184,1000000,934778,0.9348,0.0196,150,140,0.94,0.9,0.53,934492,0.9997,0.9967,5334.84,0.8206,0.9181,100.00%(81),100.00%(81),100.00%(81),100.00%(81),100.00%(81),100.00%(81),100.00%(81),100.00%(81),98.77%(80),97.53%(79),,SKII15306V30_5-LC001929-S01-D01-L12-C206C184,,,pass
260522164010_B162_SKII15306-I-YY2-260522164010,B162,LC002060-S01-D01-L12-C206C190,825682,769716,0.9322,0.0168,150,140,0.94,0.9,0.54,769442,0.9996,0.9998,4400.02,0.8216,0.9052,100.00%(81),100.00%(81),100.00%(81),100.00%(81),100.00%(81),100.00%(81),100.00%(81),100.00%(81),98.77%(80),96.30%(78),,SKII15306V30_6-LC002060-S01-D01-L12-C206C190,,,pass
260522164010_B162_SKII15306-I-YY2-260522164010,B162,LC002521-S01-D01-L12-C206C191,1000000,936496,0.9365,0.0083,150,141,0.94,0.9,0.54,936232,0.9997,0.998,5512.2,0.842,0.9091,100.00%(81),100.00%(81),100.00%(81),100.00%(81),100.00%(81),100.00%(81),100.00%(81),100.00%(81),98.77%(80),97.53%(79),,SKII15306V30_7-LC002521-S01-D01-L12-C206C191,rs1799752|位于灰区|PB285-F-2|PB212-R|PA-SF,rs1799752,pass
260522164010_B162_SKII15306-I-YY2-260522164010,B162,LC002635-S01-D01-L12-C206C102,1000000,944590,0.9446,0.0072,150,142,0.95,0.9,0.53,944140,0.9995,0.9979,5745.68,0.8651,0.9065,100.00%(81),100.00%(81),100.00%(81),100.00%(81),100.00%(81),100.00%(81),100.00%(81),100.00%(81),98.77%(80),97.53%(79),,SKII15306V30_8-LC002635-S01-D01-L12-C206C102,,,pass
260522164010_B162_SKII15306-I-YY2-260522164010,B162,LC002636-S01-D01-L12-C206C103,975182,917402,0.9407,0.0085,150,141,0.94,0.9,0.53,916946,0.9995,0.9979,5548.54,0.868,0.9125,100.00%(81),100.00%(81),100.00%(81),100.00%(81),100.00%(81),100.00%(81),100.00%(81),100.00%(81),98.77%(80),97.53%(79),,SKII15306V30_9-LC002636-S01-D01-L12-C206C103,,,pass
260522163748_B141_SKII15307-T-YY2-260522163749,B141,LC002665-S01-D01-L12-C206C106,345358,309402,0.8959,0.0138,150,136,0.92,0.87,0.48,309324,0.9997,0.998,1801.66,0.8596,0.8703,100.00%(81),100.00%(81),100.00%(81),100.00%(81),100.00%(81),100.00%(81),100.00%(81),96.30%(78),92.59%(75),69.14%(56),,SKII15307V30_10-LC002665-S01-D01-L12-C206C106,,,pass
260522163748_B141_SKII15307-T-YY2-260522163749,B141,LC002711-S01-D01-L12-C206C111,477924,429982,0.8997,0.0087,150,138,0.93,0.87,0.47,429883,0.9998,0.9979,2515.5,0.8598,0.8381,100.00%(81),100.00%(81),100.00%(81),100.00%(81),100.00%(81),100.00%(81),100.00%(81),97.53%(79),90.12%(73),70.37%(57),,SKII15307V30_11-LC002711-S01-D01-L12-C206C111,,,pass
260522163748_B141_SKII15307-T-YY2-260522163749,B141,LC002712-S01-D01-L12-C206C112,461100,413756,0.8973,0.0165,150,137,0.93,0.87,0.49,413673,0.9998,0.9979,2440.83,0.8783,0.8347,100.00%(81),100.00%(81),100.00%(81),100.00%(81),100.00%(81),100.00%(81),100.00%(81),96.30%(78),91.36%(74),77.78%(63),,SKII15307V30_12-LC002712-S01-D01-L12-C206C112,,,pass
260522163748_B141_SKII15307-T-YY2-260522163749,B141,LC002719-S01-D01-L12-C206C116,489226,440706,0.9008,0.0163,150,136,0.93,0.87,0.49,440605,0.9998,0.9979,2595.72,0.8825,0.8049,100.00%(81),100.00%(81),100.00%(81),100.00%(81),100.00%(81),100.00%(81),100.00%(81),96.30%(78),91.36%(74),77.78%(63),,SKII15307V30_13-LC002719-S01-D01-L12-C206C116,HLA|深度不足|HLA_longrange,hla_warning,warning
260522163748_B141_SKII15307-T-YY2-260522163749,B141,LC002693-S01-D01-L12-C206C107,333650,298204,0.8938,0.0218,150,136,0.93,0.87,0.49,298150,0.9998,0.9978,1753.42,0.8841,0.8139,100.00%(81),100.00%(81),100.00%(81),100.00%(81),100.00%(81),100.00%(81),98.77%(80),97.53%(79),87.65%(71),65.43%(53),,SKII15307V30_14-LC002693-S01-D01-L12-C206C107,,,pass
260522163748_B141_SKII15307-T-YY2-260522163749,B141,LC002714-S01-D01-L12-C206C113,511718,459680,0.8983,0.0089,150,138,0.92,0.87,0.47,459639,0.9999,0.9979,2681.61,0.8579,0.8603,100.00%(81),100.00%(81),100.00%(81),100.00%(81),100.00%(81),100.00%(81),100.00%(81),97.53%(79),92.59%(75),77.78%(63),,SKII15307V30_15-LC002714-S01-D01-L12-C206C113,,,pass
260522163748_B141_SKII15307-T-YY2-260522163749,B141,LC002909-S01-D01-L12-C206C165,427764,382766,0.8948,0.0161,150,137,0.93,0.87,0.48,382697,0.9998,0.9978,2235.89,0.8723,0.8074,100.00%(81),100.00%(81),100.00%(81),100.00%(81),100.00%(81),100.00%(81),100.00%(81),96.30%(78),87.65%(71),72.84%(59),,SKII15307V30_16-LC002909-S01-D01-L12-C206C165,,,pass
260522163748_B141_SKII15307-T-YY2-260522163749,B141,LC002303-S01-D01-L12-C208C143,357250,322154,0.9018,0.0111,150,138,0.93,0.88,0.48,322027,0.9996,0.998,1879.25,0.8526,0.8805,100.00%(81),100.00%(81),100.00%(81),100.00%(81),100.00%(81),100.00%(81),98.77%(80),96.30%(78),93.83%(76),69.14%(56),,SKII15307V30_17-LC002303-S01-D01-L12-C208C143,rs1799752|位于灰区|PB285-F-2|PB212-R|PA-SF,rs1799752,pass
260522163748_B141_SKII15307-T-YY2-260522163749,B141,LC002480-S01-D01-L12-C208C138,463544,417588,0.9009,0.0111,150,138,0.93,0.87,0.49,417500,0.9998,0.9979,2431.15,0.8581,0.8521,100.00%(81),100.00%(81),100.00%(81),100.00%(81),100.00%(81),100.00%(81),100.00%(81),98.77%(80),93.83%(76),75.31%(61),,SKII15307V30_18-LC002480-S01-D01-L12-C208C138,,,pass
260522163748_B141_SKII15307-T-YY2-260522163749,B141,LC002692-S01-D01-L12-C208C156,449282,406662,0.9051,0.0114,150,138,0.93,0.88,0.47,406584,0.9998,0.998,2371.95,0.8624,0.8212,100.00%(81),100.00%(81),100.00%(81),100.00%(81),100.00%(81),100.00%(81),100.00%(81),98.77%(80),91.36%(74),75.31%(61),,SKII15307V30_19-LC002692-S01-D01-L12-C208C156,,,pass
260522163748_B141_SKII15307-T-YY2-260522163749,B141,LC002312-S01-D01-L12-C208C145,477314,427932,0.8965,0.0094,150,137,0.92,0.87,0.48,427824,0.9997,0.9978,2432.18,0.8339,0.8744,100.00%(81),100.00%(81),100.00%(81),100.00%(81),100.00%(81),100.00%(81),100.00%(81),98.77%(80),92.59%(75),76.54%(62),,SKII15307V30_1-LC002312-S01-D01-L12-C208C145,,,pass
260522163748_B141_SKII15307-T-YY2-260522163749,B141,LC002647-S01-D01-L12-C206C104,371820,330496,0.8889,0.0156,150,136,0.92,0.87,0.49,330440,0.9998,0.9978,1926.33,0.8722,0.8172,100.00%(81),100.00%(81),100.00%(81),100.00%(81),100.00%(81),100.00%(81),100.00%(81),96.30%(78),90.12%(73),71.60%(58),,SKII15307V30_20-LC002647-S01-D01-L12-C206C104,,,pass
260522163748_B141_SKII15307-T-YY2-260522163749,B141,LC002664-S01-D01-L12-C206C105,332434,294588,0.8862,0.0156,150,136,0.92,0.87,0.49,294473,0.9996,0.9999,1711.52,0.8664,0.86,100.00%(81),100.00%(81),100.00%(81),100.00%(81),100.00%(81),100.00%(81),100.00%(81),97.53%(79),91.36%(74),70.37%(57),,SKII15307V30_21-LC002664-S01-D01-L12-C206C105,,,pass
260522163748_B141_SKII15307-T-YY2-260522163749,B141,LC001876-S02-D01-L12-C206C130,435322,380228,0.8734,0.0333,150,134,0.92,0.87,0.5,380192,0.9999,0.9979,2138.75,0.8477,0.846,100.00%(81),100.00%(81),100.00%(81),100.00%(81),100.00%(81),100.00%(81),98.77%(80),97.53%(79),93.83%(76),77.78%(63),,SKII15307V30_22-LC001876-S02-D01-L12-C206C130,,,pass
260522163748_B141_SKII15307-T-YY2-260522163749,B141,CN001477-S09-D04-L13-C206C131,312232,276692,0.8862,0.018,150,137,0.92,0.87,0.49,276646,0.9998,0.9998,1567.58,0.8404,0.8628,100.00%(81),100.00%(81),100.00%(81),100.00%(81),100.00%(81),100.00%(81),98.77%(80),95.06%(77),90.12%(73),62.96%(51),,SKII15307V30_23-CN001477-S09-D04-L13-C206C131,,,pass
260522163748_B141_SKII15307-T-YY2-260522163749,B141,LC002658-S01-D01-L12-C208C154,353812,316702,0.8951,0.0171,150,136,0.92,0.87,0.49,316620,0.9997,0.9978,1818.03,0.8539,0.8468,100.00%(81),100.00%(81),100.00%(81),100.00%(81),100.00%(81),100.00%(81),100.00%(81),96.30%(78),91.36%(74),72.84%(59),,SKII15307V30_2-LC002658-S01-D01-L12-C208C154,,,pass
260522163748_B141_SKII15307-T-YY2-260522163749,B141,LC002901-S01-D01-L12-C208C160,401442,362738,0.9036,0.0127,150,137,0.92,0.87,0.48,362550,0.9995,0.9981,2124.02,0.8713,0.8356,100.00%(81),100.00%(81),100.00%(81),100.00%(81),100.00%(81),100.00%(81),98.77%(80),97.53%(79),87.65%(71),74.07%(60),,SKII15307V30_3-LC002901-S01-D01-L12-C208C160,,,pass
260522163748_B141_SKII15307-T-YY2-260522163749,B141,LC002922-S01-D01-L12-C206C177,389988,349682,0.8966,0.0094,150,138,0.93,0.87,0.48,349612,0.9998,0.9979,2052.96,0.8578,0.8803,100.00%(81),100.00%(81),100.00%(81),100.00%(81),100.00%(81),100.00%(81),100.00%(81),97.53%(79),91.36%(74),72.84%(59),,SKII15307V30_4-LC002922-S01-D01-L12-C206C177,rs1799752|位于灰区|PB285-F-2|PB212-R|PA-SF,rs1799752,pass
260522163748_B141_SKII15307-T-YY2-260522163749,B141,LC001929-S01-D01-L12-C206C184,434256,383712,0.8836,0.028,150,135,0.92,0.87,0.49,383626,0.9998,0.9978,2181.19,0.8492,0.8495,100.00%(81),100.00%(81),100.00%(81),100.00%(81),100.00%(81),100.00%(81),100.00%(81),96.30%(78),91.36%(74),71.60%(58),,SKII15307V30_5-LC001929-S01-D01-L12-C206C184,,,pass
260522163748_B141_SKII15307-T-YY2-260522163749,B141,LC002060-S01-D01-L12-C206C190,354424,313568,0.8847,0.0246,150,135,0.92,0.87,0.49,313493,0.9998,0.9978,1777.52,0.8466,0.8518,100.00%(81),100.00%(81),100.00%(81),100.00%(81),100.00%(81),100.00%(81),98.77%(80),97.53%(79),87.65%(71),67.90%(55),,SKII15307V30_6-LC002060-S01-D01-L12-C206C190,,,pass
260522163748_B141_SKII15307-T-YY2-260522163749,B141,LC002521-S01-D01-L12-C206C191,427382,380194,0.8896,0.0136,150,138,0.92,0.87,0.48,380103,0.9998,0.9979,2220.46,0.8643,0.8555,100.00%(81),100.00%(81),100.00%(81),100.00%(81),100.00%(81),100.00%(81),100.00%(81),97.53%(79),92.59%(75),75.31%(61),,SKII15307V30_7-LC002521-S01-D01-L12-C206C191,,,pass
260522163748_B141_SKII15307-T-YY2-260522163749,B141,LC002635-S01-D01-L12-C206C102,447650,403466,0.9013,0.0112,150,138,0.93,0.88,0.48,403392,0.9998,0.9977,2401.6,0.8785,0.8443,100.00%(81),100.00%(81),100.00%(81),100.00%(81),100.00%(81),100.00%(81),100.00%(81),98.77%(80),92.59%(75),75.31%(61),,SKII15307V30_8-LC002635-S01-D01-L12-C206C102,,,pass
260522163748_B141_SKII15307-T-YY2-260522163749,B141,LC002636-S01-D01-L12-C206C103,420666,377856,0.8982,0.0125,150,138,0.93,0.87,0.48,377749,0.9997,0.9978,2238.21,0.878,0.8391,100.00%(81),100.00%(81),100.00%(81),100.00%(81),100.00%(81),100.00%(81),100.00%(81),98.77%(80),91.36%(74),76.54%(62),,SKII15307V30_9-LC002636-S01-D01-L12-C206C103,,,pass
260523150002_B170_SKII5311-R2JC-YY2-260523150003,B170,LC002665-S01-D01-L12-C206C106,786916,746322,0.9484,0.0079,150,142,0.95,0.9,0.54,746129,0.9997,0.9979,4495.17,0.8587,0.9278,100.00%(81),100.00%(81),100.00%(81),100.00%(81),100.00%(81),100.00%(81),98.77%(80),98.77%(80),97.53%(79),96.30%(78),,SKII5311V30_10-LC002665-S01-D01-L12-C206C106,,,pass
260523150002_B170_SKII5311-R2JC-YY2-260523150003,B170,LC002711-S01-D01-L12-C206C111,1000000,950446,0.9504,0.0049,150,143,0.95,0.9,0.53,950140,0.9997,0.9984,5680.35,0.8599,0.8573,100.00%(81),100.00%(81),100.00%(81),100.00%(81),100.00%(81),100.00%(81),98.77%(80),98.77%(80),97.53%(79),92.59%(75),,SKII5311V30_11-LC002711-S01-D01-L12-C206C111,,,pass
260523150002_B170_SKII5311-R2JC-YY2-260523150003,B170,LC002712-S01-D01-L12-C206C112,1000000,950286,0.9503,0.0091,150,142,0.95,0.9,0.54,950132,0.9998,0.9979,5754.82,0.8754,0.8998,100.00%(81),100.00%(81),100.00%(81),100.00%(81),100.00%(81),100.00%(81),98.77%(80),98.77%(80),97.53%(79),96.30%(78),,SKII5311V30_12-LC002712-S01-D01-L12-C206C112,,,pass
260523150002_B170_SKII5311-R2JC-YY2-260523150003,B170,LC002719-S01-D01-L12-C206C116,1000000,952930,0.9529,0.01,150,142,0.95,0.91,0.54,952620,0.9997,0.9979,5855.03,0.8865,0.8684,100.00%(81),100.00%(81),100.00%(81),100.00%(81),100.00%(81),100.00%(81),98.77%(80),98.77%(80),96.30%(78),92.59%(75),,SKII5311V30_13-LC002719-S01-D01-L12-C206C116,,,pass
260523150002_B170_SKII5311-R2JC-YY2-260523150003,B170,LC002693-S01-D01-L12-C206C107,717772,681080,0.9489,0.0141,150,142,0.95,0.91,0.53,680968,0.9998,0.998,4159.22,0.8824,0.8912,100.00%(81),100.00%(81),100.00%(81),100.00%(81),100.00%(81),100.00%(81),98.77%(80),98.77%(80),97.53%(79),95.06%(77),,SKII5311V30_14-LC002693-S01-D01-L12-C206C107,,,pass
260523150002_B170_SKII5311-R2JC-YY2-260523150003,B170,LC002714-S01-D01-L12-C206C113,1000000,950580,0.9506,0.0058,150,142,0.94,0.9,0.53,950511,0.9999,0.9981,5709.95,0.8592,0.8637,100.00%(81),100.00%(81),100.00%(81),100.00%(81),100.00%(81),100.00%(81),98.77%(80),98.77%(80),97.53%(79),92.59%(75),,SKII5311V30_15-LC002714-S01-D01-L12-C206C113,,,pass
260523150002_B170_SKII5311-R2JC-YY2-260523150003,B170,LC002909-S01-D01-L12-C206C165,951052,904822,0.9514,0.01,150,142,0.95,0.91,0.54,904763,0.9999,0.9979,5514.18,0.877,0.8664,100.00%(81),100.00%(81),100.00%(81),100.00%(81),100.00%(81),100.00%(81),100.00%(81),98.77%(80),96.30%(78),93.83%(76),,SKII5311V30_16-LC002909-S01-D01-L12-C206C165,rs1799752|位于灰区|PB285-F-2|PB212-R|PA-SF,rs1799752,pass
260523150002_B170_SKII5311-R2JC-YY2-260523150003,B170,LC002303-S01-D01-L12-C208C143,880618,838180,0.9518,0.0064,150,143,0.95,0.91,0.53,837502,0.9992,0.998,4974.21,0.8415,0.8971,100.00%(81),100.00%(81),100.00%(81),100.00%(81),100.00%(81),100.00%(81),100.00%(81),98.77%(80),98.77%(80),93.83%(76),,SKII5311V30_17-LC002303-S01-D01-L12-C208C143,,,pass
260523150002_B170_SKII5311-R2JC-YY2-260523150003,B170,LC002480-S01-D01-L12-C208C138,984224,935980,0.951,0.007,150,143,0.95,0.9,0.54,935801,0.9998,0.9996,5621.26,0.8568,0.9063,100.00%(81),100.00%(81),100.00%(81),100.00%(81),100.00%(81),100.00%(81),100.00%(81),98.77%(80),98.77%(80),96.30%(78),,SKII5311V30_18-LC002480-S01-D01-L12-C208C138,,,pass
260523150002_B170_SKII5311-R2JC-YY2-260523150003,B170,LC002692-S01-D01-L12-C208C156,942888,897886,0.9523,0.0075,150,143,0.95,0.91,0.52,897646,0.9997,0.998,5388.89,0.86,0.8957,100.00%(81),100.00%(81),100.00%(81),100.00%(81),100.00%(81),100.00%(81),100.00%(81),100.00%(81),98.77%(80),96.30%(78),,SKII5311V30_19-LC002692-S01-D01-L12-C208C156,rs1799752|位于灰区|PB285-F-2|PB212-R|PA-SF,rs1799752,pass
260523150002_B170_SKII5311-R2JC-YY2-260523150003,B170,LC002312-S01-D01-L12-C208C145,1000000,948970,0.949,0.0061,150,142,0.94,0.9,0.54,948547,0.9996,0.9978,5465.38,0.8247,0.8891,100.00%(81),100.00%(81),100.00%(81),100.00%(81),100.00%(81),100.00%(81),100.00%(81),98.77%(80),98.77%(80),95.06%(77),,SKII5311V30_1-LC002312-S01-D01-L12-C208C145,,,pass
260523150002_B170_SKII5311-R2JC-YY2-260523150003,B170,LC002647-S01-D01-L12-C206C104,862392,816854,0.9472,0.0099,150,142,0.95,0.9,0.54,816720,0.9998,0.9967,4912.51,0.8691,0.8961,100.00%(81),100.00%(81),100.00%(81),100.00%(81),100.00%(81),100.00%(81),98.77%(80),98.77%(80),97.53%(79),95.06%(77),,SKII5311V30_20-LC002647-S01-D01-L12-C206C104,,,pass
260523150002_B170_SKII5311-R2JC-YY2-260523150003,B170,LC002664-S01-D01-L12-C206C105,787868,745346,0.946,0.0098,150,142,0.95,0.9,0.55,744703,0.9991,0.9982,4446.39,0.866,0.9228,100.00%(81),100.00%(81),100.00%(81),100.00%(81),100.00%(81),100.00%(81),100.00%(81),98.77%(80),97.53%(79),97.53%(79),,SKII5311V30_21-LC002664-S01-D01-L12-C206C105,,,pass
260523150002_B170_SKII5311-R2JC-YY2-260523150003,B170,LC001876-S02-D01-L12-C206C130,992034,931934,0.9394,0.021,150,140,0.95,0.9,0.55,931727,0.9998,0.9989,5415.17,0.844,0.9031,100.00%(81),100.00%(81),100.00%(81),100.00%(81),100.00%(81),100.00%(81),98.77%(80),98.77%(80),97.53%(79),96.30%(78),,SKII5311V30_22-LC001876-S02-D01-L12-C206C130,,,pass
260523150002_B170_SKII5311-R2JC-YY2-260523150003,B170,CN001477-S09-D04-L13-C206C131,935488,889008,0.9503,0.0102,150,142,0.95,0.9,0.55,888876,0.9999,0.9997,5073.9,0.8184,0.896,100.00%(81),100.00%(81),100.00%(81),100.00%(81),100.00%(81),98.77%(80),98.77%(80),98.77%(80),97.53%(79),93.83%(76),,SKII5311V30_23-CN001477-S09-D04-L13-C206C131,,,pass
260523150002_B170_SKII5311-R2JC-YY2-260523150003,B170,LC002658-S01-D01-L12-C208C154,762342,722772,0.9481,0.0111,150,142,0.95,0.9,0.54,722635,0.9998,0.9979,4299.29,0.8526,0.9215,100.00%(81),100.00%(81),100.00%(81),100.00%(81),100.00%(81),100.00%(81),98.77%(80),98.77%(80),97.53%(79),95.06%(77),,SKII5311V30_2-LC002658-S01-D01-L12-C208C154,,,pass
260523150002_B170_SKII5311-R2JC-YY2-260523150003,B170,LC002901-S01-D01-L12-C208C160,851502,810106,0.9514,0.0081,150,142,0.95,0.9,0.54,809567,0.9993,0.998,4919.33,0.8742,0.8917,100.00%(81),100.00%(81),100.00%(81),100.00%(81),100.00%(81),98.77%(80),98.77%(80),98.77%(80),97.53%(79),95.06%(77),,SKII5311V30_3-LC002901-S01-D01-L12-C208C160,rs1799752|位于灰区|PB285-F-2|PB212-R|PA-SF,rs1799752,pass
260523150002_B170_SKII5311-R2JC-YY2-260523150003,B170,LC002922-S01-D01-L12-C206C177,948620,901604,0.9504,0.0055,150,142,0.95,0.9,0.54,901386,0.9998,0.9983,5377.76,0.8502,0.9056,100.00%(81),100.00%(81),100.00%(81),100.00%(81),100.00%(81),100.00%(81),98.77%(80),98.77%(80),98.77%(80),95.06%(77),,SKII5311V30_4-LC002922-S01-D01-L12-C206C177,,,pass
260523150002_B170_SKII5311-R2JC-YY2-260523150003,B170,LC001929-S01-D01-L12-C206C184,966200,912048,0.944,0.0181,150,141,0.95,0.9,0.54,911865,0.9998,0.9977,5236.27,0.8273,0.918,100.00%(81),100.00%(81),100.00%(81),100.00%(81),100.00%(81),100.00%(81),98.77%(80),98.77%(80),97.53%(79),96.30%(78),,SKII5311V30_5-LC001929-S01-D01-L12-C206C184,,,pass
260523150002_B170_SKII5311-R2JC-YY2-260523150003,B170,LC002060-S01-D01-L12-C206C190,802080,755754,0.9422,0.0157,150,141,0.94,0.9,0.54,755566,0.9998,0.9969,4351.77,0.83,0.9062,100.00%(81),100.00%(81),100.00%(81),100.00%(81),100.00%(81),100.00%(81),98.77%(80),98.77%(80),97.53%(79),95.06%(77),,SKII5311V30_6-LC002060-S01-D01-L12-C206C190,,,pass
260523150002_B170_SKII5311-R2JC-YY2-260523150003,B170,LC002521-S01-D01-L12-C206C191,968376,900850,0.9303,0.0074,150,143,0.94,0.9,0.54,900694,0.9998,0.998,5314.84,0.8505,0.916,100.00%(81),100.00%(81),100.00%(81),100.00%(81),100.00%(81),100.00%(81),100.00%(81),100.00%(81),98.77%(80),98.77%(80),,SKII5311V30_7-LC002521-S01-D01-L12-C206C191,,,pass
260523150002_B170_SKII5311-R2JC-YY2-260523150003,B170,LC002635-S01-D01-L12-C206C102,997084,950366,0.9531,0.0064,150,143,0.95,0.91,0.53,950058,0.9997,0.998,5820.76,0.8728,0.9016,100.00%(81),100.00%(81),100.00%(81),100.00%(81),100.00%(81),100.00%(81),100.00%(81),98.77%(80),97.53%(79),96.30%(78),,SKII5311V30_8-LC002635-S01-D01-L12-C206C102,,,pass
260523150002_B170_SKII5311-R2JC-YY2-260523150003,B170,LC002636-S01-D01-L12-C206C103,938998,892102,0.9501,0.0074,150,143,0.95,0.9,0.53,891808,0.9997,0.9979,5431.5,0.8764,0.9119,100.00%(81),100.00%(81),100.00%(81),100.00%(81),100.00%(81),100.00%(81),100.00%(81),98.77%(80),97.53%(79),96.30%(78),,SKII5311V30_9-LC002636-S01-D01-L12-C206C103,rs1799752|位于灰区|PB285-F-2|PB212-R|PA-SF,rs1799752,pass
260603175803_B170_SKII15342-R2JC-YY2-260603175804,B170,LC002665-S01-D01-L12-C206C106,970244,911508,0.9395,0.0087,150,141,0.94,0.89,0.53,911315,0.9998,0.9992,5404.72,0.8435,0.9108,100.00%(81),100.00%(81),100.00%(81),100.00%(81),100.00%(81),100.00%(81),100.00%(81),98.77%(80),96.30%(78),96.30%(78),,SKII15342V30_10-LC002665-S01-D01-L12-C206C106,,,pass
260603175803_B170_SKII15342-R2JC-YY2-260603175804,B170,LC002711-S01-D01-L12-C206C111,1000000,940226,0.9402,0.0057,150,141,0.94,0.89,0.53,939981,0.9997,0.998,5531.45,0.8421,0.8432,100.00%(81),100.00%(81),100.00%(81),100.00%(81),100.00%(81),100.00%(81),100.00%(81),98.77%(80),97.53%(79),91.36%(74),,SKII15342V30_11-LC002711-S01-D01-L12-C206C111,,,pass
260603175803_B170_SKII15342-R2JC-YY2-260603175804,B170,LC002712-S01-D01-L12-C206C112,1000000,941534,0.9415,0.0106,150,141,0.94,0.89,0.54,941406,0.9999,0.998,5614.76,0.8622,0.8712,100.00%(81),100.00%(81),100.00%(81),100.00%(81),100.00%(81),100.00%(81),100.00%(81),98.77%(80),97.53%(79),95.06%(77),,SKII15342V30_12-LC002712-S01-D01-L12-C206C112,,,pass
260603175803_B170_SKII15342-R2JC-YY2-260603175804,B170,LC002719-S01-D01-L12-C206C116,1000000,945106,0.9451,0.0113,150,140,0.94,0.9,0.54,944742,0.9996,0.9979,5728.68,0.8754,0.8499,100.00%(81),100.00%(81),100.00%(81),100.00%(81),100.00%(81),100.00%(81),98.77%(80),98.77%(80),97.53%(79),91.36%(74),,SKII15342V30_13-LC002719-S01-D01-L12-C206C116,rs11940316|位于灰区|PB298-F|PB298-R|PA-SF,rs11940316,pass
260603175803_B170_SKII15342-R2JC-YY2-260603175804,B170,LC002693-S01-D01-L12-C206C107,904930,850700,0.9401,0.0156,150,140,0.94,0.9,0.53,850542,0.9998,0.9979,5136.87,0.8743,0.862,100.00%(81),100.00%(81),100.00%(81),100.00%(81),100.00%(81),100.00%(81),98.77%(80),98.77%(80),97.53%(79),93.83%(76),,SKII15342V30_14-LC002693-S01-D01-L12-C206C107,,,pass
260603175803_B170_SKII15342-R2JC-YY2-260603175804,B170,LC002714-S01-D01-L12-C206C113,1000000,939488,0.9395,0.006,150,141,0.94,0.89,0.53,939411,0.9999,0.9979,5565.71,0.8431,0.8416,100.00%(81),100.00%(81),100.00%(81),100.00%(81),100.00%(81),100.00%(81),98.77%(80),98.77%(80),96.30%(78),91.36%(74),,SKII15342V30_15-LC002714-S01-D01-L12-C206C113,,,pass
260603175803_B170_SKII15342-R2JC-YY2-260603175804,B170,LC002909-S01-D01-L12-C206C165,1000000,942856,0.9429,0.0108,150,141,0.94,0.9,0.54,942791,0.9999,0.9979,5656.84,0.8643,0.8481,100.00%(81),100.00%(81),100.00%(81),100.00%(81),100.00%(81),100.00%(81),98.77%(80),98.77%(80),96.30%(78),92.59%(75),,SKII15342V30_16-LC002909-S01-D01-L12-C206C165,,,pass
260603175803_B170_SKII15342-R2JC-YY2-260603175804,B170,LC002303-S01-D01-L12-C208C143,1000000,943328,0.9433,0.007,150,142,0.94,0.9,0.53,942538,0.9992,0.9981,5510.69,0.8258,0.8945,100.00%(81),100.00%(81),100.00%(81),100.00%(81),100.00%(81),100.00%(81),100.00%(81),98.77%(80),97.53%(79),96.30%(78),,SKII15342V30_17-LC002303-S01-D01-L12-C208C143,,,pass
260603175803_B170_SKII15342-R2JC-YY2-260603175804,B170,LC002480-S01-D01-L12-C208C138,1000000,942312,0.9423,0.0078,150,141,0.94,0.9,0.54,942064,0.9997,0.9992,5580.33,0.8456,0.8918,100.00%(81),100.00%(81),100.00%(81),100.00%(81),100.00%(81),100.00%(81),98.77%(80),98.77%(80),98.77%(80),96.30%(78),,SKII15342V30_18-LC002480-S01-D01-L12-C208C138,rs1799752|位于灰区|PB285-F-2|PB212-R|PA-SF,rs1799752,pass
260603175803_B170_SKII15342-R2JC-YY2-260603175804,B170,LC002692-S01-D01-L12-C208C156,1000000,944288,0.9443,0.0084,150,141,0.94,0.9,0.52,944031,0.9997,0.9979,5594.32,0.848,0.8768,100.00%(81),100.00%(81),100.00%(81),100.00%(81),100.00%(81),100.00%(81),98.77%(80),98.77%(80),98.77%(80),96.30%(78),,SKII15342V30_19-LC002692-S01-D01-L12-C208C156,rs11940316|位于灰区|PB298-F|PB298-R|PA-SF,rs11940316,pass
260603175803_B170_SKII15342-R2JC-YY2-260603175804,B170,LC002312-S01-D01-L12-C208C145,1000000,938594,0.9386,0.0067,150,141,0.94,0.89,0.54,938233,0.9996,0.9978,5319.34,0.8074,0.8682,100.00%(81),100.00%(81),100.00%(81),100.00%(81),100.00%(81),100.00%(81),98.77%(80),98.77%(80),97.53%(79),92.59%(75),,SKII15342V30_1-LC002312-S01-D01-L12-C208C145,,,pass
260603175803_B170_SKII15342-R2JC-YY2-260603175804,B170,LC002647-S01-D01-L12-C206C104,1000000,936028,0.936,0.0105,150,141,0.94,0.89,0.54,935855,0.9998,0.9978,5538.59,0.8559,0.8728,100.00%(81),100.00%(81),100.00%(81),100.00%(81),100.00%(81),100.00%(81),98.77%(80),98.77%(80),97.53%(79),95.06%(77),,SKII15342V30_20-LC002647-S01-D01-L12-C206C104,,,pass
260603175803_B170_SKII15342-R2JC-YY2-260603175804,B170,LC002664-S01-D01-L12-C206C105,961900,900678,0.9364,0.0105,150,140,0.94,0.89,0.55,899703,0.9989,0.9982,5279.05,0.8476,0.9033,100.00%(81),100.00%(81),100.00%(81),100.00%(81),100.00%(81),100.00%(81),98.77%(80),98.77%(80),97.53%(79),96.30%(78),,SKII15342V30_21-LC002664-S01-D01-L12-C206C105,rs11940316|位于灰区|PB298-F|PB298-R|PA-SF,rs11940316,pass
260603175803_B170_SKII15342-R2JC-YY2-260603175804,B170,LC001876-S02-D01-L12-C206C130,1000000,930868,0.9309,0.0225,150,139,0.94,0.89,0.55,930612,0.9997,0.9979,5305.6,0.8281,0.8847,100.00%(81),100.00%(81),100.00%(81),100.00%(81),100.00%(81),100.00%(81),98.77%(80),98.77%(80),97.53%(79),96.30%(78),,SKII15342V30_22-LC001876-S02-D01-L12-C206C130,rs11940316|位于灰区|PB298-F|PB298-R|PA-SF,rs11940316,pass
260603175803_B170_SKII15342-R2JC-YY2-260603175804,B170,CN001477-S09-D04-L13-C206C131,1000000,940126,0.9401,0.0106,150,141,0.94,0.89,0.55,939988,0.9999,0.9979,5271.4,0.8037,0.8739,100.00%(81),100.00%(81),100.00%(81),100.00%(81),100.00%(81),100.00%(81),98.77%(80),98.77%(80),97.53%(79),95.06%(77),,SKII15342V30_23-CN001477-S09-D04-L13-C206C131,,,pass
260603175803_B170_SKII15342-R2JC-YY2-260603175804,B170,LC002658-S01-D01-L12-C208C154,925172,869436,0.9398,0.0118,150,140,0.94,0.89,0.54,869261,0.9998,0.9979,5108.83,0.8407,0.8972,100.00%(81),100.00%(81),100.00%(81),100.00%(81),100.00%(81),100.00%(81),98.77%(80),98.77%(80),97.53%(79),95.06%(77),,SKII15342V30_2-LC002658-S01-D01-L12-C208C154,rs11940316|位于灰区|PB298-F|PB298-R|PA-SF,rs11940316,pass
260603175803_B170_SKII15342-R2JC-YY2-260603175804,B170,LC002901-S01-D01-L12-C208C160,1000000,943306,0.9433,0.0088,150,141,0.94,0.89,0.54,942632,0.9993,0.9979,5640.63,0.8605,0.8708,100.00%(81),100.00%(81),100.00%(81),100.00%(81),100.00%(81),98.77%(80),98.77%(80),98.77%(80),98.77%(80),96.30%(78),,SKII15342V30_3-LC002901-S01-D01-L12-C208C160,,,pass
260603175803_B170_SKII15342-R2JC-YY2-260603175804,B170,LC002922-S01-D01-L12-C206C177,1000000,939596,0.9396,0.0062,150,141,0.94,0.89,0.54,939398,0.9998,0.998,5517.94,0.832,0.8994,100.00%(81),100.00%(81),100.00%(81),100.00%(81),100.00%(81),100.00%(81),98.77%(80),98.77%(80),98.77%(80),95.06%(77),,SKII15342V30_4-LC002922-S01-D01-L12-C206C177,,,pass
260603175803_B170_SKII15342-R2JC-YY2-260603175804,B170,LC001929-S01-D01-L12-C206C184,1000000,936286,0.9363,0.0189,150,139,0.94,0.89,0.54,936110,0.9998,0.9967,5300.24,0.8146,0.8933,100.00%(81),100.00%(81),100.00%(81),100.00%(81),100.00%(81),100.00%(81),98.77%(80),98.77%(80),96.30%(78),95.06%(77),,SKII15342V30_5-LC001929-S01-D01-L12-C206C184,,,pass
260603175803_B170_SKII15342-R2JC-YY2-260603175804,B170,LC002060-S01-D01-L12-C206C190,983258,918874,0.9345,0.0166,150,140,0.94,0.89,0.54,918658,0.9998,0.9979,5206.86,0.817,0.8878,100.00%(81),100.00%(81),100.00%(81),100.00%(81),100.00%(81),100.00%(81),98.77%(80),98.77%(80),96.30%(78),93.83%(76),,SKII15342V30_6-LC002060-S01-D01-L12-C206C190,,,pass
260603175803_B170_SKII15342-R2JC-YY2-260603175804,B170,LC002521-S01-D01-L12-C206C191,1000000,940714,0.9407,0.0083,150,141,0.94,0.89,0.54,940536,0.9998,0.9979,5517.17,0.838,0.8989,100.00%(81),100.00%(81),100.00%(81),100.00%(81),100.00%(81),100.00%(81),98.77%(80),98.77%(80),96.30%(78),96.30%(78),,SKII15342V30_7-LC002521-S01-D01-L12-C206C191,rs1799752|位于灰区|PB285-F-2|PB212-R|PA-SF,rs1799752,pass
260603175803_B170_SKII15342-R2JC-YY2-260603175804,B170,LC002635-S01-D01-L12-C206C102,1000000,944116,0.9441,0.0075,150,142,0.94,0.9,0.53,943831,0.9997,0.9979,5708.94,0.8617,0.8934,100.00%(81),100.00%(81),100.00%(81),100.00%(81),100.00%(81),100.00%(81),100.00%(81),98.77%(80),97.53%(79),95.06%(77),,SKII15342V30_8-LC002635-S01-D01-L12-C206C102,rs11940316|位于灰区|PB298-F|PB298-R|PA-SF,rs11940316,pass
260603175803_B170_SKII15342-R2JC-YY2-260603175804,B170,LC002636-S01-D01-L12-C206C103,1000000,941430,0.9414,0.0085,150,141,0.94,0.89,0.53,941047,0.9996,0.9991,5647.55,0.863,0.8931,100.00%(81),100.00%(81),100.00%(81),100.00%(81),100.00%(81),100.00%(81),98.77%(80),98.77%(80),97.53%(79),95.06%(77),,SKII15342V30_9-LC002636-S01-D01-L12-C206C103,,,pass
260605154758_B177_SKII15350-R2JC-YY2-260605154803,B177,LC002665-S01-D01-L12-C206C106,936010,876132,0.936,0.0094,150,140,0.94,0.89,0.53,875915,0.9998,0.998,5211.46,0.8538,0.9229,100.00%(81),100.00%(81),100.00%(81),100.00%(81),100.00%(81),100.00%(81),100.00%(81),100.00%(81),98.77%(80),98.77%(80),,SKII15350V30_10-LC002665-S01-D01-L12-C206C106,rs1799752|位于灰区|PB285-F-2|PB212-R|PA-SF,rs1799752,pass
260605154758_B177_SKII15350-R2JC-YY2-260605154803,B177,LC002711-S01-D01-L12-C206C111,1000000,937794,0.9378,0.0059,150,140,0.94,0.89,0.53,937522,0.9997,0.9979,5552.22,0.8551,0.8582,100.00%(81),100.00%(81),100.00%(81),100.00%(81),100.00%(81),100.00%(81),100.00%(81),100.00%(81),98.77%(80),92.59%(75),,SKII15350V30_11-LC002711-S01-D01-L12-C206C111,,,pass
260605154758_B177_SKII15350-R2JC-YY2-260605154803,B177,LC002712-S01-D01-L12-C206C112,1000000,940268,0.9403,0.0113,150,139,0.94,0.89,0.54,940123,0.9998,0.998,5629.59,0.8716,0.8836,100.00%(81),100.00%(81),100.00%(81),100.00%(81),100.00%(81),100.00%(81),100.00%(81),100.00%(81),98.77%(80),96.30%(78),,SKII15350V30_12-LC002712-S01-D01-L12-C206C112,,,pass
260605154758_B177_SKII15350-R2JC-YY2-260605154803,B177,LC002719-S01-D01-L12-C206C116,1000000,942484,0.9425,0.0122,150,139,0.94,0.9,0.54,942168,0.9997,0.9979,5718.3,0.8822,0.8607,100.00%(81),100.00%(81),100.00%(81),100.00%(81),100.00%(81),100.00%(81),100.00%(81),100.00%(81),98.77%(80),92.59%(75),,SKII15350V30_13-LC002719-S01-D01-L12-C206C116,,,pass
260605154758_B177_SKII15350-R2JC-YY2-260605154803,B177,LC002693-S01-D01-L12-C206C107,903060,847726,0.9387,0.0165,150,139,0.94,0.9,0.53,847598,0.9998,0.9979,5111.44,0.8789,0.8842,100.00%(81),100.00%(81),100.00%(81),100.00%(81),100.00%(81),100.00%(81),100.00%(81),100.00%(81),98.77%(80),95.06%(77),,SKII15350V30_14-LC002693-S01-D01-L12-C206C107,,,pass
260605154758_B177_SKII15350-R2JC-YY2-260605154803,B177,LC002714-S01-D01-L12-C206C113,1000000,937770,0.9378,0.0064,150,140,0.94,0.89,0.53,937669,0.9999,0.9979,5574.75,0.8536,0.8577,100.00%(81),100.00%(81),100.00%(81),100.00%(81),100.00%(81),100.00%(81),100.00%(81),100.00%(81),98.77%(80),92.59%(75),,SKII15350V30_15-LC002714-S01-D01-L12-C206C113,,,pass
260605154758_B177_SKII15350-R2JC-YY2-260605154803,B177,LC002909-S01-D01-L12-C206C165,1000000,940292,0.9403,0.0117,150,139,0.94,0.9,0.54,940233,0.9999,0.9979,5651.63,0.8714,0.857,100.00%(81),100.00%(81),100.00%(81),100.00%(81),100.00%(81),100.00%(81),100.00%(81),100.00%(81),96.30%(78),93.83%(76),,SKII15350V30_16-LC002909-S01-D01-L12-C206C165,,,pass
260605154758_B177_SKII15350-R2JC-YY2-260605154803,B177,LC002303-S01-D01-L12-C208C143,1000000,940730,0.9407,0.0076,150,141,0.94,0.9,0.53,940038,0.9993,0.9979,5516.01,0.8354,0.9097,100.00%(81),100.00%(81),100.00%(81),100.00%(81),100.00%(81),100.00%(81),100.00%(81),100.00%(81),100.00%(81),98.77%(80),,SKII15350V30_17-LC002303-S01-D01-L12-C208C143,,,pass
260605154758_B177_SKII15350-R2JC-YY2-260605154803,B177,LC002480-S01-D01-L12-C208C138,1000000,939070,0.9391,0.0083,150,140,0.94,0.9,0.54,938863,0.9998,0.9979,5577.46,0.8534,0.9063,100.00%(81),100.00%(81),100.00%(81),100.00%(81),100.00%(81),100.00%(81),100.00%(81),100.00%(81),100.00%(81),97.53%(79),,SKII15350V30_18-LC002480-S01-D01-L12-C208C138,rs1799752|位于灰区|PB285-F-2|PB212-R|PA-SF,rs1799752,pass
260605154758_B177_SKII15350-R2JC-YY2-260605154803,B177,LC002692-S01-D01-L12-C208C156,1000000,941018,0.941,0.0089,150,140,0.94,0.9,0.52,940775,0.9997,0.9979,5583.34,0.8554,0.8904,100.00%(81),100.00%(81),100.00%(81),100.00%(81),100.00%(81),100.00%(81),100.00%(81),100.00%(81),100.00%(81),97.53%(79),,SKII15350V30_19-LC002692-S01-D01-L12-C208C156,,,pass
260605154758_B177_SKII15350-R2JC-YY2-260605154803,B177,LC002312-S01-D01-L12-C208C145,1000000,934996,0.935,0.0071,150,140,0.94,0.89,0.54,934683,0.9997,0.9978,5329.7,0.8191,0.8861,100.00%(81),100.00%(81),100.00%(81),100.00%(81),100.00%(81),100.00%(81),100.00%(81),100.00%(81),100.00%(81),95.06%(77),,SKII15350V30_1-LC002312-S01-D01-L12-C208C145,,,pass
260605154758_B177_SKII15350-R2JC-YY2-260605154803,B177,LC002647-S01-D01-L12-C206C104,1000000,935260,0.9353,0.0114,150,139,0.94,0.89,0.54,935072,0.9998,0.9991,5556.68,0.8648,0.8926,100.00%(81),100.00%(81),100.00%(81),100.00%(81),100.00%(81),100.00%(81),100.00%(81),100.00%(81),98.77%(80),96.30%(78),,SKII15350V30_20-LC002647-S01-D01-L12-C206C104,,,pass
260605154758_B177_SKII15350-R2JC-YY2-260605154803,B177,LC002664-S01-D01-L12-C206C105,949484,886360,0.9335,0.0117,150,139,0.94,0.89,0.55,885540,0.9991,0.9978,5214.02,0.8584,0.9179,100.00%(81),100.00%(81),100.00%(81),100.00%(81),100.00%(81),100.00%(81),100.00%(81),100.00%(81),98.77%(80),97.53%(79),,SKII15350V30_21-LC002664-S01-D01-L12-C206C105,,,pass
260605154758_B177_SKII15350-R2JC-YY2-260605154803,B177,LC001876-S02-D01-L12-C206C130,1000000,927868,0.9279,0.0236,150,137,0.94,0.89,0.55,927596,0.9997,0.9979,5302.03,0.8361,0.9035,100.00%(81),100.00%(81),100.00%(81),100.00%(81),100.00%(81),100.00%(81),100.00%(81),100.00%(81),98.77%(80),97.53%(79),,SKII15350V30_22-LC001876-S02-D01-L12-C206C130,,,pass
260605154758_B177_SKII15350-R2JC-YY2-260605154803,B177,CN001477-S09-D04-L13-C206C131,1000000,938842,0.9388,0.0117,150,140,0.94,0.89,0.55,938729,0.9999,0.9979,5297.53,0.8137,0.8933,100.00%(81),100.00%(81),100.00%(81),100.00%(81),100.00%(81),100.00%(81),100.00%(81),100.00%(81),98.77%(80),95.06%(77),,SKII15350V30_23-CN001477-S09-D04-L13-C206C131,,,pass
260605154758_B177_SKII15350-R2JC-YY2-260605154803,B177,LC002658-S01-D01-L12-C208C154,942152,882280,0.9365,0.013,150,139,0.94,0.89,0.54,882168,0.9999,0.9978,5180.1,0.846,0.9004,100.00%(81),100.00%(81),100.00%(81),100.00%(81),100.00%(81),100.00%(81),100.00%(81),100.00%(81),98.77%(80),97.53%(79),,SKII15350V30_2-LC002658-S01-D01-L12-C208C154,,,pass
260605154758_B177_SKII15350-R2JC-YY2-260605154803,B177,LC002901-S01-D01-L12-C208C160,1000000,939770,0.9398,0.0094,150,139,0.94,0.89,0.54,939179,0.9994,0.9982,5633.48,0.8676,0.8796,100.00%(81),100.00%(81),100.00%(81),100.00%(81),100.00%(81),100.00%(81),100.00%(81),100.00%(81),98.77%(80),96.30%(78),,SKII15350V30_3-LC002901-S01-D01-L12-C208C160,,,pass
260605154758_B177_SKII15350-R2JC-YY2-260605154803,B177,LC002922-S01-D01-L12-C206C177,1000000,937706,0.9377,0.0068,150,140,0.94,0.89,0.54,937522,0.9998,0.9979,5537.43,0.8449,0.906,100.00%(81),100.00%(81),100.00%(81),100.00%(81),100.00%(81),100.00%(81),100.00%(81),100.00%(81),100.00%(81),96.30%(78),,SKII15350V30_4-LC002922-S01-D01-L12-C206C177,,,pass
260605154758_B177_SKII15350-R2JC-YY2-260605154803,B177,LC001929-S01-D01-L12-C206C184,1000000,933746,0.9337,0.0204,150,138,0.94,0.89,0.54,933545,0.9998,0.9968,5304.97,0.8237,0.9037,100.00%(81),100.00%(81),100.00%(81),100.00%(81),100.00%(81),100.00%(81),100.00%(81),100.00%(81),98.77%(80),96.30%(78),,SKII15350V30_5-LC001929-S01-D01-L12-C206C184,,,pass
260605154758_B177_SKII15350-R2JC-YY2-260605154803,B177,LC002060-S01-D01-L12-C206C190,966636,901100,0.9322,0.0177,150,139,0.94,0.89,0.54,900870,0.9997,0.9977,5132.24,0.8252,0.9012,100.00%(81),100.00%(81),100.00%(81),100.00%(81),100.00%(81),100.00%(81),100.00%(81),100.00%(81),98.77%(80),96.30%(78),,SKII15350V30_6-LC002060-S01-D01-L12-C206C190,,,pass
260605154758_B177_SKII15350-R2JC-YY2-260605154803,B177,LC002521-S01-D01-L12-C206C191,1000000,937256,0.9373,0.0089,150,140,0.94,0.89,0.54,937043,0.9998,0.9998,5527.27,0.8503,0.9096,100.00%(81),100.00%(81),100.00%(81),100.00%(81),100.00%(81),100.00%(81),100.00%(81),100.00%(81),98.77%(80),97.53%(79),,SKII15350V30_7-LC002521-S01-D01-L12-C206C191,,,pass
260605154758_B177_SKII15350-R2JC-YY2-260605154803,B177,LC002635-S01-D01-L12-C206C102,1000000,943548,0.9435,0.0078,150,141,0.94,0.9,0.53,943249,0.9997,0.9979,5711.05,0.8688,0.9079,100.00%(81),100.00%(81),100.00%(81),100.00%(81),100.00%(81),100.00%(81),100.00%(81),100.00%(81),98.77%(80),96.30%(78),,SKII15350V30_8-LC002635-S01-D01-L12-C206C102,,,pass
260605154758_B177_SKII15350-R2JC-YY2-260605154803,B177,LC002636-S01-D01-L12-C206C103,1000000,939218,0.9392,0.0088,150,140,0.94,0.89,0.53,938807,0.9996,0.9979,5643.2,0.8703,0.9016,100.00%(81),100.00%(81),100.00%(81),100.00%(81),100.00%(81),100.00%(81),100.00%(81),100.00%(81),98.77%(80),96.30%(78),,SKII15350V30_9-LC002636-S01-D01-L12-C206C103,rs1799752|位于灰区|PB285-F-2|PB212-R|PA-SF,rs1799752,pass
260701150403_B169_SKII15399-R2JC-3-YY2-260701150404,B169,LC002665-S01-D01-L12-C206C106,932542,888990,95.33%,0.81%,150,142,0.95,0.91,0.54,888750,99.97%,99.79%,5430.92,86.72%,90.90%,100.00%(81),100.00%(81),100.00%(81),100.00%(81),98.77%(80),98.77%(80),98.77%(80),98.77%(80),97.53%(79),96.30%(78),,SKII15399V30_10-LC002665-S01-D01-L12-C206C106,,,pass
260701150403_B169_SKII15399-R2JC-3-YY2-260701150404,B169,LC002711-S01-D01-L12-C206C111,1000000,953584,95.36%,0.50%,150,142,0.95,0.91,0.54,953301,99.97%,99.80%,5773.48,87.06%,84.24%,100.00%(81),100.00%(81),100.00%(81),100.00%(81),98.77%(80),98.77%(80),98.77%(80),98.77%(80),97.53%(79),91.36%(74),,SKII15399V30_11-LC002711-S01-D01-L12-C206C111,rs11940316|位于灰区|PB298-F|PB298-R|PA-SF,rs11940316,pass
260701150403_B169_SKII15399-R2JC-3-YY2-260701150404,B169,LC002712-S01-D01-L12-C206C112,1000000,955422,95.54%,0.95%,150,142,0.95,0.91,0.54,955264,99.98%,99.80%,5865.05,88.41%,88.98%,100.00%(81),100.00%(81),100.00%(81),98.77%(80),98.77%(80),98.77%(80),98.77%(80),98.77%(80),97.53%(79),95.06%(77),rs6494223,SKII15399V30_12-LC002712-S01-D01-L12-C206C112,rs6494223|深度不足|PB200-F|PB272-R|PA-SF,rs6494223,pass
260701150403_B169_SKII15399-R2JC-3-YY2-260701150404,B169,LC002719-S01-D01-L12-C206C116,1000000,958304,95.83%,1.05%,150,142,0.95,0.91,0.54,957909,99.96%,99.80%,5981.76,89.73%,85.60%,100.00%(81),100.00%(81),100.00%(81),98.77%(80),98.77%(80),98.77%(80),98.77%(80),98.77%(80),97.53%(79),91.36%(74),rs6494223,SKII15399V30_13-LC002719-S01-D01-L12-C206C116,rs6494223|深度不足|PB200-F|PB272-R|PA-SF,rs6494223,pass
260701150403_B169_SKII15399-R2JC-3-YY2-260701150404,B169,LC002693-S01-D01-L12-C206C107,870082,830564,95.46%,1.46%,150,142,0.95,0.91,0.54,830393,99.98%,99.80%,5162.20,89.53%,87.88%,100.00%(81),100.00%(81),100.00%(81),98.77%(80),98.77%(80),98.77%(80),98.77%(80),98.77%(80),97.53%(79),95.06%(77),rs6494223,SKII15399V30_14-LC002693-S01-D01-L12-C206C107,rs6494223|深度不足|PB200-F|PB272-R|PA-SF,rs6494223,pass
260701150403_B169_SKII15399-R2JC-3-YY2-260701150404,B169,LC002714-S01-D01-L12-C206C113,1000000,953678,95.37%,0.57%,150,142,0.95,0.91,0.54,953618,99.99%,99.79%,5811.32,87.01%,84.91%,100.00%(81),100.00%(81),100.00%(81),98.77%(80),98.77%(80),98.77%(80),98.77%(80),98.77%(80),97.53%(79),92.59%(75),rs6494223,SKII15399V30_15-LC002714-S01-D01-L12-C206C113,rs6494223|深度不足|PB200-F|PB272-R|PA-SF,rs6494223,pass
260701150403_B169_SKII15399-R2JC-3-YY2-260701150404,B169,LC002909-S01-D01-L12-C206C165,1000000,956448,95.64%,1.02%,150,142,0.95,0.91,0.54,956411,100.00%,99.83%,5911.34,88.62%,85.11%,100.00%(81),100.00%(81),100.00%(81),100.00%(81),98.77%(80),98.77%(80),98.77%(80),98.77%(80),97.53%(79),93.83%(76),,SKII15399V30_16-LC002909-S01-D01-L12-C206C165,,,pass
260701150403_B169_SKII15399-R2JC-3-YY2-260701150404,B169,LC002303-S01-D01-L12-C208C143,1000000,955298,95.53%,0.65%,150,143,0.95,0.91,0.54,954514,99.92%,99.80%,5730.53,84.81%,88.07%,100.00%(81),100.00%(81),100.00%(81),100.00%(81),98.77%(80),98.77%(80),98.77%(80),98.77%(80),98.77%(80),96.30%(78),,SKII15399V30_17-LC002303-S01-D01-L12-C208C143,,,pass
260701150403_B169_SKII15399-R2JC-3-YY2-260701150404,B169,LC002480-S01-D01-L12-C208C138,1000000,954506,95.45%,0.71%,150,143,0.95,0.91,0.54,954284,99.98%,99.79%,5804.03,86.60%,89.47%,100.00%(81),100.00%(81),100.00%(81),100.00%(81),98.77%(80),98.77%(80),98.77%(80),98.77%(80),98.77%(80),97.53%(79),,SKII15399V30_18-LC002480-S01-D01-L12-C208C138,,,pass
260701150403_B169_SKII15399-R2JC-3-YY2-260701150404,B169,LC002692-S01-D01-L12-C208C156,1000000,955558,95.56%,0.79%,150,143,0.95,0.91,0.53,955301,99.97%,99.98%,5819.41,86.96%,88.96%,100.00%(81),100.00%(81),100.00%(81),100.00%(81),98.77%(80),98.77%(80),98.77%(80),98.77%(80),98.77%(80),96.30%(78),,SKII15399V30_19-LC002692-S01-D01-L12-C208C156,rs11940316|位于灰区|PB298-F|PB298-R|PA-SF;rs1799752|位于灰区|PB285-F-2|PB212-R|PA-SF,rs11940316;rs1799752,pass
260701150403_B169_SKII15399-R2JC-3-YY2-260701150404,B169,LC002312-S01-D01-L12-C208C145,1000000,950030,95.00%,0.61%,150,142,0.95,0.91,0.54,949612,99.96%,99.78%,5532.13,83.16%,86.97%,100.00%(81),100.00%(81),100.00%(81),100.00%(81),98.77%(80),98.77%(80),98.77%(80),98.77%(80),98.77%(80),95.06%(77),,SKII15399V30_1-LC002312-S01-D01-L12-C208C145,,,pass
260701150403_B169_SKII15399-R2JC-3-YY2-260701150404,B169,LC002647-S01-D01-L12-C206C104,1000000,951604,95.16%,1.01%,150,142,0.95,0.91,0.55,951454,99.98%,99.79%,5791.49,87.63%,88.33%,100.00%(81),100.00%(81),100.00%(81),98.77%(80),98.77%(80),98.77%(80),98.77%(80),98.77%(80),97.53%(79),95.06%(77),rs6494223,SKII15399V30_20-LC002647-S01-D01-L12-C206C104,rs6494223|深度不足|PB200-F|PB272-R|PA-SF;rs11940316|位于灰区|PB298-F|PB298-R|PA-SF,rs6494223;rs11940316,pass
260701150403_B169_SKII15399-R2JC-3-YY2-260701150404,B169,LC002664-S01-D01-L12-C206C105,933890,887844,95.07%,0.99%,150,141,0.95,0.91,0.55,887026,99.91%,99.78%,5357.04,87.28%,90.91%,100.00%(81),100.00%(81),100.00%(81),100.00%(81),98.77%(80),98.77%(80),98.77%(80),98.77%(80),97.53%(79),96.30%(78),,SKII15399V30_21-LC002664-S01-D01-L12-C206C105,rs11940316|位于灰区|PB298-F|PB298-R|PA-SF,rs11940316,pass
260701150403_B169_SKII15399-R2JC-3-YY2-260701150404,B169,LC001876-S02-D01-L12-C206C130,1000000,946270,94.63%,2.11%,150,140,0.95,0.91,0.55,946085,99.98%,99.90%,5549.76,84.88%,89.51%,100.00%(81),100.00%(81),100.00%(81),98.77%(80),98.77%(80),98.77%(80),98.77%(80),98.77%(80),97.53%(79),96.30%(78),rs6494223,SKII15399V30_22-LC001876-S02-D01-L12-C206C130,rs6494223|深度不足|PB200-F|PB272-R|PA-SF,rs6494223,pass
260701150403_B169_SKII15399-R2JC-3-YY2-260701150404,B169,CN001477-S09-D04-L13-C206C131,1000000,953920,95.39%,0.99%,150,142,0.95,0.91,0.55,953785,99.99%,99.81%,5470.94,82.03%,87.81%,100.00%(81),100.00%(81),100.00%(81),100.00%(81),100.00%(81),98.77%(80),98.77%(80),98.77%(80),98.77%(80),93.83%(76),,SKII15399V30_23-CN001477-S09-D04-L13-C206C131,,,pass
260701150403_B169_SKII15399-R2JC-3-YY2-260701150404,B169,LC002658-S01-D01-L12-C208C154,911184,867292,95.18%,1.15%,150,142,0.95,0.91,0.54,867112,99.98%,99.79%,5236.87,86.24%,90.78%,100.00%(81),100.00%(81),100.00%(81),98.77%(80),98.77%(80),98.77%(80),98.77%(80),98.77%(80),98.77%(80),96.30%(78),rs6494223,SKII15399V30_2-LC002658-S01-D01-L12-C208C154,rs6494223|深度不足|PB200-F|PB272-R|PA-SF;rs11940316|位于灰区|PB298-F|PB298-R|PA-SF,rs6494223;rs11940316,pass
260701150403_B169_SKII15399-R2JC-3-YY2-260701150404,B169,LC002901-S01-D01-L12-C208C160,1000000,955058,95.51%,0.82%,150,142,0.95,0.91,0.54,954302,99.92%,99.80%,5874.29,88.27%,87.52%,100.00%(81),100.00%(81),100.00%(81),100.00%(81),98.77%(80),98.77%(80),98.77%(80),98.77%(80),98.77%(80),95.06%(77),,SKII15399V30_3-LC002901-S01-D01-L12-C208C160,rs11940316|位于灰区|PB298-F|PB298-R|PA-SF;rs1799752|位于灰区|PB285-F-2|PB212-R|PA-SF,rs11940316;rs1799752,pass
260701150403_B169_SKII15399-R2JC-3-YY2-260701150404,B169,LC002922-S01-D01-L12-C206C177,1000000,952514,95.25%,0.54%,150,142,0.95,0.91,0.54,952329,99.98%,99.80%,5750.77,85.74%,89.24%,100.00%(81),100.00%(81),100.00%(81),98.77%(80),98.77%(80),98.77%(80),98.77%(80),98.77%(80),98.77%(80),96.30%(78),rs6494223,SKII15399V30_4-LC002922-S01-D01-L12-C206C177,rs6494223|深度不足|PB200-F|PB272-R|PA-SF,rs6494223,pass
260701150403_B169_SKII15399-R2JC-3-YY2-260701150404,B169,LC001929-S01-D01-L12-C206C184,1000000,950308,95.03%,1.76%,150,141,0.95,0.91,0.54,950121,99.98%,99.75%,5537.99,83.65%,90.39%,100.00%(81),100.00%(81),100.00%(81),98.77%(80),98.77%(80),98.77%(80),98.77%(80),98.77%(80),97.53%(79),96.30%(78),rs6494223,SKII15399V30_5-LC001929-S01-D01-L12-C206C184,rs6494223|深度不足|PB200-F|PB272-R|PA-SF,rs6494223,pass
260701150403_B169_SKII15399-R2JC-3-YY2-260701150404,B169,LC002060-S01-D01-L12-C206C190,948970,900064,94.85%,1.54%,150,141,0.95,0.91,0.55,899868,99.98%,99.79%,5247.43,83.80%,89.77%,100.00%(81),100.00%(81),100.00%(81),100.00%(81),98.77%(80),98.77%(80),98.77%(80),98.77%(80),97.53%(79),95.06%(77),,SKII15399V30_6-LC002060-S01-D01-L12-C206C190,,,pass
260701150403_B169_SKII15399-R2JC-3-YY2-260701150404,B169,LC002521-S01-D01-L12-C206C191,1000000,955530,95.55%,0.75%,150,142,0.95,0.91,0.55,955326,99.98%,99.80%,5772.81,86.53%,89.64%,100.00%(81),100.00%(81),100.00%(81),98.77%(80),98.77%(80),98.77%(80),98.77%(80),98.77%(80),98.77%(80),96.30%(78),rs6494223,SKII15399V30_7-LC002521-S01-D01-L12-C206C191,rs6494223|深度不足|PB200-F|PB272-R|PA-SF,rs6494223,pass
260701150403_B169_SKII15399-R2JC-3-YY2-260701150404,B169,LC002635-S01-D01-L12-C206C102,1000000,957676,95.77%,0.67%,150,143,0.95,0.91,0.53,957338,99.96%,99.79%,5962.71,88.55%,89.11%,100.00%(81),100.00%(81),100.00%(81),100.00%(81),98.77%(80),98.77%(80),98.77%(80),98.77%(80),98.77%(80),96.30%(78),,SKII15399V30_8-LC002635-S01-D01-L12-C206C102,,,pass
260701150403_B169_SKII15399-R2JC-3-YY2-260701150404,B169,LC002636-S01-D01-L12-C206C103,1000000,954616,95.46%,0.78%,150,143,0.95,0.91,0.54,954200,99.96%,99.79%,5894.11,88.59%,89.61%,100.00%(81),100.00%(81),100.00%(81),100.00%(81),98.77%(80),98.77%(80),98.77%(80),98.77%(80),97.53%(79),96.30%(78),,SKII15399V30_9-LC002636-S01-D01-L12-C206C103,rs1799752|位于灰区|PB285-F-2|PB212-R|PA-SF,rs1799752,pass
BGISEQ_0707,0707,LC002312-S01-D01-L12-C208C145,641168,603262,94.09%,0.58%,150,147,0.98,0.97,0.55,603013,99.96%,99.79%,3860.51,88.48%,86.35%,100.00%(81),100.00%(81),100.00%(81),100.00%(81),100.00%(81),100.00%(81),100.00%(81),100.00%(81),97.53%(79),81.48%(66),,BGISEQ_0707V30_1-LC002312-S01-D01-L12-C208C145,,,pass
BGISEQ_0707,0707,LC002665-S01-D01-L12-C206C106,974332,914554,93.86%,0.71%,150,147,0.98,0.97,0.54,914246,99.97%,100.00%,6094.60,90.40%,91.68%,100.00%(81),100.00%(81),100.00%(81),100.00%(81),100.00%(81),100.00%(81),100.00%(81),100.00%(81),98.77%(80),98.77%(80),,BGISEQ_0707V30_10-LC002665-S01-D01-L12-C206C106,,,pass
BGISEQ_0707,0707,LC002711-S01-D01-L12-C206C111,559142,526018,94.08%,0.44%,150,147,0.98,0.97,0.55,525790,99.96%,99.79%,3510.10,93.70%,83.48%,100.00%(81),100.00%(81),100.00%(81),100.00%(81),100.00%(81),100.00%(81),98.77%(80),98.77%(80),92.59%(75),76.54%(62),,BGISEQ_0707V30_11-LC002711-S01-D01-L12-C206C111,,,pass
BGISEQ_0707,0707,LC002712-S01-D01-L12-C206C112,1000000,940774,94.08%,0.69%,150,147,0.98,0.97,0.54,940567,99.98%,99.81%,6332.59,92.17%,90.92%,100.00%(81),100.00%(81),100.00%(81),100.00%(81),100.00%(81),100.00%(81),100.00%(81),100.00%(81),98.77%(80),98.77%(80),,BGISEQ_0707V30_12-LC002712-S01-D01-L12-C206C112,,,pass
BGISEQ_0707,0707,LC002719-S01-D01-L12-C206C116,1000000,939900,93.99%,0.76%,150,147,0.98,0.97,0.53,939541,99.96%,99.80%,6399.83,92.94%,88.74%,100.00%(81),100.00%(81),100.00%(81),100.00%(81),100.00%(81),100.00%(81),100.00%(81),100.00%(81),97.53%(79),95.06%(77),,BGISEQ_0707V30_13-LC002719-S01-D01-L12-C206C116,,,pass
BGISEQ_0707,0707,LC002693-S01-D01-L12-C206C107,703622,662240,94.12%,1.23%,150,146,0.98,0.97,0.53,661977,99.96%,99.80%,4471.68,91.96%,92.84%,100.00%(81),100.00%(81),100.00%(81),100.00%(81),100.00%(81),100.00%(81),100.00%(81),100.00%(81),98.77%(80),95.06%(77),,BGISEQ_0707V30_14-LC002693-S01-D01-L12-C206C107,rs1799752|位于灰区|PB285-F-2|PB212-R|PA-SF,rs1799752,pass
BGISEQ_0707,0707,LC002714-S01-D01-L12-C206C113,741418,712022,96.04%,0.59%,150,148,0.98,0.97,0.55,711958,99.99%,99.81%,4791.68,92.22%,83.73%,100.00%(81),100.00%(81),100.00%(81),100.00%(81),100.00%(81),100.00%(81),100.00%(81),98.77%(80),97.53%(79),90.12%(73),,BGISEQ_0707V30_15-LC002714-S01-D01-L12-C206C113,,,pass
BGISEQ_0707,0707,LC002909-S01-D01-L12-C206C165,1000000,938376,93.84%,0.91%,150,147,0.98,0.97,0.54,938129,99.97%,99.79%,6338.92,91.96%,86.83%,100.00%(81),100.00%(81),100.00%(81),100.00%(81),100.00%(81),100.00%(81),100.00%(81),100.00%(81),98.77%(80),95.06%(77),,BGISEQ_0707V30_16-LC002909-S01-D01-L12-C206C165,,,pass
BGISEQ_0707,0707,LC002303-S01-D01-L12-C208C143,799262,759038,94.97%,0.51%,150,148,0.98,0.97,0.54,758585,99.94%,100.00%,4972.16,88.59%,88.95%,100.00%(81),100.00%(81),100.00%(81),100.00%(81),100.00%(81),100.00%(81),100.00%(81),100.00%(81),100.00%(81),92.59%(75),,BGISEQ_0707V30_17-LC002303-S01-D01-L12-C208C143,,,pass
BGISEQ_0707,0707,LC002480-S01-D01-L12-C208C138,938152,880674,93.87%,0.61%,150,147,0.98,0.97,0.54,880364,99.96%,99.81%,5842.91,89.62%,89.70%,100.00%(81),100.00%(81),100.00%(81),100.00%(81),100.00%(81),100.00%(81),100.00%(81),100.00%(81),98.77%(80),95.06%(77),,BGISEQ_0707V30_18-LC002480-S01-D01-L12-C208C138,,,pass
BGISEQ_0707,0707,LC002692-S01-D01-L12-C208C156,798872,749608,93.83%,0.72%,150,147,0.98,0.97,0.53,749319,99.96%,99.79%,4973.73,90.26%,89.54%,100.00%(81),100.00%(81),100.00%(81),100.00%(81),100.00%(81),100.00%(81),100.00%(81),100.00%(81),98.77%(80),95.06%(77),,BGISEQ_0707V30_19-LC002692-S01-D01-L12-C208C156,,,pass
BGISEQ_0707,0707,LC002658-S01-D01-L12-C208C154,739226,694472,93.95%,0.98%,150,147,0.98,0.97,0.54,694238,99.97%,99.82%,4550.73,89.20%,89.63%,100.00%(81),100.00%(81),100.00%(81),100.00%(81),100.00%(81),100.00%(81),100.00%(81),100.00%(81),98.77%(80),93.83%(76),,BGISEQ_0707V30_2-LC002658-S01-D01-L12-C208C154,,,pass
BGISEQ_0707,0707,LC002647-S01-D01-L12-C206C104,1000000,940038,94.00%,0.88%,150,147,0.98,0.97,0.54,939733,99.97%,99.80%,6249.22,90.49%,88.55%,100.00%(81),100.00%(81),100.00%(81),100.00%(81),100.00%(81),100.00%(81),100.00%(81),100.00%(81),98.77%(80),98.77%(80),,BGISEQ_0707V30_20-LC002647-S01-D01-L12-C206C104,,,pass
BGISEQ_0707,0707,LC002664-S01-D01-L12-C206C105,907530,851086,93.78%,0.92%,150,147,0.98,0.97,0.54,850689,99.95%,99.92%,5615.34,91.13%,91.61%,100.00%(81),100.00%(81),100.00%(81),100.00%(81),100.00%(81),100.00%(81),100.00%(81),100.00%(81),98.77%(80),98.77%(80),,BGISEQ_0707V30_21-LC002664-S01-D01-L12-C206C105,,,pass
BGISEQ_0707,0707,LC001876-S02-D01-L12-C206C130,1000000,946106,94.61%,1.38%,150,146,0.98,0.97,0.55,945798,99.97%,100.00%,6133.24,88.95%,92.61%,100.00%(81),100.00%(81),100.00%(81),100.00%(81),100.00%(81),100.00%(81),100.00%(81),100.00%(81),98.77%(80),98.77%(80),,BGISEQ_0707V30_22-LC001876-S02-D01-L12-C206C130,,,pass
BGISEQ_0707,0707,CN001477-S09-D04-L13-C206C131,1000000,937652,93.77%,0.77%,150,147,0.98,0.97,0.56,937377,99.97%,99.83%,5874.12,85.47%,86.47%,100.00%(81),100.00%(81),100.00%(81),100.00%(81),100.00%(81),100.00%(81),100.00%(81),100.00%(81),100.00%(81),95.06%(77),,BGISEQ_0707V30_23-CN001477-S09-D04-L13-C206C131,,,pass
BGISEQ_0707,0707,LC002901-S01-D01-L12-C208C160,987704,928042,93.96%,0.69%,150,147,0.98,0.97,0.53,927506,99.94%,99.79%,6256.31,91.84%,88.95%,100.00%(81),100.00%(81),100.00%(81),100.00%(81),100.00%(81),100.00%(81),100.00%(81),100.00%(81),100.00%(81),96.30%(78),,BGISEQ_0707V30_3-LC002901-S01-D01-L12-C208C160,,,pass
BGISEQ_0707,0707,LC002922-S01-D01-L12-C206C177,845000,791958,93.72%,0.45%,150,147,0.98,0.97,0.55,791705,99.97%,100.00%,5207.69,90.89%,90.56%,100.00%(81),100.00%(81),100.00%(81),100.00%(81),100.00%(81),100.00%(81),100.00%(81),100.00%(81),98.77%(80),93.83%(76),,BGISEQ_0707V30_4-LC002922-S01-D01-L12-C206C177,,,pass
BGISEQ_0707,0707,LC001929-S01-D01-L12-C206C184,1000000,939198,93.92%,1.29%,150,146,0.98,0.97,0.53,938946,99.97%,99.86%,5959.10,86.95%,92.61%,100.00%(81),100.00%(81),100.00%(81),100.00%(81),100.00%(81),100.00%(81),100.00%(81),100.00%(81),98.77%(80),98.77%(80),,BGISEQ_0707V30_5-LC001929-S01-D01-L12-C206C184,,,pass
BGISEQ_0707,0707,LC002060-S01-D01-L12-C206C190,1000000,938714,93.87%,1.16%,150,146,0.98,0.97,0.54,938474,99.97%,99.81%,5982.77,87.30%,92.23%,100.00%(81),100.00%(81),100.00%(81),100.00%(81),100.00%(81),100.00%(81),100.00%(81),100.00%(81),98.77%(80),98.77%(80),,BGISEQ_0707V30_6-LC002060-S01-D01-L12-C206C190,,,pass
BGISEQ_0707,0707,LC002521-S01-D01-L12-C206C191,1000000,937542,93.75%,0.60%,150,147,0.98,0.97,0.55,937212,99.96%,99.80%,6161.57,90.02%,89.32%,100.00%(81),100.00%(81),100.00%(81),100.00%(81),100.00%(81),100.00%(81),100.00%(81),100.00%(81),100.00%(81),97.53%(79),,BGISEQ_0707V30_7-LC002521-S01-D01-L12-C206C191,,,pass
BGISEQ_0707,0707,LC002635-S01-D01-L12-C206C102,804400,755162,93.88%,0.53%,150,147,0.98,0.97,0.53,754802,99.95%,99.79%,5109.93,91.64%,91.19%,100.00%(81),100.00%(81),100.00%(81),100.00%(81),100.00%(81),100.00%(81),100.00%(81),100.00%(81),97.53%(79),95.06%(77),,BGISEQ_0707V30_8-LC002635-S01-D01-L12-C206C102,,,pass
BGISEQ_0707,0707,LC002636-S01-D01-L12-C206C103,874268,818952,93.67%,0.69%,150,147,0.98,0.97,0.54,818601,99.96%,99.79%,5491.91,91.49%,91.89%,100.00%(81),100.00%(81),100.00%(81),100.00%(81),100.00%(81),100.00%(81),100.00%(81),100.00%(81),98.77%(80),96.30%(78),,BGISEQ_0707V30_9-LC002636-S01-D01-L12-C206C103,,,pass
GeneMind_0713,0713,LC002312-S01-D01-L12-C208C145,1000000,957324,95.73%,0.62%,150,147,0.98,0.95,0.56,956856,99.95%,99.78%,5877.14,85.29%,86.88%,100.00%(81),100.00%(81),100.00%(81),100.00%(81),100.00%(81),100.00%(81),100.00%(81),100.00%(81),98.77%(80),95.06%(77),,BGISEQ_0707V30_1-LC002312-S01-D01-L12-C208C145,,,pass
GeneMind_0713,0713,LC002665-S01-D01-L12-C206C106,750570,702106,93.54%,0.75%,150,146,0.97,0.93,0.55,701981,99.98%,99.80%,4470.28,89.00%,92.84%,100.00%(81),100.00%(81),100.00%(81),100.00%(81),100.00%(81),100.00%(81),100.00%(81),100.00%(81),98.77%(80),95.06%(77),,BGISEQ_0707V30_10-LC002665-S01-D01-L12-C206C106,,,pass
GeneMind_0713,0713,LC002711-S01-D01-L12-C206C111,1000000,955012,95.50%,0.46%,150,147,0.98,0.95,0.56,954727,99.97%,100.00%,6120.30,90.13%,84.90%,100.00%(81),100.00%(81),100.00%(81),100.00%(81),100.00%(81),100.00%(81),100.00%(81),98.77%(80),98.77%(80),92.59%(75),,BGISEQ_0707V30_11-LC002711-S01-D01-L12-C206C111,,,pass
GeneMind_0713,0713,LC002712-S01-D01-L12-C206C112,1000000,955190,95.52%,0.66%,150,147,0.98,0.95,0.56,955086,99.99%,99.80%,6269.60,91.32%,88.97%,100.00%(81),100.00%(81),100.00%(81),100.00%(81),100.00%(81),100.00%(81),100.00%(81),100.00%(81),100.00%(81),96.30%(78),,BGISEQ_0707V30_12-LC002712-S01-D01-L12-C206C112,,,pass
GeneMind_0713,0713,LC002719-S01-D01-L12-C206C116,970692,930310,95.84%,0.76%,150,147,0.98,0.95,0.56,929869,99.95%,99.81%,6221.35,92.68%,85.76%,100.00%(81),100.00%(81),100.00%(81),100.00%(81),100.00%(81),100.00%(81),100.00%(81),100.00%(81),97.53%(79),93.83%(76),,BGISEQ_0707V30_13-LC002719-S01-D01-L12-C206C116,,,pass
GeneMind_0713,0713,LC002693-S01-D01-L12-C206C107,842430,805684,95.64%,1.24%,150,146,0.98,0.95,0.55,805536,99.98%,100.00%,5340.56,91.41%,90.99%,100.00%(81),100.00%(81),100.00%(81),100.00%(81),100.00%(81),100.00%(81),100.00%(81),100.00%(81),98.77%(80),97.53%(79),,BGISEQ_0707V30_14-LC002693-S01-D01-L12-C206C107,,,pass
GeneMind_0713,0713,LC002714-S01-D01-L12-C206C113,1000000,953706,95.37%,0.59%,150,147,0.98,0.95,0.56,953601,99.99%,99.81%,6188.80,90.51%,84.22%,100.00%(81),100.00%(81),100.00%(81),100.00%(81),100.00%(81),100.00%(81),100.00%(81),98.77%(80),98.77%(80),93.83%(76),,BGISEQ_0707V30_15-LC002714-S01-D01-L12-C206C113,,,pass
GeneMind_0713,0713,LC002909-S01-D01-L12-C206C165,949600,907994,95.62%,0.88%,150,147,0.98,0.95,0.56,907869,99.99%,99.79%,6016.72,91.35%,87.68%,100.00%(81),100.00%(81),100.00%(81),100.00%(81),100.00%(81),100.00%(81),100.00%(81),100.00%(81),98.77%(80),95.06%(77),,BGISEQ_0707V30_16-LC002909-S01-D01-L12-C206C165,,,pass
GeneMind_0713,0713,LC002303-S01-D01-L12-C208C143,995812,953254,95.73%,0.57%,150,147,0.98,0.95,0.55,952207,99.89%,99.88%,5977.03,85.64%,88.25%,100.00%(81),100.00%(81),100.00%(81),100.00%(81),100.00%(81),100.00%(81),100.00%(81),100.00%(81),100.00%(81),97.53%(79),,BGISEQ_0707V30_17-LC002303-S01-D01-L12-C208C143,,,pass
GeneMind_0713,0713,LC002480-S01-D01-L12-C208C138,1000000,957554,95.76%,0.62%,150,147,0.98,0.95,0.56,957294,99.97%,100.00%,6183.42,87.92%,89.08%,100.00%(81),100.00%(81),100.00%(81),100.00%(81),100.00%(81),100.00%(81),100.00%(81),100.00%(81),100.00%(81),97.53%(79),,BGISEQ_0707V30_18-LC002480-S01-D01-L12-C208C138,,,pass
GeneMind_0713,0713,LC002692-S01-D01-L12-C208C156,988284,947182,95.84%,0.65%,150,147,0.98,0.95,0.54,946986,99.98%,99.80%,6090.85,88.03%,90.33%,100.00%(81),100.00%(81),100.00%(81),100.00%(81),100.00%(81),100.00%(81),100.00%(81),100.00%(81),100.00%(81),97.53%(79),,BGISEQ_0707V30_19-LC002692-S01-D01-L12-C208C156,,,pass
GeneMind_0713,0713,LC002658-S01-D01-L12-C208C154,771236,738214,95.72%,1.02%,150,146,0.98,0.95,0.56,738092,99.98%,99.81%,4721.00,88.23%,90.72%,100.00%(81),100.00%(81),100.00%(81),100.00%(81),100.00%(81),100.00%(81),100.00%(81),100.00%(81),100.00%(81),95.06%(77),,BGISEQ_0707V30_2-LC002658-S01-D01-L12-C208C154,,,pass
GeneMind_0713,0713,LC002647-S01-D01-L12-C206C104,955468,913228,95.58%,1.00%,150,146,0.98,0.95,0.56,913144,99.99%,99.67%,5934.28,89.53%,88.12%,100.00%(81),100.00%(81),100.00%(81),100.00%(81),100.00%(81),100.00%(81),100.00%(81),100.00%(81),98.77%(80),95.06%(77),,BGISEQ_0707V30_20-LC002647-S01-D01-L12-C206C104,,,pass
GeneMind_0713,0713,LC002664-S01-D01-L12-C206C105,818148,779332,95.26%,0.95%,150,146,0.98,0.95,0.57,778686,99.92%,99.78%,4988.12,90.15%,91.76%,100.00%(81),100.00%(81),100.00%(81),100.00%(81),100.00%(81),100.00%(81),100.00%(81),100.00%(81),98.77%(80),95.06%(77),,BGISEQ_0707V30_21-LC002664-S01-D01-L12-C206C105,,,pass
GeneMind_0713,0713,LC001876-S02-D01-L12-C206C130,956764,910558,95.17%,1.65%,150,145,0.98,0.95,0.57,910403,99.98%,99.80%,5708.00,87.16%,89.46%,100.00%(81),100.00%(81),100.00%(81),100.00%(81),100.00%(81),100.00%(81),100.00%(81),100.00%(81),98.77%(80),97.53%(79),,BGISEQ_0707V30_22-LC001876-S02-D01-L12-C206C130,,,pass
GeneMind_0713,0713,CN001477-S09-D04-L13-C206C131,1000000,950892,95.09%,0.87%,150,147,0.98,0.95,0.57,950797,99.99%,100.00%,5670.11,82.44%,86.48%,100.00%(81),100.00%(81),100.00%(81),100.00%(81),100.00%(81),100.00%(81),100.00%(81),100.00%(81),100.00%(81),91.36%(74),,BGISEQ_0707V30_23-CN001477-S09-D04-L13-C206C131,,,pass
GeneMind_0713,0713,LC002901-S01-D01-L12-C208C160,985354,944636,95.87%,0.75%,150,147,0.98,0.96,0.56,944028,99.94%,99.79%,6257.29,91.52%,90.30%,100.00%(81),100.00%(81),100.00%(81),100.00%(81),100.00%(81),100.00%(81),100.00%(81),100.00%(81),100.00%(81),96.30%(78),,BGISEQ_0707V30_3-LC002901-S01-D01-L12-C208C160,,,pass
GeneMind_0713,0713,LC002922-S01-D01-L12-C206C177,1000000,950738,95.07%,0.48%,150,147,0.98,0.95,0.56,950610,99.99%,99.93%,6067.69,88.77%,88.66%,100.00%(81),100.00%(81),100.00%(81),100.00%(81),100.00%(81),100.00%(81),100.00%(81),100.00%(81),98.77%(80),95.06%(77),,BGISEQ_0707V30_4-LC002922-S01-D01-L12-C206C177,,,pass
GeneMind_0713,0713,LC001929-S01-D01-L12-C206C184,977300,932172,95.38%,1.43%,150,146,0.98,0.95,0.56,932038,99.99%,99.70%,5740.87,85.40%,91.44%,100.00%(81),100.00%(81),100.00%(81),100.00%(81),100.00%(81),100.00%(81),100.00%(81),100.00%(81),98.77%(80),97.53%(79),,BGISEQ_0707V30_5-LC001929-S01-D01-L12-C206C184,,,pass
GeneMind_0713,0713,LC002060-S01-D01-L12-C206C190,838012,798902,95.33%,1.31%,150,146,0.98,0.95,0.56,798828,99.99%,99.98%,4925.19,85.47%,89.21%,100.00%(81),100.00%(81),100.00%(81),100.00%(81),100.00%(81),100.00%(81),100.00%(81),100.00%(81),98.77%(80),95.06%(77),,BGISEQ_0707V30_6-LC002060-S01-D01-L12-C206C190,,,pass
GeneMind_0713,0713,LC002521-S01-D01-L12-C206C191,1000000,950124,95.01%,0.60%,150,147,0.98,0.95,0.57,949971,99.98%,100.00%,6031.62,88.40%,88.58%,100.00%(81),100.00%(81),100.00%(81),100.00%(81),100.00%(81),100.00%(81),100.00%(81),100.00%(81),100.00%(81),96.30%(78),,BGISEQ_0707V30_7-LC002521-S01-D01-L12-C206C191,,,pass
GeneMind_0713,0713,LC002635-S01-D01-L12-C206C102,966340,922454,95.46%,0.49%,150,148,0.98,0.95,0.55,921990,99.95%,99.81%,6080.63,90.10%,92.07%,100.00%(81),100.00%(81),100.00%(81),100.00%(81),100.00%(81),100.00%(81),100.00%(81),100.00%(81),100.00%(81),97.53%(79),,BGISEQ_0707V30_8-LC002635-S01-D01-L12-C206C102,,,pass
GeneMind_0713,0713,LC002636-S01-D01-L12-C206C103,853028,814178,95.45%,0.71%,150,147,0.98,0.95,0.55,813779,99.95%,99.93%,5352.43,90.88%,91.49%,100.00%(81),100.00%(81),100.00%(81),100.00%(81),100.00%(81),100.00%(81),100.00%(81),100.00%(81),98.77%(80),96.30%(78),,BGISEQ_0707V30_9-LC002636-S01-D01-L12-C206C103,,,pass
260703153244_B174_SKII-R2JC-ZY-Y2_reanalysis_20260710154034,B174,LC002312-S01-D01-L12-C208C145,1000000,961566,96.16%,0.54%,150,140,0.93,0.87,0.55,961087,99.95%,99.78%,5225.65,78.82%,88.65%,100.00%(81),100.00%(81),100.00%(81),100.00%(81),98.77%(80),98.77%(80),98.77%(80),98.77%(80),98.77%(80),93.83%(76),,SKIIV30_1-LC002312-S01-D01-L12-C208C145,,,pass
260703153244_B174_SKII-R2JC-ZY-Y2_reanalysis_20260710154034,B174,LC002665-S01-D01-L12-C206C106,846706,816608,96.45%,0.66%,150,140,0.93,0.88,0.54,816437,99.98%,99.79%,4670.87,82.87%,91.72%,100.00%(81),100.00%(81),100.00%(81),100.00%(81),98.77%(80),98.77%(80),98.77%(80),98.77%(80),97.53%(79),96.30%(78),,SKIIV30_10-LC002665-S01-D01-L12-C206C106,,,pass
260703153244_B174_SKII-R2JC-ZY-Y2_reanalysis_20260710154034,B174,LC002711-S01-D01-L12-C206C111,1000000,962696,96.27%,0.42%,150,140,0.93,0.87,0.54,962325,99.96%,99.79%,5430.78,82.49%,85.66%,100.00%(81),100.00%(81),100.00%(81),100.00%(81),100.00%(81),98.77%(80),98.77%(80),98.77%(80),97.53%(79),88.89%(72),,SKIIV30_11-LC002711-S01-D01-L12-C206C111,,,pass
260703153244_B174_SKII-R2JC-ZY-Y2_reanalysis_20260710154034,B174,LC002712-S01-D01-L12-C206C112,1000000,965898,96.59%,0.73%,150,139,0.93,0.88,0.55,965761,99.99%,99.79%,5563.79,84.83%,89.36%,100.00%(81),100.00%(81),100.00%(81),98.77%(80),98.77%(80),98.77%(80),98.77%(80),98.77%(80),97.53%(79),95.06%(77),rs6494223,SKIIV30_12-LC002712-S01-D01-L12-C206C112,rs6494223|深度不足|PB200-F|PB272-R|PA-SF,rs6494223,pass
260703153244_B174_SKII-R2JC-ZY-Y2_reanalysis_20260710154034,B174,LC002719-S01-D01-L12-C206C116,1000000,966834,96.68%,0.80%,150,139,0.93,0.88,0.54,966442,99.96%,99.79%,5659.68,86.21%,85.50%,100.00%(81),100.00%(81),100.00%(81),100.00%(81),98.77%(80),98.77%(80),98.77%(80),98.77%(80),96.30%(78),91.36%(74),,SKIIV30_13-LC002719-S01-D01-L12-C206C116,,,pass
260703153244_B174_SKII-R2JC-ZY-Y2_reanalysis_20260710154034,B174,LC002693-S01-D01-L12-C206C107,775370,748558,96.54%,1.19%,150,139,0.93,0.88,0.54,748458,99.99%,99.79%,4366.97,86.23%,89.25%,100.00%(81),100.00%(81),100.00%(81),98.77%(80),98.77%(80),98.77%(80),98.77%(80),97.53%(79),97.53%(79),93.83%(76),rs6494223,SKIIV30_14-LC002693-S01-D01-L12-C206C107,rs6494223|深度不足|PB200-F|PB272-R|PA-SF,rs6494223,pass
260703153244_B174_SKII-R2JC-ZY-Y2_reanalysis_20260710154034,B174,LC002714-S01-D01-L12-C206C113,1000000,963302,96.33%,0.52%,150,139,0.93,0.87,0.54,963276,100.00%,99.95%,5492.30,82.70%,84.51%,100.00%(81),100.00%(81),100.00%(81),100.00%(81),98.77%(80),98.77%(80),98.77%(80),97.53%(79),97.53%(79),90.12%(73),,SKIIV30_15-LC002714-S01-D01-L12-C206C113,,,pass
260703153244_B174_SKII-R2JC-ZY-Y2_reanalysis_20260710154034,B174,LC002909-S01-D01-L12-C206C165,1000000,966378,96.64%,0.85%,150,139,0.93,0.88,0.54,966329,99.99%,99.79%,5603.03,85.30%,85.37%,100.00%(81),100.00%(81),100.00%(81),98.77%(80),98.77%(80),98.77%(80),98.77%(80),98.77%(80),96.30%(78),93.83%(76),rs6494223,SKIIV30_16-LC002909-S01-D01-L12-C206C165,rs6494223|深度不足|PB200-F|PB272-R|PA-SF,rs6494223,pass
260703153244_B174_SKII-R2JC-ZY-Y2_reanalysis_20260710154034,B174,LC002303-S01-D01-L12-C208C143,946672,914178,96.57%,0.54%,150,140,0.93,0.88,0.54,913379,99.91%,99.79%,5103.42,80.40%,90.82%,100.00%(81),100.00%(81),100.00%(81),100.00%(81),98.77%(80),98.77%(80),98.77%(80),98.77%(80),98.77%(80),93.83%(76),,SKIIV30_17-LC002303-S01-D01-L12-C208C143,,,pass
260703153244_B174_SKII-R2JC-ZY-Y2_reanalysis_20260710154034,B174,LC002480-S01-D01-L12-C208C138,1000000,964606,96.46%,0.60%,150,140,0.93,0.88,0.54,964362,99.97%,99.79%,5493.53,83.02%,90.17%,100.00%(81),100.00%(81),100.00%(81),98.77%(80),98.77%(80),98.77%(80),98.77%(80),98.77%(80),98.77%(80),95.06%(77),rs6494223,SKIIV30_18-LC002480-S01-D01-L12-C208C138,rs6494223|深度不足|PB200-F|PB272-R|PA-SF,rs6494223,pass
260703153244_B174_SKII-R2JC-ZY-Y2_reanalysis_20260710154034,B174,LC002692-S01-D01-L12-C208C156,1000000,965446,96.54%,0.65%,150,140,0.93,0.88,0.53,965206,99.98%,99.79%,5498.04,83.33%,89.01%,100.00%(81),100.00%(81),100.00%(81),98.77%(80),98.77%(80),98.77%(80),98.77%(80),98.77%(80),98.77%(80),95.06%(77),rs6494223,SKIIV30_19-LC002692-S01-D01-L12-C208C156,rs6494223|深度不足|PB200-F|PB272-R|PA-SF,rs6494223,pass
260703153244_B174_SKII-R2JC-ZY-Y2_reanalysis_20260710154034,B174,LC002658-S01-D01-L12-C208C154,857924,826678,96.36%,0.99%,150,140,0.93,0.88,0.54,826565,99.99%,99.79%,4668.69,82.58%,90.62%,100.00%(81),100.00%(81),100.00%(81),100.00%(81),98.77%(80),98.77%(80),98.77%(80),98.77%(80),97.53%(79),92.59%(75),,SKIIV30_2-LC002658-S01-D01-L12-C208C154,,,pass
260703153244_B174_SKII-R2JC-ZY-Y2_reanalysis_20260710154034,B174,LC002647-S01-D01-L12-C206C104,922386,887214,96.19%,0.86%,150,139,0.93,0.88,0.55,887002,99.98%,99.79%,5070.14,84.49%,88.43%,100.00%(81),100.00%(81),100.00%(81),100.00%(81),98.77%(80),98.77%(80),98.77%(80),98.77%(80),97.53%(79),93.83%(76),,SKIIV30_20-LC002647-S01-D01-L12-C206C104,,,pass
260703153244_B174_SKII-R2JC-ZY-Y2_reanalysis_20260710154034,B174,LC002664-S01-D01-L12-C206C105,864210,831082,96.17%,0.86%,150,139,0.93,0.87,0.55,830269,99.90%,99.78%,4689.56,83.36%,91.36%,100.00%(81),100.00%(81),100.00%(81),100.00%(81),100.00%(81),98.77%(80),98.77%(80),98.77%(80),97.53%(79),96.30%(78),,SKIIV30_21-LC002664-S01-D01-L12-C206C105,,,pass
260703153244_B174_SKII-R2JC-ZY-Y2_reanalysis_20260710154034,B174,LC001876-S02-D01-L12-C206C130,1000000,958746,95.87%,1.75%,150,138,0.93,0.87,0.56,958531,99.98%,99.79%,5281.26,81.67%,89.31%,100.00%(81),100.00%(81),100.00%(81),100.00%(81),98.77%(80),98.77%(80),98.77%(80),98.77%(80),97.53%(79),95.06%(77),,SKIIV30_22-LC001876-S02-D01-L12-C206C130,,,pass
260703153244_B174_SKII-R2JC-ZY-Y2_reanalysis_20260710154034,B174,CN001477-S09-D04-L13-C206C131,921676,887628,96.31%,0.87%,150,140,0.93,0.87,0.56,887475,99.98%,99.79%,4749.38,78.23%,87.85%,100.00%(81),100.00%(81),100.00%(81),100.00%(81),98.77%(80),98.77%(80),98.77%(80),98.77%(80),97.53%(79),92.59%(75),,SKIIV30_23-CN001477-S09-D04-L13-C206C131,,,pass
260703153244_B174_SKII-R2JC-ZY-Y2_reanalysis_20260710154034,B174,LC002901-S01-D01-L12-C208C160,918996,887532,96.58%,0.70%,150,140,0.93,0.88,0.54,886875,99.93%,99.79%,5135.51,85.01%,87.94%,100.00%(81),100.00%(81),100.00%(81),100.00%(81),98.77%(80),98.77%(80),98.77%(80),98.77%(80),97.53%(79),95.06%(77),,SKIIV30_3-LC002901-S01-D01-L12-C208C160,,,pass
260703153244_B174_SKII-R2JC-ZY-Y2_reanalysis_20260710154034,B174,LC002922-S01-D01-L12-C206C177,1000000,962874,96.29%,0.47%,150,140,0.93,0.87,0.55,962668,99.98%,99.79%,5431.12,81.34%,89.44%,100.00%(81),100.00%(81),100.00%(81),100.00%(81),98.77%(80),98.77%(80),98.77%(80),98.77%(80),98.77%(80),95.06%(77),,SKIIV30_4-LC002922-S01-D01-L12-C206C177,,,pass
260703153244_B174_SKII-R2JC-ZY-Y2_reanalysis_20260710154034,B174,LC001929-S01-D01-L12-C206C184,1000000,962698,96.27%,1.53%,150,138,0.93,0.88,0.54,962532,99.98%,99.79%,5244.81,80.19%,90.68%,100.00%(81),100.00%(81),100.00%(81),100.00%(81),98.77%(80),98.77%(80),98.77%(80),98.77%(80),97.53%(79),95.06%(77),,SKIIV30_5-LC001929-S01-D01-L12-C206C184,,,pass
260703153244_B174_SKII-R2JC-ZY-Y2_reanalysis_20260710154034,B174,LC002060-S01-D01-L12-C206C190,877622,842322,95.98%,1.29%,150,139,0.93,0.87,0.55,842106,99.97%,99.78%,4599.04,80.31%,88.99%,100.00%(81),100.00%(81),100.00%(81),100.00%(81),98.77%(80),98.77%(80),98.77%(80),98.77%(80),97.53%(79),93.83%(76),,SKIIV30_6-LC002060-S01-D01-L12-C206C190,,,pass
260703153244_B174_SKII-R2JC-ZY-Y2_reanalysis_20260710154034,B174,LC002521-S01-D01-L12-C206C191,1000000,964300,96.43%,0.60%,150,139,0.93,0.88,0.55,964114,99.98%,99.80%,5426.57,81.98%,90.68%,100.00%(81),100.00%(81),98.77%(80),98.77%(80),98.77%(80),98.77%(80),98.77%(80),98.77%(80),97.53%(79),95.06%(77),rs6494223,SKIIV30_7-LC002521-S01-D01-L12-C206C191,rs6494223|深度不足|PB200-F|PB272-R|PA-SF,rs6494223,pass
260703153244_B174_SKII-R2JC-ZY-Y2_reanalysis_20260710154034,B174,LC002635-S01-D01-L12-C206C102,1000000,966728,96.67%,0.51%,150,141,0.93,0.88,0.54,966401,99.97%,99.78%,5634.59,84.70%,90.23%,100.00%(81),100.00%(81),100.00%(81),100.00%(81),98.77%(80),98.77%(80),98.77%(80),98.77%(80),97.53%(79),96.30%(78),,SKIIV30_8-LC002635-S01-D01-L12-C206C102,,,pass
260703153244_B174_SKII-R2JC-ZY-Y2_reanalysis_20260710154034,B174,LC002636-S01-D01-L12-C206C103,1000000,964740,96.47%,0.65%,150,140,0.93,0.88,0.54,964389,99.96%,99.91%,5571.67,84.88%,90.04%,100.00%(81),100.00%(81),100.00%(81),100.00%(81),98.77%(80),98.77%(80),98.77%(80),98.77%(80),97.53%(79),95.06%(77),,SKIIV30_9-LC002636-S01-D01-L12-C206C103,,,pass
